account_id,account_holder_name,account_type,home_country,currency,kyc_tier,account_created_date,personal_spend_baseline_usd
FLR-ACC-100000,Amaka Okafor,Individual,NG,NGN,Tier3_Enhanced,2022-08-28,63.23
FLR-ACC-100001,Bluewave Foods Ltd,Business,NG,NGN,Tier1_Basic,2026-04-27,810.68
FLR-ACC-100002,Global Trading LLC,Business,US,USD,Tier2_Verified,2026-03-29,433.67
FLR-ACC-100003,Femi Adeyemi,Individual,NG,NGN,Tier3_Enhanced,2025-09-15,19.18
FLR-ACC-100004,Ngozi Brown,Individual,NG,NGN,Tier3_Enhanced,2024-06-18,28.68
FLR-ACC-100005,Global Technologies Co.,Business,US,USD,Tier2_Verified,2023-06-08,445.6
FLR-ACC-100006,Olu Bello,Individual,US,USD,Tier2_Verified,2026-03-05,91.87
FLR-ACC-100007,North Foods Co.,Business,US,USD,Tier1_Basic,2026-01-30,285.49
FLR-ACC-100008,Greenfield Textiles Ltd,Business,US,USD,Tier1_Basic,2024-08-23,332.68
FLR-ACC-100009,David Johnson,Individual,US,USD,Tier1_Basic,2024-12-20,87.67
FLR-ACC-100010,Funke Okoro,Individual,NG,NGN,Tier2_Verified,2026-08-15,29.07
FLR-ACC-100011,Grace Nwosu,Individual,NG,NGN,Tier2_Verified,2026-02-04,59.12
FLR-ACC-100012,Grace Ibrahim,Individual,NG,NGN,Tier2_Verified,2023-08-05,53.1
FLR-ACC-100013,Ben Ibrahim,Individual,FR,EUR,Tier3_Enhanced,2024-02-11,88.79
FLR-ACC-100014,Kunle Balogun,Individual,GB,GBP,Tier3_Enhanced,2023-06-27,15.67
FLR-ACC-100015,James Chukwu,Individual,NG,NGN,Tier3_Enhanced,2025-01-01,41.82
FLR-ACC-100016,Sunrise Builders Inc,Business,NG,NGN,Tier1_Basic,2026-05-21,1579.69
FLR-ACC-100017,Greenfield Consulting Co.,Business,NG,NGN,Tier3_Enhanced,2023-11-21,102.52
FLR-ACC-100018,Michael Johnson,Individual,US,USD,Tier2_Verified,2023-05-15,44.46
FLR-ACC-100019,Apex Foods Co.,Business,DE,EUR,Tier2_Verified,2025-05-20,337.06
FLR-ACC-100020,Chioma Brown,Individual,US,USD,Tier3_Enhanced,2022-08-04,30.8
FLR-ACC-100021,Aisha Nwosu,Individual,DE,EUR,Tier3_Enhanced,2024-04-21,31.48
FLR-ACC-100022,Blessing Ibrahim,Individual,NG,NGN,Tier2_Verified,2024-07-19,27.72
FLR-ACC-100023,Ngozi Balogun,Individual,NG,NGN,Tier2_Verified,2025-07-17,193.33
FLR-ACC-100024,Ngozi Johnson,Individual,US,USD,Tier3_Enhanced,2024-12-26,57.64
FLR-ACC-100025,Funke Williams,Individual,NG,NGN,Tier2_Verified,2024-09-20,78.59
FLR-ACC-100026,Blessing Brown,Individual,NG,NGN,Tier2_Verified,2025-07-30,34.6
FLR-ACC-100027,Urban Textiles LLC,Business,GB,GBP,Tier2_Verified,2026-05-02,118.9
FLR-ACC-100028,Grace Ibrahim,Individual,NG,NGN,Tier1_Basic,2025-12-03,101.12
FLR-ACC-100029,Grace Adekunle,Individual,NG,NGN,Tier2_Verified,2022-10-23,91.99
FLR-ACC-100030,Ifeoma Adeyemi,Individual,NG,NGN,Tier1_Basic,2026-04-06,28.22
FLR-ACC-100031,Chidi Johnson,Individual,DE,EUR,Tier2_Verified,2025-10-18,23.98
FLR-ACC-100032,Amaka Adeyemi,Individual,NG,NGN,Tier2_Verified,2025-08-28,154.2
FLR-ACC-100033,Ben Johnson,Individual,NG,NGN,Tier1_Basic,2026-05-29,82.04
FLR-ACC-100034,Silverline Builders LLC,Business,US,USD,Tier2_Verified,2025-08-02,393.81
FLR-ACC-100035,Tobi Adekunle,Individual,NG,NGN,Tier2_Verified,2024-05-12,86.7
FLR-ACC-100036,Kunle Obi,Individual,DE,EUR,Tier2_Verified,2024-08-29,182.21
FLR-ACC-100037,Mary Okoro,Individual,NG,NGN,Tier2_Verified,2026-02-09,98.63
FLR-ACC-100038,Bluewave Builders Inc,Business,FR,EUR,Tier3_Enhanced,2025-12-11,1133.57
FLR-ACC-100039,David Hassan,Individual,US,USD,Tier3_Enhanced,2024-10-25,95.16
FLR-ACC-100040,Chidi Balogun,Individual,NG,NGN,Tier3_Enhanced,2024-02-17,50.29
FLR-ACC-100041,Prime Textiles LLC,Business,US,USD,Tier2_Verified,2025-08-23,238.3
FLR-ACC-100042,Laura Chukwu,Individual,GB,GBP,Tier1_Basic,2024-12-21,197.34
FLR-ACC-100043,Silverline Technologies Ltd,Business,NG,NGN,Tier2_Verified,2024-01-23,62.07
FLR-ACC-100044,Tobi Eze,Individual,US,USD,Tier2_Verified,2025-10-23,34.7
FLR-ACC-100045,Prime Foods Inc,Business,GB,GBP,Tier2_Verified,2024-11-25,564.67
FLR-ACC-100046,Tobi Chukwu,Individual,FR,EUR,Tier2_Verified,2025-02-23,34.24
FLR-ACC-100047,Aisha Adeyemi,Individual,NG,NGN,Tier3_Enhanced,2024-04-18,51.03
FLR-ACC-100048,Ngozi Okoro,Individual,US,USD,Tier2_Verified,2023-08-15,54.6
FLR-ACC-100049,North Builders LLC,Business,NG,NGN,Tier3_Enhanced,2023-11-27,532.83
FLR-ACC-100050,Laura Johnson,Individual,GB,GBP,Tier1_Basic,2026-06-08,84.73
FLR-ACC-100051,Aisha Nwosu,Individual,US,USD,Tier3_Enhanced,2025-01-31,143.01
FLR-ACC-100052,Laura Adeyemi,Individual,US,USD,Tier2_Verified,2025-07-15,218.47
FLR-ACC-100053,Ruth Eze,Individual,GB,GBP,Tier2_Verified,2025-07-16,81.92
FLR-ACC-100054,Blessing Brown,Individual,NG,NGN,Tier2_Verified,2025-03-03,63.87
FLR-ACC-100055,Amaka Obi,Individual,NG,NGN,Tier1_Basic,2026-08-29,67.35
FLR-ACC-100056,North Trading Ltd,Business,FR,EUR,Tier2_Verified,2026-02-03,287.02
FLR-ACC-100057,Kunle Chukwu,Individual,GB,GBP,Tier3_Enhanced,2024-05-03,39.99
FLR-ACC-100058,Apex Textiles Ltd,Business,NG,NGN,Tier2_Verified,2025-11-04,484.97
FLR-ACC-100059,Kemi Hassan,Individual,NG,NGN,Tier2_Verified,2024-10-30,90.88
FLR-ACC-100060,Kemi Brown,Individual,NG,NGN,Tier3_Enhanced,2024-08-17,115.73
FLR-ACC-100061,David Brown,Individual,NG,NGN,Tier2_Verified,2023-10-29,36.89
FLR-ACC-100062,Silverline Builders Co.,Business,NG,NGN,Tier3_Enhanced,2025-01-07,685.02
FLR-ACC-100063,Michael Bello,Individual,NG,NGN,Tier2_Verified,2025-09-10,69.65
FLR-ACC-100064,Chioma Adeyemi,Individual,NG,NGN,Tier3_Enhanced,2025-01-05,217.96
FLR-ACC-100065,David Ibrahim,Individual,DE,EUR,Tier2_Verified,2025-11-14,115.49
FLR-ACC-100066,Kemi Nwosu,Individual,US,USD,Tier2_Verified,2023-09-21,119.09
FLR-ACC-100067,Ruth Obi,Individual,US,USD,Tier3_Enhanced,2024-10-03,25.41
FLR-ACC-100068,Greenfield Ventures LLC,Business,US,USD,Tier3_Enhanced,2024-09-17,186.5
FLR-ACC-100069,Tunde Adeyemi,Individual,US,USD,Tier2_Verified,2024-06-26,55.42
FLR-ACC-100070,Bluewave Consulting Ltd,Business,US,USD,Tier3_Enhanced,2025-03-30,757.82
FLR-ACC-100071,Olu Adekunle,Individual,GB,GBP,Tier2_Verified,2025-01-18,20.47
FLR-ACC-100072,Metro Foods Inc,Business,FR,EUR,Tier2_Verified,2025-07-13,631.43
FLR-ACC-100073,Silverline Foods Inc,Business,NG,NGN,Tier2_Verified,2026-01-13,655.3
FLR-ACC-100074,Emeka Fashola,Individual,NG,NGN,Tier1_Basic,2025-08-20,80.27
FLR-ACC-100075,Metro Trading Co.,Business,FR,EUR,Tier3_Enhanced,2025-06-08,1637.62
FLR-ACC-100076,Greenfield Logistics Ltd,Business,NG,NGN,Tier2_Verified,2025-11-13,135.18
FLR-ACC-100077,Greenfield Trading Ltd,Business,NG,NGN,Tier2_Verified,2026-07-08,187.81
FLR-ACC-100078,Kunle Fashola,Individual,FR,EUR,Tier2_Verified,2026-05-18,79.41
FLR-ACC-100079,Tunde Adeyemi,Individual,US,USD,Tier2_Verified,2026-05-12,40.0
FLR-ACC-100080,Michael Adekunle,Individual,NG,NGN,Tier2_Verified,2025-08-16,76.53
FLR-ACC-100081,Metro Media Inc,Business,NG,NGN,Tier1_Basic,2024-09-17,840.09
FLR-ACC-100082,James Smith,Individual,NG,NGN,Tier2_Verified,2024-08-22,15.86
FLR-ACC-100083,Musa Johnson,Individual,NG,NGN,Tier2_Verified,2025-07-26,197.85
FLR-ACC-100084,Urban Technologies LLC,Business,NG,NGN,Tier2_Verified,2025-05-30,1830.96
FLR-ACC-100085,Ruth Taylor,Individual,NG,NGN,Tier2_Verified,2023-09-03,19.61
FLR-ACC-100086,Amaka Ibrahim,Individual,NG,NGN,Tier2_Verified,2024-07-13,37.86
FLR-ACC-100087,Funke Nwosu,Individual,NG,NGN,Tier3_Enhanced,2025-03-21,103.27
FLR-ACC-100088,Kunle Yusuf,Individual,DE,EUR,Tier1_Basic,2026-02-23,41.49
FLR-ACC-100089,John Green,Individual,US,USD,Tier1_Basic,2026-05-24,76.68
FLR-ACC-100090,Grace Balogun,Individual,FR,EUR,Tier2_Verified,2024-01-11,29.87
FLR-ACC-100091,North Trading Inc,Business,US,USD,Tier1_Basic,2024-11-13,1342.76
FLR-ACC-100092,Aisha Fashola,Individual,GB,GBP,Tier2_Verified,2023-09-29,22.38
FLR-ACC-100093,Sarah Green,Individual,GB,GBP,Tier2_Verified,2025-06-05,49.56
FLR-ACC-100094,Chioma Nwosu,Individual,NG,NGN,Tier2_Verified,2024-07-04,64.33
FLR-ACC-100095,Metro Technologies Ltd,Business,US,USD,Tier3_Enhanced,2025-07-30,138.44
FLR-ACC-100096,Laura Hassan,Individual,GB,GBP,Tier3_Enhanced,2025-08-17,65.45
FLR-ACC-100097,James Bello,Individual,GB,GBP,Tier3_Enhanced,2025-04-20,64.55
FLR-ACC-100098,Ben Nwosu,Individual,NG,NGN,Tier2_Verified,2026-01-18,88.09
FLR-ACC-100099,Grace Ibrahim,Individual,NG,NGN,Tier1_Basic,2025-02-15,19.63
FLR-ACC-100100,Bluewave Media Co.,Business,NG,NGN,Tier3_Enhanced,2024-10-14,1402.35
FLR-ACC-100101,Grace Nwosu,Individual,GB,GBP,Tier1_Basic,2025-05-31,30.75
FLR-ACC-100102,James Adeyemi,Individual,FR,EUR,Tier3_Enhanced,2024-05-07,31.88
FLR-ACC-100103,Aisha Williams,Individual,FR,EUR,Tier2_Verified,2024-11-22,38.18
FLR-ACC-100104,Sunrise Textiles Co.,Business,GB,GBP,Tier1_Basic,2025-01-04,768.46
FLR-ACC-100105,Yetunde Adekunle,Individual,GB,GBP,Tier1_Basic,2025-05-06,45.13
FLR-ACC-100106,John Obi,Individual,DE,EUR,Tier2_Verified,2024-01-16,46.17
FLR-ACC-100107,Metro Textiles Ltd,Business,NG,NGN,Tier1_Basic,2026-05-29,682.83
FLR-ACC-100108,Ifeoma Okafor,Individual,US,USD,Tier2_Verified,2024-07-18,46.37
FLR-ACC-100109,Kunle Okoro,Individual,US,USD,Tier3_Enhanced,2024-06-07,36.69
FLR-ACC-100110,Urban Technologies Ltd,Business,NG,NGN,Tier2_Verified,2026-02-22,249.8
FLR-ACC-100111,Metro Retail LLC,Business,NG,NGN,Tier2_Verified,2024-09-12,338.44
FLR-ACC-100112,James Okafor,Individual,FR,EUR,Tier2_Verified,2024-12-07,61.54
FLR-ACC-100113,Bluewave Retail Ltd,Business,GB,GBP,Tier3_Enhanced,2025-03-21,1226.91
FLR-ACC-100114,Kemi Adeyemi,Individual,NG,NGN,Tier1_Basic,2024-10-03,57.6
FLR-ACC-100115,Metro Trading LLC,Business,NG,NGN,Tier2_Verified,2026-02-09,1093.93
FLR-ACC-100116,Sunrise Media Inc,Business,FR,EUR,Tier3_Enhanced,2025-07-11,859.13
FLR-ACC-100117,Femi Adekunle,Individual,NG,NGN,Tier2_Verified,2025-08-22,152.67
FLR-ACC-100118,Chioma Adeyemi,Individual,GB,GBP,Tier3_Enhanced,2023-10-13,65.08
FLR-ACC-100119,Urban Retail Inc,Business,NG,NGN,Tier1_Basic,2026-05-08,333.78
FLR-ACC-100120,Musa Okoro,Individual,NG,NGN,Tier2_Verified,2024-09-17,12.83
FLR-ACC-100121,Femi Okoro,Individual,NG,NGN,Tier2_Verified,2024-04-23,47.56
FLR-ACC-100122,Metro Trading Co.,Business,NG,NGN,Tier2_Verified,2026-02-10,658.33
FLR-ACC-100123,David Okafor,Individual,GB,GBP,Tier2_Verified,2024-03-13,85.24
FLR-ACC-100124,Bluewave Foods LLC,Business,NG,NGN,Tier3_Enhanced,2024-04-13,120.34
FLR-ACC-100125,Ben Nwosu,Individual,NG,NGN,Tier2_Verified,2025-12-04,32.2
FLR-ACC-100126,Ifeoma Obi,Individual,FR,EUR,Tier3_Enhanced,2026-02-10,30.17
FLR-ACC-100127,Ngozi Balogun,Individual,US,USD,Tier2_Verified,2025-12-02,38.97
FLR-ACC-100128,Chioma Williams,Individual,FR,EUR,Tier2_Verified,2024-01-29,93.76
FLR-ACC-100129,Chioma Nwosu,Individual,NG,NGN,Tier2_Verified,2026-02-21,81.12
FLR-ACC-100130,Global Consulting Inc,Business,NG,NGN,Tier2_Verified,2025-05-25,1233.9
FLR-ACC-100131,Ngozi Obi,Individual,GB,GBP,Tier2_Verified,2025-07-02,19.54
FLR-ACC-100132,James Nwosu,Individual,NG,NGN,Tier1_Basic,2025-08-04,17.8
FLR-ACC-100133,Ifeoma Smith,Individual,DE,EUR,Tier1_Basic,2024-11-06,53.64
FLR-ACC-100134,Global Consulting LLC,Business,NG,NGN,Tier2_Verified,2025-11-10,242.32
FLR-ACC-100135,Amaka Hassan,Individual,NG,NGN,Tier2_Verified,2025-09-20,54.09
FLR-ACC-100136,Urban Consulting LLC,Business,NG,NGN,Tier3_Enhanced,2024-08-04,447.03
FLR-ACC-100137,Daniel Fashola,Individual,US,USD,Tier2_Verified,2025-05-24,95.41
FLR-ACC-100138,Chuka Eze,Individual,US,USD,Tier2_Verified,2025-10-28,115.85
FLR-ACC-100139,Global Logistics Co.,Business,NG,NGN,Tier3_Enhanced,2025-01-09,280.42
FLR-ACC-100140,Metro Foods Ltd,Business,US,USD,Tier2_Verified,2022-12-21,603.82
FLR-ACC-100141,Ruth Brown,Individual,NG,NGN,Tier2_Verified,2022-08-17,78.46
FLR-ACC-100142,John Obi,Individual,FR,EUR,Tier1_Basic,2025-05-30,146.88
FLR-ACC-100143,Global Media Co.,Business,NG,NGN,Tier3_Enhanced,2023-10-11,584.16
FLR-ACC-100144,James Adekunle,Individual,US,USD,Tier2_Verified,2026-03-11,17.19
FLR-ACC-100145,Sunrise Trading Ltd,Business,DE,EUR,Tier1_Basic,2026-07-15,612.45
FLR-ACC-100146,Chidi Okafor,Individual,NG,NGN,Tier2_Verified,2023-09-04,43.8
FLR-ACC-100147,Olu Chukwu,Individual,NG,NGN,Tier2_Verified,2025-06-18,20.7
FLR-ACC-100148,Laura Brown,Individual,NG,NGN,Tier3_Enhanced,2022-11-10,111.95
FLR-ACC-100149,Apex Media Ltd,Business,FR,EUR,Tier1_Basic,2026-01-07,271.9
FLR-ACC-100150,Chidi Johnson,Individual,NG,NGN,Tier2_Verified,2025-12-18,56.48
FLR-ACC-100151,Metro Builders Inc,Business,GB,GBP,Tier1_Basic,2023-12-03,279.09
FLR-ACC-100152,North Ventures LLC,Business,GB,GBP,Tier3_Enhanced,2025-10-31,472.56
FLR-ACC-100153,Silverline Foods Inc,Business,NG,NGN,Tier3_Enhanced,2024-08-08,595.09
FLR-ACC-100154,James Ibrahim,Individual,NG,NGN,Tier1_Basic,2025-04-22,76.58
FLR-ACC-100155,Sunrise Builders Co.,Business,US,USD,Tier3_Enhanced,2025-07-22,2482.62
FLR-ACC-100156,Funke Johnson,Individual,NG,NGN,Tier2_Verified,2025-10-29,202.15
FLR-ACC-100157,Chidi Adeyemi,Individual,NG,NGN,Tier1_Basic,2026-04-13,37.62
FLR-ACC-100158,Musa Green,Individual,NG,NGN,Tier2_Verified,2023-12-14,108.2
FLR-ACC-100159,Ben Okafor,Individual,DE,EUR,Tier2_Verified,2025-11-01,141.7
FLR-ACC-100160,Chuka Obi,Individual,US,USD,Tier3_Enhanced,2024-03-07,102.06
FLR-ACC-100161,Sunrise Foods Co.,Business,NG,NGN,Tier1_Basic,2025-10-31,725.75
FLR-ACC-100162,Urban Foods Inc,Business,DE,EUR,Tier1_Basic,2025-06-18,510.51
FLR-ACC-100163,Ngozi Okafor,Individual,GB,GBP,Tier3_Enhanced,2025-09-21,45.54
FLR-ACC-100164,Ruth Smith,Individual,NG,NGN,Tier3_Enhanced,2024-08-02,32.94
FLR-ACC-100165,James Williams,Individual,NG,NGN,Tier2_Verified,2026-03-15,34.65
FLR-ACC-100166,Peter Balogun,Individual,NG,NGN,Tier2_Verified,2024-02-22,83.81
FLR-ACC-100167,Ruth Hassan,Individual,US,USD,Tier2_Verified,2026-01-15,38.77
FLR-ACC-100168,Kemi Williams,Individual,NG,NGN,Tier2_Verified,2025-12-22,108.5
FLR-ACC-100169,Silverline Trading Inc,Business,NG,NGN,Tier2_Verified,2025-04-16,206.88
FLR-ACC-100170,Musa Obi,Individual,NG,NGN,Tier3_Enhanced,2024-12-09,109.22
FLR-ACC-100171,Blessing Adekunle,Individual,NG,NGN,Tier3_Enhanced,2024-09-07,30.91
FLR-ACC-100172,John Eze,Individual,GB,GBP,Tier3_Enhanced,2024-04-12,28.22
FLR-ACC-100173,Tobi Brown,Individual,NG,NGN,Tier2_Verified,2024-01-02,40.29
FLR-ACC-100174,Blessing Yusuf,Individual,GB,GBP,Tier2_Verified,2024-12-08,183.19
FLR-ACC-100175,Kunle Green,Individual,US,USD,Tier3_Enhanced,2024-09-26,120.09
FLR-ACC-100176,Global Builders Ltd,Business,FR,EUR,Tier1_Basic,2026-04-27,137.9
FLR-ACC-100177,Metro Technologies Inc,Business,NG,NGN,Tier2_Verified,2026-01-17,1626.38
FLR-ACC-100178,Greenfield Media Inc,Business,GB,GBP,Tier2_Verified,2025-11-01,359.08
FLR-ACC-100179,Funke Okafor,Individual,NG,NGN,Tier3_Enhanced,2025-07-07,16.34
FLR-ACC-100180,Bluewave Builders LLC,Business,US,USD,Tier2_Verified,2023-08-16,2276.55
FLR-ACC-100181,Metro Textiles Co.,Business,GB,GBP,Tier3_Enhanced,2025-06-01,359.9
FLR-ACC-100182,Sunrise Consulting LLC,Business,NG,NGN,Tier2_Verified,2026-02-20,224.61
FLR-ACC-100183,Chioma Yusuf,Individual,NG,NGN,Tier1_Basic,2025-06-14,114.58
FLR-ACC-100184,Prime Foods Ltd,Business,NG,NGN,Tier3_Enhanced,2021-12-26,1276.72
FLR-ACC-100185,Yetunde Nwosu,Individual,NG,NGN,Tier2_Verified,2026-01-22,19.79
FLR-ACC-100186,Ifeoma Eze,Individual,US,USD,Tier2_Verified,2026-01-08,97.24
FLR-ACC-100187,Chidi Ibrahim,Individual,NG,NGN,Tier2_Verified,2024-04-18,29.27
FLR-ACC-100188,Ngozi Adeyemi,Individual,US,USD,Tier1_Basic,2026-04-03,23.13
FLR-ACC-100189,Kunle Ibrahim,Individual,NG,NGN,Tier3_Enhanced,2024-02-14,48.32
FLR-ACC-100190,Blessing Yusuf,Individual,NG,NGN,Tier3_Enhanced,2023-01-31,59.54
FLR-ACC-100191,Peter Obi,Individual,NG,NGN,Tier3_Enhanced,2024-10-19,39.05
FLR-ACC-100192,Mary Johnson,Individual,FR,EUR,Tier3_Enhanced,2024-01-02,27.02
FLR-ACC-100193,Ngozi Nwosu,Individual,DE,EUR,Tier1_Basic,2026-07-31,52.57
FLR-ACC-100194,Kunle Fashola,Individual,NG,NGN,Tier2_Verified,2025-03-27,135.28
FLR-ACC-100195,Prime Foods Ltd,Business,NG,NGN,Tier1_Basic,2026-07-04,332.42
FLR-ACC-100196,John Bello,Individual,US,USD,Tier3_Enhanced,2024-09-17,132.13
FLR-ACC-100197,Chioma Taylor,Individual,NG,NGN,Tier2_Verified,2025-04-17,37.7
FLR-ACC-100198,Apex Logistics LLC,Business,NG,NGN,Tier2_Verified,2023-03-19,536.74
FLR-ACC-100199,Laura Hassan,Individual,US,USD,Tier3_Enhanced,2023-01-05,62.44
FLR-ACC-100200,Urban Foods Inc,Business,US,USD,Tier3_Enhanced,2022-06-29,203.51
FLR-ACC-100201,Peter Ibrahim,Individual,NG,NGN,Tier3_Enhanced,2022-12-16,174.55
FLR-ACC-100202,Chuka Williams,Individual,NG,NGN,Tier1_Basic,2024-08-01,76.44
FLR-ACC-100203,James Smith,Individual,US,USD,Tier2_Verified,2024-07-26,65.36
FLR-ACC-100204,Sarah Brown,Individual,DE,EUR,Tier3_Enhanced,2025-06-11,59.89
FLR-ACC-100205,David Nwosu,Individual,NG,NGN,Tier1_Basic,2025-03-26,67.7
FLR-ACC-100206,Bluewave Consulting Inc,Business,NG,NGN,Tier2_Verified,2022-06-28,929.74
FLR-ACC-100207,Metro Ventures Co.,Business,NG,NGN,Tier2_Verified,2022-06-03,1479.41
FLR-ACC-100208,Prime Consulting Co.,Business,US,USD,Tier3_Enhanced,2025-11-04,590.58
FLR-ACC-100209,Tobi Johnson,Individual,NG,NGN,Tier3_Enhanced,2022-12-13,69.13
FLR-ACC-100210,Kemi Taylor,Individual,DE,EUR,Tier2_Verified,2025-12-19,45.67
FLR-ACC-100211,Kunle Obi,Individual,GB,GBP,Tier2_Verified,2022-01-24,27.06
FLR-ACC-100212,Chioma Okoro,Individual,US,USD,Tier3_Enhanced,2023-12-02,80.83
FLR-ACC-100213,David Smith,Individual,NG,NGN,Tier3_Enhanced,2023-01-22,21.35
FLR-ACC-100214,North Technologies Ltd,Business,NG,NGN,Tier3_Enhanced,2023-12-08,1066.63
FLR-ACC-100215,Sarah Brown,Individual,DE,EUR,Tier2_Verified,2024-10-22,60.14
FLR-ACC-100216,North Logistics LLC,Business,NG,NGN,Tier1_Basic,2024-04-10,187.08
FLR-ACC-100217,Metro Ventures Ltd,Business,NG,NGN,Tier2_Verified,2025-04-02,525.96
FLR-ACC-100218,Emeka Yusuf,Individual,GB,GBP,Tier1_Basic,2025-12-12,20.48
FLR-ACC-100219,Silverline Trading Ltd,Business,NG,NGN,Tier3_Enhanced,2024-11-19,231.7
FLR-ACC-100220,Urban Logistics Ltd,Business,GB,GBP,Tier3_Enhanced,2023-12-24,83.25
FLR-ACC-100221,Grace Balogun,Individual,NG,NGN,Tier3_Enhanced,2024-08-06,165.25
FLR-ACC-100222,Ifeoma Yusuf,Individual,DE,EUR,Tier2_Verified,2024-03-01,45.0
FLR-ACC-100223,Laura Adekunle,Individual,NG,NGN,Tier2_Verified,2024-07-28,23.18
FLR-ACC-100224,Laura Taylor,Individual,NG,NGN,Tier3_Enhanced,2025-08-19,77.74
FLR-ACC-100225,Laura Adekunle,Individual,NG,NGN,Tier2_Verified,2026-02-08,30.12
FLR-ACC-100226,Metro Media Ltd,Business,NG,NGN,Tier2_Verified,2025-06-18,235.65
FLR-ACC-100227,Funke Taylor,Individual,NG,NGN,Tier1_Basic,2026-04-04,59.86
FLR-ACC-100228,Metro Media Co.,Business,NG,NGN,Tier2_Verified,2025-01-23,1108.2
FLR-ACC-100229,Prime Trading Co.,Business,GB,GBP,Tier3_Enhanced,2024-10-09,1041.68
FLR-ACC-100230,Chuka Adekunle,Individual,FR,EUR,Tier1_Basic,2023-08-16,63.43
FLR-ACC-100231,North Builders Ltd,Business,NG,NGN,Tier2_Verified,2025-01-12,258.07
FLR-ACC-100232,Silverline Consulting Ltd,Business,GB,GBP,Tier2_Verified,2025-08-07,304.88
FLR-ACC-100233,Global Media Co.,Business,US,USD,Tier2_Verified,2024-08-11,282.31
FLR-ACC-100234,Aisha Brown,Individual,NG,NGN,Tier1_Basic,2024-05-21,63.16
FLR-ACC-100235,Chuka Taylor,Individual,NG,NGN,Tier3_Enhanced,2024-12-24,40.04
FLR-ACC-100236,Aisha Johnson,Individual,US,USD,Tier2_Verified,2025-09-04,27.25
FLR-ACC-100237,Kemi Johnson,Individual,NG,NGN,Tier3_Enhanced,2023-08-04,83.04
FLR-ACC-100238,Funke Okoro,Individual,GB,GBP,Tier1_Basic,2024-03-26,34.13
FLR-ACC-100239,Prime Foods LLC,Business,DE,EUR,Tier3_Enhanced,2025-03-08,135.31
FLR-ACC-100240,Tobi Chukwu,Individual,FR,EUR,Tier2_Verified,2026-03-21,130.58
FLR-ACC-100241,Amaka Eze,Individual,NG,NGN,Tier3_Enhanced,2023-12-20,111.74
FLR-ACC-100242,Chuka Eze,Individual,US,USD,Tier1_Basic,2026-08-08,17.96
FLR-ACC-100243,Peter Balogun,Individual,GB,GBP,Tier2_Verified,2025-01-13,47.06
FLR-ACC-100244,John Brown,Individual,US,USD,Tier2_Verified,2023-12-22,29.49
FLR-ACC-100245,Ruth Eze,Individual,NG,NGN,Tier1_Basic,2024-05-26,121.08
FLR-ACC-100246,David Okafor,Individual,NG,NGN,Tier2_Verified,2024-02-29,45.75
FLR-ACC-100247,Sunrise Logistics Co.,Business,NG,NGN,Tier3_Enhanced,2024-08-27,665.72
FLR-ACC-100248,Apex Ventures Ltd,Business,GB,GBP,Tier2_Verified,2024-06-20,143.09
FLR-ACC-100249,Ifeoma Johnson,Individual,GB,GBP,Tier2_Verified,2023-04-15,70.14
FLR-ACC-100250,Kunle Taylor,Individual,NG,NGN,Tier2_Verified,2025-09-06,341.53
FLR-ACC-100251,Sarah Obi,Individual,NG,NGN,Tier2_Verified,2025-05-05,156.69
FLR-ACC-100252,Chidi Ibrahim,Individual,FR,EUR,Tier3_Enhanced,2023-10-03,131.41
FLR-ACC-100253,Femi Adekunle,Individual,FR,EUR,Tier3_Enhanced,2023-06-23,158.37
FLR-ACC-100254,Laura Johnson,Individual,GB,GBP,Tier2_Verified,2025-01-18,46.32
FLR-ACC-100255,David Yusuf,Individual,NG,NGN,Tier3_Enhanced,2025-08-24,82.36
FLR-ACC-100256,Chidi Eze,Individual,US,USD,Tier3_Enhanced,2025-02-20,68.08
FLR-ACC-100257,Bluewave Builders Inc,Business,NG,NGN,Tier3_Enhanced,2024-07-13,323.87
FLR-ACC-100258,Michael Okoro,Individual,GB,GBP,Tier3_Enhanced,2025-01-25,55.08
FLR-ACC-100259,Kemi Obi,Individual,NG,NGN,Tier3_Enhanced,2025-05-04,165.82
FLR-ACC-100260,Femi Obi,Individual,NG,NGN,Tier2_Verified,2025-09-20,116.35
FLR-ACC-100261,Global Consulting LLC,Business,US,USD,Tier3_Enhanced,2024-05-29,412.74
FLR-ACC-100262,Ben Ibrahim,Individual,NG,NGN,Tier2_Verified,2024-12-09,111.19
FLR-ACC-100263,Tobi Okafor,Individual,NG,NGN,Tier2_Verified,2026-03-16,268.01
FLR-ACC-100264,Peter Ibrahim,Individual,NG,NGN,Tier2_Verified,2024-08-18,35.96
FLR-ACC-100265,Ngozi Nwosu,Individual,DE,EUR,Tier1_Basic,2025-06-10,48.37
FLR-ACC-100266,Global Consulting Ltd,Business,NG,NGN,Tier1_Basic,2024-02-28,283.41
FLR-ACC-100267,Ruth Adeyemi,Individual,NG,NGN,Tier3_Enhanced,2023-04-03,195.31
FLR-ACC-100268,Funke Eze,Individual,NG,NGN,Tier3_Enhanced,2025-02-09,38.13
FLR-ACC-100269,Apex Technologies Inc,Business,US,USD,Tier2_Verified,2025-06-03,370.14
FLR-ACC-100270,Tunde Green,Individual,GB,GBP,Tier3_Enhanced,2025-02-06,21.78
FLR-ACC-100271,Grace Eze,Individual,NG,NGN,Tier3_Enhanced,2023-08-14,46.52
FLR-ACC-100272,Tobi Adeyemi,Individual,NG,NGN,Tier2_Verified,2026-03-03,75.24
FLR-ACC-100273,North Media Co.,Business,NG,NGN,Tier1_Basic,2024-11-10,251.01
FLR-ACC-100274,Kunle Williams,Individual,NG,NGN,Tier2_Verified,2023-05-21,32.31
FLR-ACC-100275,Apex Trading LLC,Business,NG,NGN,Tier2_Verified,2023-10-23,238.38
FLR-ACC-100276,Tunde Fashola,Individual,DE,EUR,Tier2_Verified,2022-09-30,149.22
FLR-ACC-100277,Silverline Textiles LLC,Business,NG,NGN,Tier3_Enhanced,2024-06-22,1733.41
FLR-ACC-100278,Urban Builders Ltd,Business,NG,NGN,Tier3_Enhanced,2024-02-29,7308.95
FLR-ACC-100279,Apex Textiles Co.,Business,GB,GBP,Tier1_Basic,2026-07-02,139.05
FLR-ACC-100280,Metro Foods Co.,Business,NG,NGN,Tier3_Enhanced,2024-03-05,890.0
FLR-ACC-100281,Funke Taylor,Individual,US,USD,Tier1_Basic,2024-02-28,19.0
FLR-ACC-100282,Tunde Williams,Individual,US,USD,Tier2_Verified,2025-03-11,41.24
FLR-ACC-100283,Kemi Adeyemi,Individual,NG,NGN,Tier1_Basic,2026-03-28,35.91
FLR-ACC-100284,Silverline Ventures Co.,Business,US,USD,Tier3_Enhanced,2024-07-16,332.67
FLR-ACC-100285,Femi Eze,Individual,NG,NGN,Tier3_Enhanced,2025-01-07,16.36
FLR-ACC-100286,Olu Bello,Individual,DE,EUR,Tier2_Verified,2025-10-20,196.36
FLR-ACC-100287,Michael Taylor,Individual,GB,GBP,Tier2_Verified,2025-04-04,80.98
FLR-ACC-100288,Apex Trading Inc,Business,NG,NGN,Tier2_Verified,2025-03-29,444.91
FLR-ACC-100289,Prime Consulting LLC,Business,GB,GBP,Tier3_Enhanced,2024-07-27,385.55
FLR-ACC-100290,David Adeyemi,Individual,DE,EUR,Tier2_Verified,2025-10-31,38.39
FLR-ACC-100291,David Hassan,Individual,NG,NGN,Tier3_Enhanced,2024-06-10,164.12
FLR-ACC-100292,Apex Consulting Co.,Business,GB,GBP,Tier2_Verified,2023-10-16,614.08
FLR-ACC-100293,Blessing Green,Individual,NG,NGN,Tier3_Enhanced,2024-02-24,39.21
FLR-ACC-100294,North Ventures Co.,Business,DE,EUR,Tier3_Enhanced,2026-01-05,1483.31
FLR-ACC-100295,Silverline Technologies LLC,Business,GB,GBP,Tier3_Enhanced,2024-07-02,1264.36
FLR-ACC-100296,Apex Ventures LLC,Business,DE,EUR,Tier3_Enhanced,2023-10-20,1354.97
FLR-ACC-100297,Global Ventures LLC,Business,NG,NGN,Tier3_Enhanced,2024-06-30,367.95
FLR-ACC-100298,North Trading Co.,Business,NG,NGN,Tier2_Verified,2025-07-05,589.85
FLR-ACC-100299,Peter Obi,Individual,GB,GBP,Tier2_Verified,2025-12-17,53.32
FLR-ACC-100300,Peter Adekunle,Individual,US,USD,Tier3_Enhanced,2026-03-24,206.04
FLR-ACC-100301,Chidi Eze,Individual,NG,NGN,Tier2_Verified,2025-04-04,170.54
FLR-ACC-100302,Greenfield Foods Inc,Business,NG,NGN,Tier3_Enhanced,2026-02-01,2328.58
FLR-ACC-100303,Metro Ventures LLC,Business,NG,NGN,Tier1_Basic,2025-09-02,731.66
FLR-ACC-100304,Metro Logistics Ltd,Business,NG,NGN,Tier2_Verified,2025-04-28,678.41
FLR-ACC-100305,Ngozi Nwosu,Individual,NG,NGN,Tier2_Verified,2024-12-02,97.9
FLR-ACC-100306,Chioma Williams,Individual,NG,NGN,Tier2_Verified,2026-04-06,20.24
FLR-ACC-100307,Kemi Williams,Individual,NG,NGN,Tier1_Basic,2023-12-25,115.66
FLR-ACC-100308,Femi Okafor,Individual,NG,NGN,Tier3_Enhanced,2025-10-19,47.92
FLR-ACC-100309,Bluewave Consulting Ltd,Business,US,USD,Tier2_Verified,2025-09-20,684.04
FLR-ACC-100310,Sarah Ibrahim,Individual,NG,NGN,Tier3_Enhanced,2024-02-03,39.0
FLR-ACC-100311,Grace Obi,Individual,US,USD,Tier2_Verified,2025-05-20,72.59
FLR-ACC-100312,Peter Okoro,Individual,FR,EUR,Tier1_Basic,2026-07-06,173.69
FLR-ACC-100313,North Technologies Ltd,Business,US,USD,Tier2_Verified,2026-06-07,721.02
FLR-ACC-100314,Musa Obi,Individual,GB,GBP,Tier2_Verified,2024-08-22,21.86
FLR-ACC-100315,Apex Logistics LLC,Business,FR,EUR,Tier2_Verified,2024-07-23,336.28
FLR-ACC-100316,Prime Logistics LLC,Business,DE,EUR,Tier3_Enhanced,2023-08-21,596.47
FLR-ACC-100317,Mary Johnson,Individual,NG,NGN,Tier2_Verified,2024-11-15,82.14
FLR-ACC-100318,Kemi Obi,Individual,NG,NGN,Tier3_Enhanced,2023-11-16,50.39
FLR-ACC-100319,Metro Media Inc,Business,DE,EUR,Tier3_Enhanced,2023-09-11,316.08
FLR-ACC-100320,Urban Foods LLC,Business,NG,NGN,Tier3_Enhanced,2024-12-17,878.46
FLR-ACC-100321,Femi Eze,Individual,NG,NGN,Tier2_Verified,2024-10-04,55.48
FLR-ACC-100322,Metro Foods Inc,Business,NG,NGN,Tier2_Verified,2025-04-28,417.62
FLR-ACC-100323,Silverline Technologies Ltd,Business,NG,NGN,Tier2_Verified,2025-05-29,756.39
FLR-ACC-100324,Metro Textiles Ltd,Business,GB,GBP,Tier2_Verified,2024-09-14,497.44
FLR-ACC-100325,Chidi Okafor,Individual,NG,NGN,Tier2_Verified,2025-04-02,38.51
FLR-ACC-100326,Tobi Taylor,Individual,DE,EUR,Tier3_Enhanced,2025-07-11,25.97
FLR-ACC-100327,Urban Consulting Ltd,Business,US,USD,Tier3_Enhanced,2025-02-15,962.99
FLR-ACC-100328,Yetunde Fashola,Individual,NG,NGN,Tier2_Verified,2025-03-11,31.87
FLR-ACC-100329,Grace Adekunle,Individual,GB,GBP,Tier3_Enhanced,2024-09-03,108.36
FLR-ACC-100330,Funke Bello,Individual,NG,NGN,Tier2_Verified,2024-05-14,31.25
FLR-ACC-100331,John Adeyemi,Individual,DE,EUR,Tier2_Verified,2025-11-02,77.89
FLR-ACC-100332,Apex Textiles Ltd,Business,GB,GBP,Tier3_Enhanced,2025-01-02,448.41
FLR-ACC-100333,Amaka Chukwu,Individual,FR,EUR,Tier1_Basic,2025-03-27,28.19
FLR-ACC-100334,Metro Media LLC,Business,NG,NGN,Tier3_Enhanced,2025-12-14,99.15
FLR-ACC-100335,John Ibrahim,Individual,NG,NGN,Tier2_Verified,2025-12-17,81.56
FLR-ACC-100336,Metro Foods Inc,Business,NG,NGN,Tier3_Enhanced,2023-07-28,262.68
FLR-ACC-100337,Tunde Hassan,Individual,NG,NGN,Tier2_Verified,2025-06-06,88.91
FLR-ACC-100338,Grace Green,Individual,US,USD,Tier2_Verified,2026-06-17,110.29
FLR-ACC-100339,Chuka Taylor,Individual,NG,NGN,Tier3_Enhanced,2025-03-14,144.69
FLR-ACC-100340,Amaka Okafor,Individual,NG,NGN,Tier2_Verified,2026-03-28,47.84
FLR-ACC-100341,Laura Okafor,Individual,NG,NGN,Tier1_Basic,2026-08-22,77.72
FLR-ACC-100342,Sunrise Foods Co.,Business,US,USD,Tier2_Verified,2023-05-17,183.24
FLR-ACC-100343,Olu Nwosu,Individual,US,USD,Tier2_Verified,2024-07-18,89.02
FLR-ACC-100344,Chuka Yusuf,Individual,US,USD,Tier1_Basic,2025-05-01,84.34
FLR-ACC-100345,Greenfield Technologies Co.,Business,US,USD,Tier2_Verified,2026-05-16,828.13
FLR-ACC-100346,Apex Consulting LLC,Business,DE,EUR,Tier2_Verified,2023-11-01,249.1
FLR-ACC-100347,Urban Consulting LLC,Business,GB,GBP,Tier1_Basic,2026-05-21,914.43
FLR-ACC-100348,Tobi Adeyemi,Individual,DE,EUR,Tier2_Verified,2024-02-18,22.79
FLR-ACC-100349,David Nwosu,Individual,NG,NGN,Tier1_Basic,2026-01-03,93.54
FLR-ACC-100350,Ruth Balogun,Individual,GB,GBP,Tier3_Enhanced,2024-12-17,84.86
FLR-ACC-100351,Ben Johnson,Individual,NG,NGN,Tier2_Verified,2024-08-19,137.54
FLR-ACC-100352,Sarah Yusuf,Individual,GB,GBP,Tier3_Enhanced,2022-09-14,34.29
FLR-ACC-100353,Peter Chukwu,Individual,NG,NGN,Tier3_Enhanced,2024-12-31,156.98
FLR-ACC-100354,Funke Yusuf,Individual,US,USD,Tier3_Enhanced,2024-06-26,18.05
FLR-ACC-100355,Tunde Nwosu,Individual,NG,NGN,Tier2_Verified,2025-07-17,113.2
FLR-ACC-100356,Global Logistics LLC,Business,NG,NGN,Tier1_Basic,2026-07-16,958.7
FLR-ACC-100357,Ngozi Balogun,Individual,GB,GBP,Tier3_Enhanced,2024-11-01,66.59
FLR-ACC-100358,Funke Eze,Individual,NG,NGN,Tier3_Enhanced,2025-02-06,182.4
FLR-ACC-100359,Metro Builders LLC,Business,NG,NGN,Tier2_Verified,2024-11-11,804.03
FLR-ACC-100360,Laura Eze,Individual,NG,NGN,Tier1_Basic,2025-07-23,13.66
FLR-ACC-100361,Femi Adeyemi,Individual,GB,GBP,Tier3_Enhanced,2025-01-02,102.3
FLR-ACC-100362,Kemi Fashola,Individual,FR,EUR,Tier2_Verified,2023-06-11,104.8
FLR-ACC-100363,Ben Taylor,Individual,US,USD,Tier3_Enhanced,2025-04-25,67.71
FLR-ACC-100364,Ifeoma Okoro,Individual,DE,EUR,Tier1_Basic,2026-04-06,59.41
FLR-ACC-100365,Olu Yusuf,Individual,DE,EUR,Tier2_Verified,2025-10-05,40.22
FLR-ACC-100366,Blessing Hassan,Individual,DE,EUR,Tier3_Enhanced,2025-10-20,97.02
FLR-ACC-100367,Silverline Consulting Co.,Business,FR,EUR,Tier3_Enhanced,2022-10-23,587.46
FLR-ACC-100368,Urban Consulting Co.,Business,US,USD,Tier2_Verified,2025-05-22,236.04
FLR-ACC-100369,Tobi Balogun,Individual,NG,NGN,Tier2_Verified,2025-11-21,73.22
FLR-ACC-100370,Laura Bello,Individual,NG,NGN,Tier3_Enhanced,2023-05-16,65.0
FLR-ACC-100371,Tunde Eze,Individual,GB,GBP,Tier3_Enhanced,2023-11-16,22.98
FLR-ACC-100372,North Textiles Inc,Business,US,USD,Tier2_Verified,2022-11-13,374.29
FLR-ACC-100373,Greenfield Consulting Inc,Business,NG,NGN,Tier2_Verified,2024-09-24,300.39
FLR-ACC-100374,Blessing Williams,Individual,US,USD,Tier3_Enhanced,2024-12-18,44.05
FLR-ACC-100375,Prime Builders Ltd,Business,GB,GBP,Tier3_Enhanced,2023-10-04,656.67
FLR-ACC-100376,James Balogun,Individual,NG,NGN,Tier2_Verified,2026-04-16,12.8
FLR-ACC-100377,Kemi Okoro,Individual,US,USD,Tier2_Verified,2023-02-10,148.05
FLR-ACC-100378,James Johnson,Individual,NG,NGN,Tier3_Enhanced,2023-08-30,55.49
FLR-ACC-100379,Greenfield Logistics Inc,Business,NG,NGN,Tier3_Enhanced,2023-11-27,580.0
FLR-ACC-100380,Aisha Yusuf,Individual,GB,GBP,Tier3_Enhanced,2025-04-14,19.79
FLR-ACC-100381,John Okoro,Individual,GB,GBP,Tier2_Verified,2023-10-06,50.56
FLR-ACC-100382,Emeka Johnson,Individual,US,USD,Tier2_Verified,2023-05-17,35.78
FLR-ACC-100383,Musa Okoro,Individual,NG,NGN,Tier3_Enhanced,2025-05-15,106.16
FLR-ACC-100384,David Hassan,Individual,US,USD,Tier2_Verified,2025-05-25,81.6
FLR-ACC-100385,John Nwosu,Individual,GB,GBP,Tier2_Verified,2026-04-07,45.03
FLR-ACC-100386,Apex Textiles LLC,Business,DE,EUR,Tier2_Verified,2025-05-07,235.01
FLR-ACC-100387,Greenfield Builders Inc,Business,NG,NGN,Tier3_Enhanced,2025-01-04,657.39
FLR-ACC-100388,Bluewave Logistics Inc,Business,NG,NGN,Tier3_Enhanced,2025-01-02,312.76
FLR-ACC-100389,Apex Logistics Co.,Business,NG,NGN,Tier3_Enhanced,2025-07-01,217.71
FLR-ACC-100390,Apex Trading LLC,Business,NG,NGN,Tier2_Verified,2024-11-18,1513.76
FLR-ACC-100391,North Retail LLC,Business,NG,NGN,Tier3_Enhanced,2026-03-11,596.84
FLR-ACC-100392,Silverline Technologies LLC,Business,NG,NGN,Tier1_Basic,2026-01-21,1532.17
FLR-ACC-100393,North Retail LLC,Business,US,USD,Tier1_Basic,2025-10-26,625.15
FLR-ACC-100394,Ifeoma Green,Individual,NG,NGN,Tier2_Verified,2025-03-04,68.79
FLR-ACC-100395,Chuka Fashola,Individual,NG,NGN,Tier1_Basic,2026-07-12,63.24
FLR-ACC-100396,Prime Technologies Ltd,Business,US,USD,Tier3_Enhanced,2025-07-01,409.82
FLR-ACC-100397,Ifeoma Obi,Individual,FR,EUR,Tier1_Basic,2024-08-02,43.27
FLR-ACC-100398,Urban Builders LLC,Business,NG,NGN,Tier2_Verified,2025-10-20,1746.74
FLR-ACC-100399,Laura Yusuf,Individual,NG,NGN,Tier2_Verified,2026-03-21,36.74
FLR-ACC-100400,Olu Brown,Individual,US,USD,Tier3_Enhanced,2024-08-22,54.85
FLR-ACC-100401,North Technologies Inc,Business,NG,NGN,Tier1_Basic,2025-10-07,978.93
FLR-ACC-100402,Ifeoma Okafor,Individual,NG,NGN,Tier3_Enhanced,2026-01-24,178.73
FLR-ACC-100403,Ifeoma Johnson,Individual,NG,NGN,Tier2_Verified,2025-06-01,191.4
FLR-ACC-100404,Michael Eze,Individual,FR,EUR,Tier3_Enhanced,2023-11-09,36.16
FLR-ACC-100405,Prime Logistics Inc,Business,NG,NGN,Tier2_Verified,2025-04-10,683.69
FLR-ACC-100406,David Obi,Individual,NG,NGN,Tier3_Enhanced,2023-10-07,61.63
FLR-ACC-100407,Bluewave Retail Co.,Business,NG,NGN,Tier1_Basic,2024-12-11,188.12
FLR-ACC-100408,Kunle Fashola,Individual,NG,NGN,Tier3_Enhanced,2024-02-19,68.18
FLR-ACC-100409,Metro Logistics LLC,Business,FR,EUR,Tier3_Enhanced,2023-07-10,143.13
FLR-ACC-100410,Bluewave Textiles Ltd,Business,FR,EUR,Tier3_Enhanced,2023-11-10,181.71
FLR-ACC-100411,Tunde Adekunle,Individual,GB,GBP,Tier2_Verified,2025-03-01,36.39
FLR-ACC-100412,North Technologies Ltd,Business,GB,GBP,Tier3_Enhanced,2022-08-10,1735.92
FLR-ACC-100413,Ngozi Taylor,Individual,US,USD,Tier3_Enhanced,2023-12-05,19.57
FLR-ACC-100414,Daniel Hassan,Individual,NG,NGN,Tier2_Verified,2024-12-17,137.33
FLR-ACC-100415,Global Textiles Inc,Business,DE,EUR,Tier2_Verified,2025-04-01,33.22
FLR-ACC-100416,Silverline Retail Ltd,Business,NG,NGN,Tier2_Verified,2024-11-28,542.79
FLR-ACC-100417,Amaka Okafor,Individual,NG,NGN,Tier3_Enhanced,2024-02-01,43.63
FLR-ACC-100418,Greenfield Technologies Inc,Business,GB,GBP,Tier3_Enhanced,2024-08-29,562.21
FLR-ACC-100419,Laura Williams,Individual,NG,NGN,Tier2_Verified,2025-02-26,54.05
FLR-ACC-100420,Aisha Brown,Individual,NG,NGN,Tier3_Enhanced,2025-01-02,31.89
FLR-ACC-100421,North Ventures Inc,Business,NG,NGN,Tier2_Verified,2024-05-11,331.61
FLR-ACC-100422,Chidi Taylor,Individual,GB,GBP,Tier2_Verified,2025-10-06,39.29
FLR-ACC-100423,Greenfield Trading Co.,Business,NG,NGN,Tier2_Verified,2023-03-04,244.48
FLR-ACC-100424,Emeka Adeyemi,Individual,US,USD,Tier1_Basic,2026-01-12,26.92
FLR-ACC-100425,Prime Textiles LLC,Business,GB,GBP,Tier3_Enhanced,2024-05-31,1574.04
FLR-ACC-100426,Laura Okafor,Individual,NG,NGN,Tier3_Enhanced,2024-01-31,48.71
FLR-ACC-100427,Mary Taylor,Individual,DE,EUR,Tier2_Verified,2024-06-08,175.56
FLR-ACC-100428,Urban Technologies Inc,Business,NG,NGN,Tier3_Enhanced,2023-07-26,326.64
FLR-ACC-100429,Laura Taylor,Individual,NG,NGN,Tier3_Enhanced,2023-12-29,47.87
FLR-ACC-100430,Metro Foods Ltd,Business,NG,NGN,Tier2_Verified,2024-03-26,302.73
FLR-ACC-100431,Aisha Johnson,Individual,NG,NGN,Tier3_Enhanced,2023-09-07,38.1
FLR-ACC-100432,Femi Okafor,Individual,FR,EUR,Tier2_Verified,2023-03-09,36.03
FLR-ACC-100433,James Williams,Individual,NG,NGN,Tier3_Enhanced,2022-06-22,58.28
FLR-ACC-100434,Bluewave Media Co.,Business,GB,GBP,Tier2_Verified,2024-09-02,438.49
FLR-ACC-100435,Grace Brown,Individual,DE,EUR,Tier2_Verified,2026-02-04,47.4
FLR-ACC-100436,Kemi Bello,Individual,NG,NGN,Tier2_Verified,2026-07-01,14.33
FLR-ACC-100437,Daniel Adeyemi,Individual,NG,NGN,Tier3_Enhanced,2024-11-23,248.25
FLR-ACC-100438,Aisha Ibrahim,Individual,NG,NGN,Tier3_Enhanced,2025-03-21,50.04
FLR-ACC-100439,John Green,Individual,NG,NGN,Tier3_Enhanced,2022-12-27,57.64
FLR-ACC-100440,Peter Eze,Individual,FR,EUR,Tier2_Verified,2025-01-06,91.33
FLR-ACC-100441,Mary Obi,Individual,US,USD,Tier3_Enhanced,2024-06-13,71.71
FLR-ACC-100442,Amaka Chukwu,Individual,US,USD,Tier2_Verified,2023-06-06,7.91
FLR-ACC-100443,Apex Builders Ltd,Business,GB,GBP,Tier1_Basic,2025-09-29,243.09
FLR-ACC-100444,James Adekunle,Individual,GB,GBP,Tier1_Basic,2026-03-19,53.73
FLR-ACC-100445,Ifeoma Fashola,Individual,US,USD,Tier3_Enhanced,2025-01-21,33.54
FLR-ACC-100446,North Consulting Ltd,Business,NG,NGN,Tier2_Verified,2024-03-17,1338.16
FLR-ACC-100447,Apex Builders Inc,Business,NG,NGN,Tier2_Verified,2025-10-11,816.77
FLR-ACC-100448,Aisha Smith,Individual,NG,NGN,Tier3_Enhanced,2024-09-02,21.85
FLR-ACC-100449,Metro Consulting Ltd,Business,NG,NGN,Tier2_Verified,2024-08-12,567.34
FLR-ACC-100450,Blessing Adekunle,Individual,NG,NGN,Tier1_Basic,2026-05-28,138.23
FLR-ACC-100451,Chioma Green,Individual,NG,NGN,Tier2_Verified,2026-01-11,51.71
FLR-ACC-100452,Greenfield Consulting Co.,Business,FR,EUR,Tier1_Basic,2025-11-10,107.65
FLR-ACC-100453,Global Foods Ltd,Business,FR,EUR,Tier2_Verified,2024-05-10,694.44
FLR-ACC-100454,Funke Green,Individual,NG,NGN,Tier2_Verified,2025-07-12,39.8
FLR-ACC-100455,Olu Yusuf,Individual,NG,NGN,Tier2_Verified,2023-03-27,16.04
FLR-ACC-100456,Femi Bello,Individual,NG,NGN,Tier2_Verified,2025-09-12,33.0
FLR-ACC-100457,Laura Brown,Individual,US,USD,Tier2_Verified,2025-08-18,46.06
FLR-ACC-100458,North Foods Inc,Business,DE,EUR,Tier2_Verified,2025-10-15,403.46
FLR-ACC-100459,Mary Johnson,Individual,NG,NGN,Tier3_Enhanced,2023-07-20,90.04
FLR-ACC-100460,Funke Ibrahim,Individual,NG,NGN,Tier3_Enhanced,2025-02-08,71.93
FLR-ACC-100461,Metro Media Co.,Business,NG,NGN,Tier3_Enhanced,2025-09-14,154.95
FLR-ACC-100462,Chidi Green,Individual,US,USD,Tier3_Enhanced,2023-11-19,52.61
FLR-ACC-100463,Musa Green,Individual,GB,GBP,Tier2_Verified,2025-08-05,90.9
FLR-ACC-100464,Apex Retail Ltd,Business,NG,NGN,Tier3_Enhanced,2023-05-03,258.5
FLR-ACC-100465,Blessing Green,Individual,NG,NGN,Tier1_Basic,2025-10-24,38.25
FLR-ACC-100466,Greenfield Builders LLC,Business,NG,NGN,Tier2_Verified,2024-07-07,353.89
FLR-ACC-100467,Apex Textiles LLC,Business,GB,GBP,Tier3_Enhanced,2023-08-22,281.26
FLR-ACC-100468,Michael Hassan,Individual,FR,EUR,Tier3_Enhanced,2024-08-17,22.26
FLR-ACC-100469,Bluewave Logistics Ltd,Business,US,USD,Tier3_Enhanced,2026-02-04,587.5
FLR-ACC-100470,Yetunde Nwosu,Individual,NG,NGN,Tier2_Verified,2026-02-01,65.68
FLR-ACC-100471,Ruth Taylor,Individual,NG,NGN,Tier2_Verified,2024-02-21,79.73
FLR-ACC-100472,Sunrise Builders LLC,Business,GB,GBP,Tier2_Verified,2024-04-13,365.96
FLR-ACC-100473,Chioma Fashola,Individual,GB,GBP,Tier2_Verified,2026-07-08,33.35
FLR-ACC-100474,Aisha Balogun,Individual,NG,NGN,Tier2_Verified,2025-10-12,72.76
FLR-ACC-100475,Greenfield Consulting Co.,Business,US,USD,Tier3_Enhanced,2025-06-22,539.17
FLR-ACC-100476,Metro Media Inc,Business,NG,NGN,Tier2_Verified,2024-03-21,356.22
FLR-ACC-100477,Funke Okafor,Individual,US,USD,Tier1_Basic,2025-11-21,124.64
FLR-ACC-100478,Olu Balogun,Individual,GB,GBP,Tier1_Basic,2024-07-30,101.88
FLR-ACC-100479,Peter Smith,Individual,FR,EUR,Tier2_Verified,2025-07-01,18.46
FLR-ACC-100480,Ngozi Adekunle,Individual,GB,GBP,Tier3_Enhanced,2023-07-16,45.99
FLR-ACC-100481,Kemi Okoro,Individual,GB,GBP,Tier1_Basic,2024-05-26,41.88
FLR-ACC-100482,Tobi Obi,Individual,US,USD,Tier3_Enhanced,2024-03-16,143.05
FLR-ACC-100483,Prime Consulting Co.,Business,NG,NGN,Tier2_Verified,2024-09-08,179.24
FLR-ACC-100484,Laura Johnson,Individual,NG,NGN,Tier2_Verified,2025-02-16,41.65
FLR-ACC-100485,Ruth Okoro,Individual,GB,GBP,Tier2_Verified,2025-06-04,55.67
FLR-ACC-100486,Yetunde Williams,Individual,DE,EUR,Tier3_Enhanced,2024-12-13,219.0
FLR-ACC-100487,David Balogun,Individual,US,USD,Tier3_Enhanced,2023-04-06,18.49
FLR-ACC-100488,Silverline Technologies Inc,Business,US,USD,Tier3_Enhanced,2024-06-09,146.28
FLR-ACC-100489,Metro Trading Co.,Business,FR,EUR,Tier2_Verified,2025-04-10,158.28
FLR-ACC-100490,David Yusuf,Individual,NG,NGN,Tier2_Verified,2026-04-06,15.87
FLR-ACC-100491,John Adekunle,Individual,NG,NGN,Tier2_Verified,2024-10-02,19.03
FLR-ACC-100492,Silverline Textiles LLC,Business,NG,NGN,Tier3_Enhanced,2024-09-21,226.22
FLR-ACC-100493,Ifeoma Ibrahim,Individual,NG,NGN,Tier2_Verified,2023-12-19,29.04
FLR-ACC-100494,Global Technologies Inc,Business,US,USD,Tier3_Enhanced,2023-06-01,375.51
FLR-ACC-100495,Femi Okafor,Individual,NG,NGN,Tier1_Basic,2026-04-06,33.42
FLR-ACC-100496,Greenfield Technologies Ltd,Business,NG,NGN,Tier2_Verified,2024-08-25,109.64
FLR-ACC-100497,Laura Brown,Individual,GB,GBP,Tier2_Verified,2026-06-16,74.66
FLR-ACC-100498,Michael Smith,Individual,NG,NGN,Tier1_Basic,2026-03-25,81.1
FLR-ACC-100499,Femi Fashola,Individual,NG,NGN,Tier2_Verified,2024-06-14,24.54
FLR-ACC-100500,Ben Adeyemi,Individual,NG,NGN,Tier2_Verified,2024-12-03,140.57
FLR-ACC-100501,Silverline Foods Inc,Business,DE,EUR,Tier1_Basic,2024-11-15,195.96
FLR-ACC-100502,Metro Builders LLC,Business,NG,NGN,Tier1_Basic,2026-04-05,555.29
FLR-ACC-100503,Michael Smith,Individual,DE,EUR,Tier2_Verified,2025-01-21,23.52
FLR-ACC-100504,Urban Textiles Co.,Business,NG,NGN,Tier2_Verified,2022-06-30,238.43
FLR-ACC-100505,Sarah Yusuf,Individual,US,USD,Tier3_Enhanced,2024-04-28,70.58
FLR-ACC-100506,Blessing Nwosu,Individual,DE,EUR,Tier2_Verified,2025-12-30,57.39
FLR-ACC-100507,David Adekunle,Individual,GB,GBP,Tier2_Verified,2024-06-10,111.76
FLR-ACC-100508,Kunle Ibrahim,Individual,FR,EUR,Tier2_Verified,2025-12-03,69.34
FLR-ACC-100509,Yetunde Okafor,Individual,NG,NGN,Tier3_Enhanced,2024-03-26,37.27
FLR-ACC-100510,North Trading Ltd,Business,NG,NGN,Tier1_Basic,2024-12-09,1590.15
FLR-ACC-100511,Metro Builders Co.,Business,NG,NGN,Tier1_Basic,2025-08-09,226.13
FLR-ACC-100512,Chidi Brown,Individual,US,USD,Tier3_Enhanced,2023-09-06,28.74
FLR-ACC-100513,Apex Media Co.,Business,FR,EUR,Tier2_Verified,2025-06-02,643.35
FLR-ACC-100514,Apex Textiles Co.,Business,US,USD,Tier3_Enhanced,2023-09-21,360.98
FLR-ACC-100515,Kemi Nwosu,Individual,GB,GBP,Tier3_Enhanced,2024-03-25,35.64
FLR-ACC-100516,Laura Okoro,Individual,US,USD,Tier1_Basic,2025-09-11,54.62
FLR-ACC-100517,Metro Media Co.,Business,FR,EUR,Tier3_Enhanced,2025-01-16,140.93
FLR-ACC-100518,Yetunde Taylor,Individual,NG,NGN,Tier2_Verified,2025-04-06,91.99
FLR-ACC-100519,Laura Brown,Individual,NG,NGN,Tier3_Enhanced,2024-05-23,41.07
FLR-ACC-100520,Aisha Obi,Individual,NG,NGN,Tier2_Verified,2024-11-24,40.13
FLR-ACC-100521,Kunle Eze,Individual,NG,NGN,Tier3_Enhanced,2024-08-15,75.58
FLR-ACC-100522,Chidi Taylor,Individual,US,USD,Tier3_Enhanced,2024-06-13,15.63
FLR-ACC-100523,Tunde Brown,Individual,US,USD,Tier2_Verified,2025-11-24,82.83
FLR-ACC-100524,John Adekunle,Individual,FR,EUR,Tier1_Basic,2023-12-23,59.22
FLR-ACC-100525,Amaka Eze,Individual,NG,NGN,Tier2_Verified,2026-01-16,71.6
FLR-ACC-100526,Femi Okoro,Individual,NG,NGN,Tier2_Verified,2024-03-11,115.53
FLR-ACC-100527,Global Textiles LLC,Business,NG,NGN,Tier1_Basic,2025-10-27,340.05
FLR-ACC-100528,Olu Bello,Individual,GB,GBP,Tier1_Basic,2025-08-09,62.19
FLR-ACC-100529,Olu Nwosu,Individual,GB,GBP,Tier3_Enhanced,2025-07-07,153.51
FLR-ACC-100530,Ruth Johnson,Individual,NG,NGN,Tier3_Enhanced,2025-02-24,73.77
FLR-ACC-100531,Chidi Brown,Individual,NG,NGN,Tier3_Enhanced,2026-01-09,38.5
FLR-ACC-100532,Femi Nwosu,Individual,NG,NGN,Tier3_Enhanced,2024-12-21,22.86
FLR-ACC-100533,North Logistics LLC,Business,GB,GBP,Tier2_Verified,2025-11-21,352.91
FLR-ACC-100534,Metro Ventures Ltd,Business,NG,NGN,Tier2_Verified,2024-11-05,992.12
FLR-ACC-100535,James Okoro,Individual,NG,NGN,Tier2_Verified,2024-04-13,61.89
FLR-ACC-100536,Blessing Okoro,Individual,NG,NGN,Tier3_Enhanced,2026-06-07,87.49
FLR-ACC-100537,Sarah Chukwu,Individual,DE,EUR,Tier3_Enhanced,2024-02-18,96.19
FLR-ACC-100538,Greenfield Retail Inc,Business,NG,NGN,Tier2_Verified,2024-12-09,339.75
FLR-ACC-100539,Ifeoma Bello,Individual,US,USD,Tier3_Enhanced,2024-03-31,12.92
FLR-ACC-100540,Bluewave Media Co.,Business,FR,EUR,Tier2_Verified,2023-04-26,148.42
FLR-ACC-100541,Chuka Balogun,Individual,US,USD,Tier2_Verified,2025-05-26,130.92
FLR-ACC-100542,Tunde Johnson,Individual,NG,NGN,Tier3_Enhanced,2024-08-06,27.85
FLR-ACC-100543,Apex Builders LLC,Business,GB,GBP,Tier1_Basic,2026-06-03,855.08
FLR-ACC-100544,Bluewave Trading Ltd,Business,NG,NGN,Tier2_Verified,2024-01-20,753.53
FLR-ACC-100545,Tunde Johnson,Individual,US,USD,Tier2_Verified,2026-01-25,35.59
FLR-ACC-100546,Ifeoma Williams,Individual,US,USD,Tier2_Verified,2025-03-03,20.18
FLR-ACC-100547,Ruth Smith,Individual,FR,EUR,Tier3_Enhanced,2023-05-28,132.09
FLR-ACC-100548,Sarah Brown,Individual,FR,EUR,Tier2_Verified,2023-05-30,49.44
FLR-ACC-100549,Chidi Okafor,Individual,NG,NGN,Tier2_Verified,2025-12-17,126.34
FLR-ACC-100550,Mary Hassan,Individual,NG,NGN,Tier1_Basic,2026-05-02,45.14
FLR-ACC-100551,Funke Brown,Individual,GB,GBP,Tier2_Verified,2025-05-26,24.44
FLR-ACC-100552,Chioma Nwosu,Individual,NG,NGN,Tier2_Verified,2025-10-31,47.77
FLR-ACC-100553,Emeka Adekunle,Individual,NG,NGN,Tier2_Verified,2025-03-08,56.42
FLR-ACC-100554,Ngozi Fashola,Individual,NG,NGN,Tier3_Enhanced,2025-01-05,52.64
FLR-ACC-100555,Mary Yusuf,Individual,FR,EUR,Tier3_Enhanced,2023-08-28,120.76
FLR-ACC-100556,Greenfield Media Co.,Business,DE,EUR,Tier3_Enhanced,2024-02-13,579.34
FLR-ACC-100557,Amaka Nwosu,Individual,NG,NGN,Tier1_Basic,2025-11-27,36.06
FLR-ACC-100558,Olu Nwosu,Individual,NG,NGN,Tier2_Verified,2025-10-13,29.24
FLR-ACC-100559,Ruth Okafor,Individual,NG,NGN,Tier2_Verified,2025-10-17,26.25
FLR-ACC-100560,Daniel Taylor,Individual,GB,GBP,Tier3_Enhanced,2024-11-14,125.82
FLR-ACC-100561,Kemi Okafor,Individual,GB,GBP,Tier2_Verified,2024-12-04,51.96
FLR-ACC-100562,Grace Brown,Individual,NG,NGN,Tier2_Verified,2025-09-13,120.33
FLR-ACC-100563,Ruth Taylor,Individual,NG,NGN,Tier1_Basic,2025-08-07,78.75
FLR-ACC-100564,Daniel Eze,Individual,NG,NGN,Tier1_Basic,2026-07-29,98.68
FLR-ACC-100565,Sunrise Ventures Ltd,Business,NG,NGN,Tier1_Basic,2025-08-12,909.6
FLR-ACC-100566,Ben Bello,Individual,DE,EUR,Tier2_Verified,2025-05-03,30.54
FLR-ACC-100567,Olu Chukwu,Individual,NG,NGN,Tier2_Verified,2024-08-19,24.53
FLR-ACC-100568,Chioma Yusuf,Individual,NG,NGN,Tier2_Verified,2025-01-13,31.35
FLR-ACC-100569,James Adekunle,Individual,NG,NGN,Tier2_Verified,2025-08-05,28.4
FLR-ACC-100570,Greenfield Retail Ltd,Business,GB,GBP,Tier1_Basic,2024-10-09,352.26
FLR-ACC-100571,Peter Okoro,Individual,NG,NGN,Tier1_Basic,2026-01-14,31.12
FLR-ACC-100572,Silverline Logistics LLC,Business,DE,EUR,Tier3_Enhanced,2026-02-11,318.83
FLR-ACC-100573,Silverline Foods Co.,Business,NG,NGN,Tier2_Verified,2024-06-13,2006.69
FLR-ACC-100574,Metro Foods Ltd,Business,NG,NGN,Tier2_Verified,2025-06-13,301.71
FLR-ACC-100575,Ruth Okafor,Individual,US,USD,Tier2_Verified,2022-06-17,83.19
FLR-ACC-100576,Bluewave Consulting Inc,Business,FR,EUR,Tier2_Verified,2026-05-22,155.08
FLR-ACC-100577,Amaka Obi,Individual,US,USD,Tier2_Verified,2025-04-17,23.68
FLR-ACC-100578,Greenfield Ventures Co.,Business,GB,GBP,Tier3_Enhanced,2024-09-17,3394.04
FLR-ACC-100579,Michael Green,Individual,US,USD,Tier3_Enhanced,2023-01-13,125.39
FLR-ACC-100580,Global Textiles Inc,Business,NG,NGN,Tier2_Verified,2025-12-04,583.9
FLR-ACC-100581,Sunrise Technologies Inc,Business,US,USD,Tier2_Verified,2025-05-24,285.63
FLR-ACC-100582,Musa Okafor,Individual,NG,NGN,Tier3_Enhanced,2022-09-08,26.25
FLR-ACC-100583,Daniel Okoro,Individual,NG,NGN,Tier3_Enhanced,2022-09-25,37.2
FLR-ACC-100584,Ben Okafor,Individual,NG,NGN,Tier2_Verified,2025-06-10,233.93
FLR-ACC-100585,Urban Consulting LLC,Business,NG,NGN,Tier2_Verified,2026-01-12,222.85
FLR-ACC-100586,Global Builders Inc,Business,NG,NGN,Tier2_Verified,2024-09-23,186.0
FLR-ACC-100587,Bluewave Foods Ltd,Business,NG,NGN,Tier3_Enhanced,2026-04-30,298.7
FLR-ACC-100588,James Okafor,Individual,NG,NGN,Tier1_Basic,2024-06-13,48.59
FLR-ACC-100589,Silverline Foods Co.,Business,NG,NGN,Tier2_Verified,2026-02-05,404.71
FLR-ACC-100590,Apex Builders Co.,Business,NG,NGN,Tier3_Enhanced,2024-09-06,322.76
FLR-ACC-100591,Musa Chukwu,Individual,NG,NGN,Tier2_Verified,2025-05-05,31.05
FLR-ACC-100592,Greenfield Textiles Co.,Business,DE,EUR,Tier2_Verified,2025-05-09,300.81
FLR-ACC-100593,Kemi Hassan,Individual,NG,NGN,Tier1_Basic,2023-12-12,322.61
FLR-ACC-100594,Sarah Fashola,Individual,US,USD,Tier2_Verified,2025-06-17,90.7
FLR-ACC-100595,Kemi Okafor,Individual,US,USD,Tier1_Basic,2026-02-19,17.42
FLR-ACC-100596,Yetunde Balogun,Individual,NG,NGN,Tier2_Verified,2022-07-30,155.85
FLR-ACC-100597,Urban Consulting Inc,Business,NG,NGN,Tier2_Verified,2026-07-16,1390.66
FLR-ACC-100598,Global Media LLC,Business,US,USD,Tier3_Enhanced,2025-08-31,808.4
FLR-ACC-100599,Chioma Adekunle,Individual,US,USD,Tier2_Verified,2025-08-18,70.05
FLR-ACC-100600,Bluewave Consulting LLC,Business,NG,NGN,Tier1_Basic,2024-11-22,2497.11
FLR-ACC-100601,Prime Foods Ltd,Business,NG,NGN,Tier1_Basic,2023-11-01,122.74
FLR-ACC-100602,Peter Adekunle,Individual,GB,GBP,Tier3_Enhanced,2025-07-15,50.21
FLR-ACC-100603,Aisha Johnson,Individual,DE,EUR,Tier1_Basic,2026-07-18,30.11
FLR-ACC-100604,Blessing Johnson,Individual,NG,NGN,Tier3_Enhanced,2023-08-16,143.75
FLR-ACC-100605,Chioma Obi,Individual,NG,NGN,Tier3_Enhanced,2025-07-25,27.81
FLR-ACC-100606,Kunle Smith,Individual,NG,NGN,Tier2_Verified,2023-09-05,95.31
FLR-ACC-100607,Chioma Williams,Individual,NG,NGN,Tier2_Verified,2025-08-08,19.98
FLR-ACC-100608,Sunrise Media LLC,Business,FR,EUR,Tier2_Verified,2024-11-10,1451.49
FLR-ACC-100609,Ruth Okoro,Individual,NG,NGN,Tier3_Enhanced,2022-05-30,42.24
FLR-ACC-100610,Prime Trading Co.,Business,NG,NGN,Tier1_Basic,2025-12-30,186.5
FLR-ACC-100611,Silverline Ventures Co.,Business,NG,NGN,Tier3_Enhanced,2024-12-14,184.66
FLR-ACC-100612,Sunrise Trading Inc,Business,NG,NGN,Tier2_Verified,2025-04-07,256.47
FLR-ACC-100613,Aisha Adekunle,Individual,US,USD,Tier2_Verified,2025-09-26,44.34
FLR-ACC-100614,Ben Brown,Individual,GB,GBP,Tier3_Enhanced,2025-09-09,57.16
FLR-ACC-100615,Urban Media Co.,Business,GB,GBP,Tier2_Verified,2024-03-14,158.18
FLR-ACC-100616,Mary Nwosu,Individual,FR,EUR,Tier2_Verified,2025-03-09,158.76
FLR-ACC-100617,Chidi Smith,Individual,NG,NGN,Tier1_Basic,2024-05-02,74.12
FLR-ACC-100618,Urban Technologies LLC,Business,NG,NGN,Tier3_Enhanced,2024-09-20,233.28
FLR-ACC-100619,Greenfield Media Inc,Business,DE,EUR,Tier2_Verified,2026-07-21,874.89
FLR-ACC-100620,John Smith,Individual,NG,NGN,Tier2_Verified,2023-04-29,126.36
FLR-ACC-100621,Emeka Yusuf,Individual,NG,NGN,Tier2_Verified,2025-07-09,72.44
FLR-ACC-100622,Bluewave Textiles Inc,Business,FR,EUR,Tier2_Verified,2024-10-22,127.44
FLR-ACC-100623,Emeka Taylor,Individual,FR,EUR,Tier1_Basic,2025-04-24,53.35
FLR-ACC-100624,North Consulting Inc,Business,NG,NGN,Tier1_Basic,2026-05-01,322.42
FLR-ACC-100625,Femi Okafor,Individual,GB,GBP,Tier2_Verified,2026-01-28,19.19
FLR-ACC-100626,Urban Media Ltd,Business,US,USD,Tier3_Enhanced,2023-12-25,465.07
FLR-ACC-100627,Chioma Bello,Individual,DE,EUR,Tier2_Verified,2025-10-28,27.45
FLR-ACC-100628,Ifeoma Fashola,Individual,NG,NGN,Tier1_Basic,2026-04-07,32.72
FLR-ACC-100629,Amaka Adekunle,Individual,NG,NGN,Tier3_Enhanced,2025-06-11,73.52
FLR-ACC-100630,Olu Nwosu,Individual,GB,GBP,Tier1_Basic,2025-08-04,13.65
FLR-ACC-100631,Metro Ventures LLC,Business,FR,EUR,Tier3_Enhanced,2023-12-30,742.27
FLR-ACC-100632,Peter Balogun,Individual,NG,NGN,Tier1_Basic,2025-11-05,25.16
FLR-ACC-100633,Tunde Johnson,Individual,GB,GBP,Tier2_Verified,2025-06-11,133.16
FLR-ACC-100634,North Retail Inc,Business,GB,GBP,Tier3_Enhanced,2024-04-07,281.2
FLR-ACC-100635,David Adeyemi,Individual,FR,EUR,Tier1_Basic,2025-07-31,20.86
FLR-ACC-100636,Chioma Green,Individual,US,USD,Tier2_Verified,2023-07-30,316.2
FLR-ACC-100637,Kemi Adekunle,Individual,NG,NGN,Tier1_Basic,2026-03-10,340.41
FLR-ACC-100638,Funke Bello,Individual,NG,NGN,Tier2_Verified,2025-08-29,11.13
FLR-ACC-100639,Metro Retail Ltd,Business,FR,EUR,Tier2_Verified,2024-01-18,718.3
FLR-ACC-100640,Sarah Adeyemi,Individual,GB,GBP,Tier1_Basic,2026-07-21,8.94
FLR-ACC-100641,Greenfield Trading Ltd,Business,NG,NGN,Tier2_Verified,2026-06-27,584.3
FLR-ACC-100642,Emeka Obi,Individual,US,USD,Tier2_Verified,2025-02-24,37.73
FLR-ACC-100643,Global Technologies Ltd,Business,FR,EUR,Tier2_Verified,2022-11-01,428.33
FLR-ACC-100644,John Fashola,Individual,NG,NGN,Tier2_Verified,2026-06-17,48.01
FLR-ACC-100645,Urban Logistics Inc,Business,NG,NGN,Tier3_Enhanced,2024-05-24,274.24
FLR-ACC-100646,Sunrise Trading Co.,Business,US,USD,Tier2_Verified,2025-02-12,147.2
FLR-ACC-100647,Ben Eze,Individual,US,USD,Tier2_Verified,2025-07-21,60.9
FLR-ACC-100648,Ngozi Williams,Individual,US,USD,Tier1_Basic,2026-05-02,84.57
FLR-ACC-100649,Silverline Consulting Inc,Business,NG,NGN,Tier2_Verified,2025-07-13,306.94
FLR-ACC-100650,Metro Consulting Ltd,Business,NG,NGN,Tier3_Enhanced,2023-11-04,1390.11
FLR-ACC-100651,John Bello,Individual,NG,NGN,Tier3_Enhanced,2024-05-18,30.92
FLR-ACC-100652,Global Ventures Ltd,Business,US,USD,Tier2_Verified,2025-06-20,850.71
FLR-ACC-100653,Peter Taylor,Individual,GB,GBP,Tier3_Enhanced,2025-02-21,125.37
FLR-ACC-100654,Michael Adekunle,Individual,NG,NGN,Tier2_Verified,2025-03-07,22.05
FLR-ACC-100655,Global Builders Inc,Business,NG,NGN,Tier1_Basic,2024-11-09,687.43
FLR-ACC-100656,Ifeoma Taylor,Individual,NG,NGN,Tier2_Verified,2025-04-27,33.06
FLR-ACC-100657,Tobi Fashola,Individual,NG,NGN,Tier1_Basic,2025-10-14,37.05
FLR-ACC-100658,Ifeoma Balogun,Individual,NG,NGN,Tier3_Enhanced,2024-11-23,343.59
FLR-ACC-100659,Olu Hassan,Individual,DE,EUR,Tier1_Basic,2026-04-01,84.78
FLR-ACC-100660,James Ibrahim,Individual,NG,NGN,Tier2_Verified,2022-12-14,54.54
FLR-ACC-100661,Yetunde Smith,Individual,NG,NGN,Tier3_Enhanced,2024-04-09,22.82
FLR-ACC-100662,Daniel Smith,Individual,US,USD,Tier2_Verified,2024-12-28,68.49
FLR-ACC-100663,Ruth Adekunle,Individual,NG,NGN,Tier3_Enhanced,2025-01-18,40.38
FLR-ACC-100664,Grace Bello,Individual,GB,GBP,Tier2_Verified,2025-11-18,48.91
FLR-ACC-100665,Kemi Williams,Individual,NG,NGN,Tier2_Verified,2026-01-19,47.55
FLR-ACC-100666,Sunrise Textiles Ltd,Business,NG,NGN,Tier2_Verified,2025-03-10,3372.85
FLR-ACC-100667,Bluewave Consulting Co.,Business,US,USD,Tier3_Enhanced,2023-09-02,815.34
FLR-ACC-100668,Ben Johnson,Individual,DE,EUR,Tier2_Verified,2023-03-20,65.75
FLR-ACC-100669,Chidi Chukwu,Individual,US,USD,Tier2_Verified,2024-06-10,79.07
FLR-ACC-100670,Ruth Williams,Individual,GB,GBP,Tier2_Verified,2024-12-05,26.23
FLR-ACC-100671,Ngozi Balogun,Individual,NG,NGN,Tier3_Enhanced,2023-08-09,89.14
FLR-ACC-100672,Michael Bello,Individual,GB,GBP,Tier2_Verified,2025-07-27,56.6
FLR-ACC-100673,Silverline Textiles Inc,Business,NG,NGN,Tier1_Basic,2026-01-16,192.19
FLR-ACC-100674,Grace Adeyemi,Individual,NG,NGN,Tier1_Basic,2025-07-02,99.71
FLR-ACC-100675,North Technologies LLC,Business,NG,NGN,Tier3_Enhanced,2024-09-11,57.74
FLR-ACC-100676,Ifeoma Okoro,Individual,NG,NGN,Tier2_Verified,2024-09-29,46.53
FLR-ACC-100677,James Chukwu,Individual,US,USD,Tier2_Verified,2025-03-23,35.33
FLR-ACC-100678,Prime Retail Ltd,Business,NG,NGN,Tier3_Enhanced,2024-10-28,156.13
FLR-ACC-100679,Bluewave Foods LLC,Business,FR,EUR,Tier2_Verified,2024-09-10,270.49
FLR-ACC-100680,Blessing Chukwu,Individual,US,USD,Tier2_Verified,2025-10-19,47.36
FLR-ACC-100681,Grace Eze,Individual,NG,NGN,Tier3_Enhanced,2024-11-06,90.52
FLR-ACC-100682,Yetunde Ibrahim,Individual,US,USD,Tier2_Verified,2023-07-07,107.81
FLR-ACC-100683,North Builders Ltd,Business,NG,NGN,Tier2_Verified,2024-09-21,737.09
FLR-ACC-100684,David Brown,Individual,US,USD,Tier3_Enhanced,2025-11-01,141.94
FLR-ACC-100685,Olu Okoro,Individual,US,USD,Tier1_Basic,2026-03-30,11.51
FLR-ACC-100686,Urban Textiles Inc,Business,GB,GBP,Tier2_Verified,2024-03-08,115.7
FLR-ACC-100687,Funke Johnson,Individual,NG,NGN,Tier2_Verified,2025-01-03,63.48
FLR-ACC-100688,Mary Yusuf,Individual,NG,NGN,Tier3_Enhanced,2023-11-18,24.33
FLR-ACC-100689,North Media Inc,Business,US,USD,Tier1_Basic,2024-10-21,408.63
FLR-ACC-100690,Tunde Fashola,Individual,NG,NGN,Tier1_Basic,2026-01-26,82.64
FLR-ACC-100691,Blessing Okoro,Individual,US,USD,Tier3_Enhanced,2023-08-28,166.74
FLR-ACC-100692,Femi Eze,Individual,NG,NGN,Tier2_Verified,2025-08-23,89.23
FLR-ACC-100693,Mary Okafor,Individual,NG,NGN,Tier1_Basic,2026-01-04,79.85
FLR-ACC-100694,Tunde Green,Individual,US,USD,Tier3_Enhanced,2025-08-21,70.99
FLR-ACC-100695,James Fashola,Individual,NG,NGN,Tier2_Verified,2025-04-29,30.85
FLR-ACC-100696,Metro Consulting Co.,Business,NG,NGN,Tier3_Enhanced,2025-01-04,296.49
FLR-ACC-100697,Chidi Ibrahim,Individual,NG,NGN,Tier1_Basic,2025-01-11,22.09
FLR-ACC-100698,Grace Okoro,Individual,NG,NGN,Tier3_Enhanced,2022-12-29,52.98
FLR-ACC-100699,Funke Williams,Individual,NG,NGN,Tier2_Verified,2023-11-13,63.09
FLR-ACC-100700,Aisha Fashola,Individual,GB,GBP,Tier2_Verified,2025-01-15,25.94
FLR-ACC-100701,Bluewave Textiles Ltd,Business,NG,NGN,Tier2_Verified,2023-07-05,782.3
FLR-ACC-100702,Olu Ibrahim,Individual,US,USD,Tier3_Enhanced,2024-08-29,30.53
FLR-ACC-100703,Metro Consulting Co.,Business,US,USD,Tier2_Verified,2025-04-05,1737.92
FLR-ACC-100704,Michael Balogun,Individual,NG,NGN,Tier3_Enhanced,2026-02-26,55.01
FLR-ACC-100705,Emeka Adekunle,Individual,NG,NGN,Tier3_Enhanced,2024-03-15,31.57
FLR-ACC-100706,Michael Adekunle,Individual,US,USD,Tier1_Basic,2026-01-25,93.17
FLR-ACC-100707,Olu Adekunle,Individual,NG,NGN,Tier2_Verified,2024-05-28,151.24
FLR-ACC-100708,Ruth Williams,Individual,US,USD,Tier2_Verified,2025-07-03,63.13
FLR-ACC-100709,Chioma Eze,Individual,GB,GBP,Tier3_Enhanced,2023-08-18,53.24
FLR-ACC-100710,Urban Retail Ltd,Business,NG,NGN,Tier2_Verified,2026-04-17,184.71
FLR-ACC-100711,John Williams,Individual,US,USD,Tier3_Enhanced,2024-08-12,26.53
FLR-ACC-100712,Ngozi Williams,Individual,GB,GBP,Tier2_Verified,2024-05-12,19.73
FLR-ACC-100713,Bluewave Trading LLC,Business,GB,GBP,Tier3_Enhanced,2025-09-06,350.28
FLR-ACC-100714,Femi Chukwu,Individual,GB,GBP,Tier2_Verified,2024-04-14,195.76
FLR-ACC-100715,Aisha Bello,Individual,NG,NGN,Tier2_Verified,2026-04-05,44.95
FLR-ACC-100716,Emeka Okoro,Individual,FR,EUR,Tier2_Verified,2024-12-02,18.19
FLR-ACC-100717,Laura Adekunle,Individual,US,USD,Tier3_Enhanced,2024-10-25,65.77
FLR-ACC-100718,Metro Logistics Ltd,Business,NG,NGN,Tier3_Enhanced,2025-08-19,439.99
FLR-ACC-100719,Peter Fashola,Individual,GB,GBP,Tier1_Basic,2025-09-22,112.78
FLR-ACC-100720,Olu Hassan,Individual,US,USD,Tier2_Verified,2026-05-28,80.52
FLR-ACC-100721,North Logistics Co.,Business,NG,NGN,Tier1_Basic,2024-09-02,102.25
FLR-ACC-100722,Prime Media Ltd,Business,NG,NGN,Tier1_Basic,2025-12-19,515.56
FLR-ACC-100723,Tunde Adekunle,Individual,US,USD,Tier2_Verified,2022-04-23,59.25
FLR-ACC-100724,Kunle Eze,Individual,NG,NGN,Tier3_Enhanced,2025-01-20,28.83
FLR-ACC-100725,Ruth Bello,Individual,GB,GBP,Tier2_Verified,2024-02-16,131.83
FLR-ACC-100726,Sunrise Logistics LLC,Business,GB,GBP,Tier2_Verified,2023-03-30,459.64
FLR-ACC-100727,Silverline Consulting LLC,Business,US,USD,Tier2_Verified,2025-07-13,273.99
FLR-ACC-100728,Ifeoma Taylor,Individual,NG,NGN,Tier2_Verified,2025-04-11,47.67
FLR-ACC-100729,Ben Okoro,Individual,NG,NGN,Tier3_Enhanced,2025-09-19,89.2
FLR-ACC-100730,John Hassan,Individual,GB,GBP,Tier2_Verified,2024-10-22,127.0
FLR-ACC-100731,Chuka Chukwu,Individual,NG,NGN,Tier2_Verified,2023-01-14,76.98
FLR-ACC-100732,Bluewave Textiles Inc,Business,GB,GBP,Tier3_Enhanced,2025-02-05,453.5
FLR-ACC-100733,Chuka Obi,Individual,NG,NGN,Tier2_Verified,2024-02-13,79.69
FLR-ACC-100734,Michael Eze,Individual,NG,NGN,Tier2_Verified,2022-12-17,26.87
FLR-ACC-100735,Laura Eze,Individual,NG,NGN,Tier2_Verified,2024-03-29,48.45
FLR-ACC-100736,James Adekunle,Individual,NG,NGN,Tier2_Verified,2023-07-01,38.36
FLR-ACC-100737,North Ventures Inc,Business,NG,NGN,Tier2_Verified,2026-02-06,298.3
FLR-ACC-100738,Kunle Taylor,Individual,US,USD,Tier1_Basic,2026-03-08,232.29
FLR-ACC-100739,Michael Bello,Individual,NG,NGN,Tier2_Verified,2025-07-07,91.24
FLR-ACC-100740,Ifeoma Nwosu,Individual,NG,NGN,Tier2_Verified,2024-10-09,54.31
FLR-ACC-100741,Silverline Media LLC,Business,NG,NGN,Tier3_Enhanced,2025-10-17,85.68
FLR-ACC-100742,Sunrise Trading Inc,Business,NG,NGN,Tier2_Verified,2025-02-13,1000.42
FLR-ACC-100743,David Hassan,Individual,NG,NGN,Tier2_Verified,2026-03-08,58.48
FLR-ACC-100744,Silverline Foods Co.,Business,GB,GBP,Tier1_Basic,2024-12-12,265.77
FLR-ACC-100745,Olu Ibrahim,Individual,GB,GBP,Tier3_Enhanced,2025-06-28,36.19
FLR-ACC-100746,Metro Ventures Inc,Business,NG,NGN,Tier1_Basic,2022-10-01,562.46
FLR-ACC-100747,Chidi Hassan,Individual,FR,EUR,Tier2_Verified,2024-10-20,13.36
FLR-ACC-100748,Metro Consulting LLC,Business,NG,NGN,Tier3_Enhanced,2024-12-01,165.43
FLR-ACC-100749,David Chukwu,Individual,GB,GBP,Tier1_Basic,2025-07-29,79.56
FLR-ACC-100750,Chidi Yusuf,Individual,NG,NGN,Tier2_Verified,2024-09-12,35.77
FLR-ACC-100751,Prime Textiles Co.,Business,US,USD,Tier3_Enhanced,2023-10-17,247.03
FLR-ACC-100752,Olu Ibrahim,Individual,US,USD,Tier3_Enhanced,2023-12-09,27.87
FLR-ACC-100753,Chuka Taylor,Individual,NG,NGN,Tier2_Verified,2026-02-06,151.68
FLR-ACC-100754,Sarah Eze,Individual,NG,NGN,Tier2_Verified,2025-01-20,32.79
FLR-ACC-100755,Ben Nwosu,Individual,US,USD,Tier1_Basic,2025-11-02,60.07
FLR-ACC-100756,Chioma Ibrahim,Individual,NG,NGN,Tier3_Enhanced,2024-06-02,90.94
FLR-ACC-100757,Ruth Bello,Individual,US,USD,Tier2_Verified,2025-09-25,38.13
FLR-ACC-100758,Ben Nwosu,Individual,NG,NGN,Tier2_Verified,2024-04-06,31.06
FLR-ACC-100759,Ben Balogun,Individual,US,USD,Tier3_Enhanced,2023-04-05,251.89
FLR-ACC-100760,Chidi Fashola,Individual,DE,EUR,Tier2_Verified,2025-06-16,83.29
FLR-ACC-100761,Yetunde Johnson,Individual,DE,EUR,Tier2_Verified,2025-08-23,99.72
FLR-ACC-100762,Yetunde Yusuf,Individual,NG,NGN,Tier1_Basic,2026-05-09,36.53
FLR-ACC-100763,Chioma Balogun,Individual,FR,EUR,Tier2_Verified,2024-10-07,383.28
FLR-ACC-100764,Chuka Adekunle,Individual,NG,NGN,Tier3_Enhanced,2025-08-21,88.34
FLR-ACC-100765,Silverline Textiles LLC,Business,NG,NGN,Tier2_Verified,2025-04-01,187.9
FLR-ACC-100766,Ruth Johnson,Individual,US,USD,Tier2_Verified,2024-03-04,17.54
FLR-ACC-100767,John Adeyemi,Individual,US,USD,Tier2_Verified,2026-01-16,123.42
FLR-ACC-100768,Global Ventures LLC,Business,NG,NGN,Tier3_Enhanced,2022-04-15,171.39
FLR-ACC-100769,Grace Eze,Individual,GB,GBP,Tier2_Verified,2024-12-28,135.68
FLR-ACC-100770,Silverline Logistics Ltd,Business,FR,EUR,Tier2_Verified,2024-12-08,98.09
FLR-ACC-100771,Metro Technologies Co.,Business,FR,EUR,Tier3_Enhanced,2026-02-24,277.64
FLR-ACC-100772,Femi Obi,Individual,US,USD,Tier3_Enhanced,2024-09-17,156.16
FLR-ACC-100773,Apex Consulting Inc,Business,FR,EUR,Tier1_Basic,2026-06-10,311.51
FLR-ACC-100774,Chioma Fashola,Individual,GB,GBP,Tier2_Verified,2025-03-02,87.6
FLR-ACC-100775,Blessing Yusuf,Individual,NG,NGN,Tier1_Basic,2025-11-27,51.79
FLR-ACC-100776,Michael Green,Individual,NG,NGN,Tier2_Verified,2025-06-18,119.8
FLR-ACC-100777,Funke Eze,Individual,NG,NGN,Tier3_Enhanced,2024-07-04,57.96
FLR-ACC-100778,Sunrise Textiles Co.,Business,NG,NGN,Tier1_Basic,2026-06-17,440.16
FLR-ACC-100779,Funke Johnson,Individual,NG,NGN,Tier2_Verified,2025-03-26,116.29
FLR-ACC-100780,Bluewave Ventures LLC,Business,NG,NGN,Tier2_Verified,2023-08-02,358.48
FLR-ACC-100781,Yetunde Okoro,Individual,US,USD,Tier1_Basic,2026-01-08,74.6
FLR-ACC-100782,Sarah Ibrahim,Individual,GB,GBP,Tier1_Basic,2024-09-29,335.99
FLR-ACC-100783,North Technologies LLC,Business,US,USD,Tier2_Verified,2023-09-05,413.35
FLR-ACC-100784,Metro Textiles Co.,Business,NG,NGN,Tier1_Basic,2026-04-12,1266.69
FLR-ACC-100785,Yetunde Okafor,Individual,US,USD,Tier2_Verified,2023-12-27,37.75
FLR-ACC-100786,Global Trading Ltd,Business,GB,GBP,Tier3_Enhanced,2025-02-09,222.19
FLR-ACC-100787,Michael Taylor,Individual,FR,EUR,Tier3_Enhanced,2023-07-03,48.54
FLR-ACC-100788,Chioma Johnson,Individual,NG,NGN,Tier1_Basic,2024-05-05,112.29
FLR-ACC-100789,David Adekunle,Individual,NG,NGN,Tier2_Verified,2024-11-11,126.7
FLR-ACC-100790,Silverline Textiles LLC,Business,NG,NGN,Tier2_Verified,2024-06-06,747.76
FLR-ACC-100791,Sarah Ibrahim,Individual,FR,EUR,Tier3_Enhanced,2023-05-01,42.04
FLR-ACC-100792,Prime Ventures LLC,Business,US,USD,Tier2_Verified,2026-01-31,728.33
FLR-ACC-100793,James Bello,Individual,US,USD,Tier3_Enhanced,2024-02-18,53.11
FLR-ACC-100794,Tunde Johnson,Individual,NG,NGN,Tier3_Enhanced,2024-11-21,203.33
FLR-ACC-100795,John Hassan,Individual,NG,NGN,Tier1_Basic,2026-05-24,89.87
FLR-ACC-100796,Tunde Balogun,Individual,GB,GBP,Tier3_Enhanced,2024-07-01,64.83
FLR-ACC-100797,John Johnson,Individual,NG,NGN,Tier2_Verified,2024-12-06,55.56
FLR-ACC-100798,Apex Textiles Co.,Business,FR,EUR,Tier3_Enhanced,2024-09-10,315.79
FLR-ACC-100799,Metro Consulting Co.,Business,GB,GBP,Tier3_Enhanced,2025-01-28,483.25
FLR-ACC-100800,Prime Technologies Inc,Business,GB,GBP,Tier3_Enhanced,2024-06-23,2305.01
FLR-ACC-100801,Tobi Smith,Individual,GB,GBP,Tier2_Verified,2025-10-27,21.3
FLR-ACC-100802,North Technologies Co.,Business,NG,NGN,Tier2_Verified,2025-08-08,698.79
FLR-ACC-100803,Femi Balogun,Individual,US,USD,Tier2_Verified,2024-04-28,84.81
FLR-ACC-100804,North Trading Inc,Business,US,USD,Tier1_Basic,2022-08-03,156.39
FLR-ACC-100805,Bluewave Builders Ltd,Business,NG,NGN,Tier3_Enhanced,2024-10-10,921.11
FLR-ACC-100806,Urban Foods Ltd,Business,GB,GBP,Tier3_Enhanced,2026-01-02,833.98
FLR-ACC-100807,Laura Hassan,Individual,NG,NGN,Tier3_Enhanced,2024-12-08,19.04
FLR-ACC-100808,Kemi Taylor,Individual,FR,EUR,Tier3_Enhanced,2025-02-14,115.58
FLR-ACC-100809,Bluewave Media LLC,Business,US,USD,Tier2_Verified,2024-05-31,354.38
FLR-ACC-100810,Global Logistics LLC,Business,NG,NGN,Tier1_Basic,2025-09-26,294.88
FLR-ACC-100811,Funke Yusuf,Individual,GB,GBP,Tier3_Enhanced,2024-09-14,29.78
FLR-ACC-100812,Bluewave Logistics Ltd,Business,NG,NGN,Tier3_Enhanced,2025-12-19,475.2
FLR-ACC-100813,Blessing Okafor,Individual,FR,EUR,Tier2_Verified,2024-06-24,127.73
FLR-ACC-100814,Daniel Adekunle,Individual,NG,NGN,Tier2_Verified,2025-06-10,35.02
FLR-ACC-100815,Bluewave Technologies LLC,Business,US,USD,Tier2_Verified,2025-06-30,1481.04
FLR-ACC-100816,Ngozi Johnson,Individual,NG,NGN,Tier2_Verified,2023-11-10,249.57
FLR-ACC-100817,Amaka Brown,Individual,US,USD,Tier3_Enhanced,2024-06-20,127.37
FLR-ACC-100818,Blessing Okafor,Individual,NG,NGN,Tier3_Enhanced,2024-03-30,31.18
FLR-ACC-100819,Michael Hassan,Individual,US,USD,Tier3_Enhanced,2024-07-11,77.71
FLR-ACC-100820,Chioma Okafor,Individual,NG,NGN,Tier2_Verified,2025-09-18,39.65
FLR-ACC-100821,David Bello,Individual,NG,NGN,Tier2_Verified,2026-06-30,19.86
FLR-ACC-100822,Bluewave Builders Inc,Business,US,USD,Tier2_Verified,2025-01-25,558.3
FLR-ACC-100823,Laura Nwosu,Individual,NG,NGN,Tier2_Verified,2025-08-16,13.01
FLR-ACC-100824,Silverline Media Ltd,Business,NG,NGN,Tier1_Basic,2026-07-01,465.78
FLR-ACC-100825,Sunrise Technologies Inc,Business,NG,NGN,Tier2_Verified,2025-12-05,167.63
FLR-ACC-100826,Chuka Ibrahim,Individual,NG,NGN,Tier1_Basic,2022-12-31,17.77
FLR-ACC-100827,Ngozi Balogun,Individual,FR,EUR,Tier1_Basic,2024-11-02,41.56
FLR-ACC-100828,Femi Johnson,Individual,GB,GBP,Tier2_Verified,2025-09-11,34.13
FLR-ACC-100829,Ifeoma Fashola,Individual,DE,EUR,Tier2_Verified,2026-05-12,130.95
FLR-ACC-100830,North Foods Inc,Business,US,USD,Tier2_Verified,2024-02-03,1248.0
FLR-ACC-100831,Michael Eze,Individual,NG,NGN,Tier1_Basic,2026-07-18,247.48
FLR-ACC-100832,Olu Smith,Individual,NG,NGN,Tier2_Verified,2025-10-11,63.66
FLR-ACC-100833,Emeka Eze,Individual,DE,EUR,Tier2_Verified,2025-01-10,42.77
FLR-ACC-100834,Tunde Adeyemi,Individual,NG,NGN,Tier3_Enhanced,2025-01-31,55.67
FLR-ACC-100835,Aisha Green,Individual,NG,NGN,Tier2_Verified,2025-05-25,119.42
FLR-ACC-100836,North Ventures LLC,Business,DE,EUR,Tier2_Verified,2025-11-15,433.35
FLR-ACC-100837,Bluewave Builders LLC,Business,US,USD,Tier2_Verified,2024-11-19,1344.41
FLR-ACC-100838,John Johnson,Individual,NG,NGN,Tier2_Verified,2024-02-04,44.43
FLR-ACC-100839,Olu Obi,Individual,DE,EUR,Tier2_Verified,2025-09-14,38.04
FLR-ACC-100840,Mary Okoro,Individual,DE,EUR,Tier3_Enhanced,2024-03-14,139.77
FLR-ACC-100841,Musa Adekunle,Individual,NG,NGN,Tier2_Verified,2024-01-21,93.85
FLR-ACC-100842,Grace Brown,Individual,US,USD,Tier1_Basic,2024-05-29,85.25
FLR-ACC-100843,Sarah Nwosu,Individual,NG,NGN,Tier3_Enhanced,2024-08-28,53.11
FLR-ACC-100844,Chidi Nwosu,Individual,NG,NGN,Tier2_Verified,2026-02-23,45.75
FLR-ACC-100845,Ben Bello,Individual,NG,NGN,Tier3_Enhanced,2025-09-11,64.41
FLR-ACC-100846,Funke Adekunle,Individual,US,USD,Tier2_Verified,2025-05-21,27.61
FLR-ACC-100847,Sarah Smith,Individual,FR,EUR,Tier3_Enhanced,2024-01-20,45.35
FLR-ACC-100848,Sunrise Retail LLC,Business,DE,EUR,Tier2_Verified,2026-01-18,196.37
FLR-ACC-100849,Funke Chukwu,Individual,NG,NGN,Tier2_Verified,2026-01-12,69.24
FLR-ACC-100850,Metro Media Ltd,Business,US,USD,Tier2_Verified,2025-07-14,186.44
FLR-ACC-100851,Funke Ibrahim,Individual,NG,NGN,Tier2_Verified,2025-10-11,17.16
FLR-ACC-100852,Mary Bello,Individual,GB,GBP,Tier3_Enhanced,2023-12-20,38.78
FLR-ACC-100853,John Smith,Individual,NG,NGN,Tier3_Enhanced,2024-07-17,28.14
FLR-ACC-100854,Apex Trading LLC,Business,NG,NGN,Tier1_Basic,2025-08-29,264.29
FLR-ACC-100855,Tunde Nwosu,Individual,NG,NGN,Tier1_Basic,2025-10-10,20.81
FLR-ACC-100856,Kunle Yusuf,Individual,US,USD,Tier3_Enhanced,2023-10-16,348.83
FLR-ACC-100857,North Builders Ltd,Business,US,USD,Tier2_Verified,2024-12-04,415.55
FLR-ACC-100858,Metro Retail Co.,Business,NG,NGN,Tier3_Enhanced,2024-12-18,1938.4
FLR-ACC-100859,Funke Okoro,Individual,NG,NGN,Tier2_Verified,2023-05-26,75.79
FLR-ACC-100860,Tunde Green,Individual,NG,NGN,Tier2_Verified,2025-12-11,51.52
FLR-ACC-100861,David Fashola,Individual,NG,NGN,Tier1_Basic,2026-02-07,23.96
FLR-ACC-100862,Apex Trading Ltd,Business,GB,GBP,Tier2_Verified,2024-07-12,991.52
FLR-ACC-100863,Chuka Adeyemi,Individual,NG,NGN,Tier2_Verified,2024-06-19,74.69
FLR-ACC-100864,Yetunde Chukwu,Individual,FR,EUR,Tier2_Verified,2025-02-22,62.28
FLR-ACC-100865,Yetunde Chukwu,Individual,NG,NGN,Tier2_Verified,2024-08-14,56.34
FLR-ACC-100866,Daniel Williams,Individual,NG,NGN,Tier2_Verified,2025-11-25,27.25
FLR-ACC-100867,Blessing Ibrahim,Individual,NG,NGN,Tier2_Verified,2026-07-04,25.46
FLR-ACC-100868,James Fashola,Individual,NG,NGN,Tier3_Enhanced,2023-07-11,59.73
FLR-ACC-100869,Tobi Green,Individual,NG,NGN,Tier2_Verified,2024-07-31,79.32
FLR-ACC-100870,Musa Williams,Individual,US,USD,Tier1_Basic,2026-02-13,183.99
FLR-ACC-100871,Chidi Bello,Individual,NG,NGN,Tier2_Verified,2024-10-19,13.63
FLR-ACC-100872,David Adeyemi,Individual,FR,EUR,Tier3_Enhanced,2024-01-17,76.07
FLR-ACC-100873,Silverline Logistics Ltd,Business,US,USD,Tier2_Verified,2023-11-04,420.32
FLR-ACC-100874,Michael Eze,Individual,NG,NGN,Tier3_Enhanced,2023-06-11,30.87
FLR-ACC-100875,David Eze,Individual,US,USD,Tier3_Enhanced,2024-06-24,45.17
FLR-ACC-100876,Global Ventures Inc,Business,NG,NGN,Tier1_Basic,2025-07-15,789.72
FLR-ACC-100877,John Yusuf,Individual,NG,NGN,Tier1_Basic,2023-02-17,41.32
FLR-ACC-100878,Peter Williams,Individual,NG,NGN,Tier2_Verified,2026-06-02,48.71
FLR-ACC-100879,Metro Retail Inc,Business,NG,NGN,Tier2_Verified,2024-07-15,338.55
FLR-ACC-100880,Greenfield Technologies Inc,Business,NG,NGN,Tier2_Verified,2024-04-09,400.61
FLR-ACC-100881,Chioma Chukwu,Individual,GB,GBP,Tier1_Basic,2025-07-17,367.39
FLR-ACC-100882,Kemi Yusuf,Individual,NG,NGN,Tier2_Verified,2025-01-01,283.99
FLR-ACC-100883,John Hassan,Individual,GB,GBP,Tier2_Verified,2025-10-31,125.76
FLR-ACC-100884,Amaka Okoro,Individual,NG,NGN,Tier2_Verified,2025-10-07,16.24
FLR-ACC-100885,Chioma Taylor,Individual,NG,NGN,Tier1_Basic,2025-06-06,210.78
FLR-ACC-100886,Chidi Obi,Individual,US,USD,Tier3_Enhanced,2023-10-31,44.48
FLR-ACC-100887,Kemi Fashola,Individual,NG,NGN,Tier2_Verified,2025-05-22,69.37
FLR-ACC-100888,Funke Chukwu,Individual,NG,NGN,Tier3_Enhanced,2024-11-18,38.51
FLR-ACC-100889,Musa Adeyemi,Individual,NG,NGN,Tier1_Basic,2026-07-10,78.43
FLR-ACC-100890,Emeka Nwosu,Individual,NG,NGN,Tier3_Enhanced,2025-08-22,25.74
FLR-ACC-100891,Prime Trading LLC,Business,US,USD,Tier1_Basic,2025-06-01,1169.85
FLR-ACC-100892,Ngozi Williams,Individual,DE,EUR,Tier2_Verified,2026-04-04,82.82
FLR-ACC-100893,Emeka Yusuf,Individual,US,USD,Tier1_Basic,2026-01-22,38.3
FLR-ACC-100894,Ngozi Yusuf,Individual,GB,GBP,Tier3_Enhanced,2023-07-21,50.39
FLR-ACC-100895,Metro Logistics Co.,Business,NG,NGN,Tier3_Enhanced,2025-11-27,205.67
FLR-ACC-100896,Silverline Foods Co.,Business,US,USD,Tier2_Verified,2024-04-08,451.97
FLR-ACC-100897,Ben Balogun,Individual,NG,NGN,Tier2_Verified,2025-05-22,48.77
FLR-ACC-100898,Grace Johnson,Individual,GB,GBP,Tier2_Verified,2023-06-25,38.34
FLR-ACC-100899,Laura Yusuf,Individual,NG,NGN,Tier2_Verified,2024-02-25,29.37
FLR-ACC-100900,Kemi Yusuf,Individual,GB,GBP,Tier2_Verified,2026-06-04,52.6
FLR-ACC-100901,Kemi Okoro,Individual,NG,NGN,Tier1_Basic,2025-11-23,43.22
FLR-ACC-100902,Sunrise Consulting Inc,Business,NG,NGN,Tier3_Enhanced,2023-07-10,418.2
FLR-ACC-100903,Greenfield Retail Inc,Business,NG,NGN,Tier2_Verified,2025-02-17,246.23
FLR-ACC-100904,Aisha Williams,Individual,US,USD,Tier2_Verified,2026-03-02,156.14
FLR-ACC-100905,Grace Balogun,Individual,US,USD,Tier3_Enhanced,2023-05-09,38.66
FLR-ACC-100906,Ifeoma Adeyemi,Individual,NG,NGN,Tier2_Verified,2025-09-13,132.94
FLR-ACC-100907,Prime Technologies LLC,Business,NG,NGN,Tier2_Verified,2024-10-24,491.42
FLR-ACC-100908,Laura Fashola,Individual,FR,EUR,Tier3_Enhanced,2023-11-11,97.3
FLR-ACC-100909,Grace Eze,Individual,US,USD,Tier2_Verified,2024-02-07,12.74
FLR-ACC-100910,Metro Technologies LLC,Business,FR,EUR,Tier3_Enhanced,2025-03-17,2250.25
FLR-ACC-100911,Greenfield Consulting Inc,Business,NG,NGN,Tier1_Basic,2024-10-29,97.52
FLR-ACC-100912,Sunrise Ventures Co.,Business,US,USD,Tier3_Enhanced,2023-09-17,304.35
FLR-ACC-100913,Ifeoma Okafor,Individual,NG,NGN,Tier1_Basic,2025-12-08,33.1
FLR-ACC-100914,Blessing Adeyemi,Individual,GB,GBP,Tier2_Verified,2024-08-06,112.51
FLR-ACC-100915,Mary Adekunle,Individual,NG,NGN,Tier1_Basic,2025-11-14,98.06
FLR-ACC-100916,North Retail Ltd,Business,NG,NGN,Tier3_Enhanced,2025-04-02,188.51
FLR-ACC-100917,Urban Logistics LLC,Business,NG,NGN,Tier2_Verified,2024-03-23,792.75
FLR-ACC-100918,Yetunde Hassan,Individual,NG,NGN,Tier3_Enhanced,2025-03-18,102.75
FLR-ACC-100919,Silverline Technologies Co.,Business,GB,GBP,Tier2_Verified,2024-11-11,274.75
FLR-ACC-100920,Chioma Obi,Individual,GB,GBP,Tier1_Basic,2026-03-09,44.91
FLR-ACC-100921,Ben Adekunle,Individual,NG,NGN,Tier3_Enhanced,2025-12-17,47.98
FLR-ACC-100922,Musa Williams,Individual,GB,GBP,Tier1_Basic,2024-11-21,53.56
FLR-ACC-100923,Ruth Taylor,Individual,NG,NGN,Tier2_Verified,2024-06-02,83.42
FLR-ACC-100924,Ngozi Hassan,Individual,NG,NGN,Tier3_Enhanced,2024-02-22,90.71
FLR-ACC-100925,Kunle Chukwu,Individual,GB,GBP,Tier3_Enhanced,2025-03-19,36.17
FLR-ACC-100926,Greenfield Media Co.,Business,DE,EUR,Tier1_Basic,2025-04-20,468.09
FLR-ACC-100927,Femi Ibrahim,Individual,NG,NGN,Tier3_Enhanced,2026-02-12,66.74
FLR-ACC-100928,Apex Builders LLC,Business,DE,EUR,Tier2_Verified,2024-12-20,454.56
FLR-ACC-100929,North Media LLC,Business,NG,NGN,Tier2_Verified,2024-03-13,119.93
FLR-ACC-100930,Musa Eze,Individual,US,USD,Tier2_Verified,2024-07-14,23.85
FLR-ACC-100931,Chuka Okoro,Individual,NG,NGN,Tier2_Verified,2025-02-15,32.55
FLR-ACC-100932,Metro Logistics Inc,Business,NG,NGN,Tier3_Enhanced,2026-01-16,306.18
FLR-ACC-100933,Ben Okoro,Individual,NG,NGN,Tier2_Verified,2025-04-16,88.43
FLR-ACC-100934,Ruth Nwosu,Individual,US,USD,Tier3_Enhanced,2024-09-08,28.31
FLR-ACC-100935,Tunde Okafor,Individual,US,USD,Tier3_Enhanced,2025-05-21,286.59
FLR-ACC-100936,Global Foods LLC,Business,NG,NGN,Tier3_Enhanced,2024-06-22,158.77
FLR-ACC-100937,Musa Obi,Individual,NG,NGN,Tier3_Enhanced,2024-08-02,54.69
FLR-ACC-100938,Chioma Fashola,Individual,NG,NGN,Tier3_Enhanced,2024-09-02,53.21
FLR-ACC-100939,Kemi Smith,Individual,NG,NGN,Tier3_Enhanced,2023-01-10,24.51
FLR-ACC-100940,James Okafor,Individual,US,USD,Tier2_Verified,2025-12-07,104.18
FLR-ACC-100941,Kunle Taylor,Individual,NG,NGN,Tier1_Basic,2025-01-17,68.63
FLR-ACC-100942,Prime Technologies LLC,Business,NG,NGN,Tier1_Basic,2025-05-28,278.92
FLR-ACC-100943,Urban Textiles Ltd,Business,US,USD,Tier2_Verified,2025-01-16,329.13
FLR-ACC-100944,John Bello,Individual,NG,NGN,Tier2_Verified,2023-07-22,23.66
FLR-ACC-100945,Musa Obi,Individual,NG,NGN,Tier3_Enhanced,2025-03-10,110.52
FLR-ACC-100946,Daniel Green,Individual,NG,NGN,Tier2_Verified,2025-07-11,57.73
FLR-ACC-100947,Metro Consulting Ltd,Business,DE,EUR,Tier2_Verified,2025-10-17,230.09
FLR-ACC-100948,Sarah Brown,Individual,GB,GBP,Tier2_Verified,2025-06-14,99.16
FLR-ACC-100949,Bluewave Logistics Ltd,Business,NG,NGN,Tier3_Enhanced,2023-12-24,85.58
FLR-ACC-100950,Sarah Eze,Individual,US,USD,Tier3_Enhanced,2026-01-21,72.23
FLR-ACC-100951,James Johnson,Individual,FR,EUR,Tier2_Verified,2025-06-20,80.13
FLR-ACC-100952,Metro Ventures Co.,Business,NG,NGN,Tier1_Basic,2025-05-31,435.64
FLR-ACC-100953,Sarah Hassan,Individual,NG,NGN,Tier2_Verified,2024-12-16,73.2
FLR-ACC-100954,Urban Technologies LLC,Business,DE,EUR,Tier2_Verified,2024-04-26,1026.42
FLR-ACC-100955,Kemi Yusuf,Individual,US,USD,Tier1_Basic,2023-03-17,112.04
FLR-ACC-100956,Blessing Taylor,Individual,US,USD,Tier2_Verified,2025-11-01,33.22
FLR-ACC-100957,Global Consulting Co.,Business,NG,NGN,Tier2_Verified,2023-11-03,973.05
FLR-ACC-100958,Yetunde Hassan,Individual,US,USD,Tier1_Basic,2025-03-02,39.77
FLR-ACC-100959,Emeka Obi,Individual,US,USD,Tier2_Verified,2023-04-20,37.74
FLR-ACC-100960,Funke Nwosu,Individual,NG,NGN,Tier1_Basic,2023-01-29,73.85
FLR-ACC-100961,Bluewave Foods Inc,Business,FR,EUR,Tier2_Verified,2023-07-07,286.02
FLR-ACC-100962,Chioma Adekunle,Individual,GB,GBP,Tier2_Verified,2025-12-10,90.42
FLR-ACC-100963,Yetunde Taylor,Individual,NG,NGN,Tier1_Basic,2025-09-06,84.26
FLR-ACC-100964,Sarah Hassan,Individual,NG,NGN,Tier3_Enhanced,2024-01-06,89.47
FLR-ACC-100965,Chuka Johnson,Individual,US,USD,Tier2_Verified,2026-04-09,29.08
FLR-ACC-100966,Chidi Okafor,Individual,FR,EUR,Tier3_Enhanced,2023-11-24,65.31
FLR-ACC-100967,Emeka Johnson,Individual,FR,EUR,Tier1_Basic,2024-12-22,101.6
FLR-ACC-100968,Blessing Balogun,Individual,NG,NGN,Tier2_Verified,2025-12-04,112.56
FLR-ACC-100969,Blessing Fashola,Individual,NG,NGN,Tier2_Verified,2025-01-27,209.09
FLR-ACC-100970,Tunde Adeyemi,Individual,NG,NGN,Tier3_Enhanced,2024-02-05,121.01
FLR-ACC-100971,North Consulting Inc,Business,NG,NGN,Tier3_Enhanced,2024-10-27,148.25
FLR-ACC-100972,Sunrise Logistics Inc,Business,NG,NGN,Tier2_Verified,2026-02-19,411.12
FLR-ACC-100973,Sarah Okafor,Individual,NG,NGN,Tier2_Verified,2023-01-20,61.02
FLR-ACC-100974,Grace Johnson,Individual,GB,GBP,Tier2_Verified,2022-12-11,22.07
FLR-ACC-100975,Metro Technologies Co.,Business,US,USD,Tier3_Enhanced,2025-11-01,287.05
FLR-ACC-100976,Mary Balogun,Individual,NG,NGN,Tier3_Enhanced,2025-07-07,22.99
FLR-ACC-100977,Apex Foods Ltd,Business,NG,NGN,Tier2_Verified,2024-12-22,305.55
FLR-ACC-100978,Daniel Okoro,Individual,GB,GBP,Tier3_Enhanced,2025-11-21,157.53
FLR-ACC-100979,Bluewave Trading Inc,Business,FR,EUR,Tier3_Enhanced,2026-01-06,458.67
FLR-ACC-100980,Chidi Balogun,Individual,NG,NGN,Tier3_Enhanced,2023-01-26,26.34
FLR-ACC-100981,Tunde Adeyemi,Individual,DE,EUR,Tier2_Verified,2024-12-14,18.54
FLR-ACC-100982,Greenfield Media Inc,Business,US,USD,Tier2_Verified,2025-12-15,269.99
FLR-ACC-100983,Tunde Chukwu,Individual,NG,NGN,Tier2_Verified,2025-09-27,259.87
FLR-ACC-100984,North Media Co.,Business,US,USD,Tier3_Enhanced,2023-11-26,294.28
FLR-ACC-100985,Daniel Green,Individual,NG,NGN,Tier2_Verified,2024-01-15,43.43
FLR-ACC-100986,James Okafor,Individual,US,USD,Tier2_Verified,2026-02-11,399.65
FLR-ACC-100987,Aisha Okoro,Individual,NG,NGN,Tier2_Verified,2025-09-25,77.2
FLR-ACC-100988,John Williams,Individual,NG,NGN,Tier1_Basic,2026-07-28,39.07
FLR-ACC-100989,Kemi Bello,Individual,US,USD,Tier1_Basic,2025-07-04,51.45
FLR-ACC-100990,Peter Fashola,Individual,DE,EUR,Tier3_Enhanced,2023-02-10,24.67
FLR-ACC-100991,David Bello,Individual,GB,GBP,Tier2_Verified,2026-05-23,107.9
FLR-ACC-100992,Silverline Technologies Ltd,Business,NG,NGN,Tier2_Verified,2026-04-30,434.11
FLR-ACC-100993,Urban Retail Inc,Business,NG,NGN,Tier2_Verified,2023-11-01,145.13
FLR-ACC-100994,North Ventures LLC,Business,US,USD,Tier2_Verified,2023-08-23,146.22
FLR-ACC-100995,Metro Consulting Co.,Business,NG,NGN,Tier3_Enhanced,2025-11-17,234.89
FLR-ACC-100996,Urban Trading LLC,Business,GB,GBP,Tier2_Verified,2024-06-05,172.93
FLR-ACC-100997,Ruth Williams,Individual,NG,NGN,Tier3_Enhanced,2023-09-12,65.16
FLR-ACC-100998,Silverline Textiles LLC,Business,US,USD,Tier3_Enhanced,2025-05-12,73.94
FLR-ACC-100999,Femi Smith,Individual,NG,NGN,Tier2_Verified,2024-12-30,137.01
FLR-ACC-101000,Prime Logistics LLC,Business,NG,NGN,Tier3_Enhanced,2024-01-24,1048.2
FLR-ACC-101001,Bluewave Textiles LLC,Business,GB,GBP,Tier3_Enhanced,2023-06-14,69.78
FLR-ACC-101002,Daniel Obi,Individual,US,USD,Tier3_Enhanced,2024-04-11,23.6
FLR-ACC-101003,Olu Adeyemi,Individual,DE,EUR,Tier2_Verified,2024-11-22,57.98
FLR-ACC-101004,Emeka Yusuf,Individual,NG,NGN,Tier1_Basic,2024-11-15,85.67
FLR-ACC-101005,Chidi Williams,Individual,US,USD,Tier3_Enhanced,2024-12-25,108.89
FLR-ACC-101006,Olu Hassan,Individual,NG,NGN,Tier3_Enhanced,2024-01-28,53.78
FLR-ACC-101007,Mary Fashola,Individual,NG,NGN,Tier2_Verified,2023-03-06,59.84
FLR-ACC-101008,Musa Fashola,Individual,FR,EUR,Tier3_Enhanced,2024-08-30,25.39
FLR-ACC-101009,Bluewave Builders Co.,Business,NG,NGN,Tier2_Verified,2025-08-02,680.29
FLR-ACC-101010,North Logistics Co.,Business,NG,NGN,Tier3_Enhanced,2022-06-06,218.33
FLR-ACC-101011,Kemi Hassan,Individual,GB,GBP,Tier3_Enhanced,2025-09-07,43.54
FLR-ACC-101012,Musa Adekunle,Individual,US,USD,Tier3_Enhanced,2023-07-11,33.29
FLR-ACC-101013,Kunle Williams,Individual,US,USD,Tier2_Verified,2024-10-08,62.14
FLR-ACC-101014,Blessing Brown,Individual,US,USD,Tier2_Verified,2025-02-06,164.98
FLR-ACC-101015,Chuka Taylor,Individual,US,USD,Tier2_Verified,2026-04-29,81.29
FLR-ACC-101016,Kemi Balogun,Individual,US,USD,Tier2_Verified,2023-06-03,26.21
FLR-ACC-101017,Musa Adeyemi,Individual,US,USD,Tier3_Enhanced,2024-03-20,124.25
FLR-ACC-101018,Musa Yusuf,Individual,NG,NGN,Tier2_Verified,2025-01-09,115.44
FLR-ACC-101019,Ruth Nwosu,Individual,NG,NGN,Tier1_Basic,2025-08-27,22.54
FLR-ACC-101020,Global Foods Ltd,Business,GB,GBP,Tier2_Verified,2026-07-03,267.51
FLR-ACC-101021,Blessing Okafor,Individual,DE,EUR,Tier3_Enhanced,2024-09-12,110.38
FLR-ACC-101022,Ruth Bello,Individual,GB,GBP,Tier2_Verified,2025-11-04,36.37
FLR-ACC-101023,Ifeoma Adeyemi,Individual,NG,NGN,Tier2_Verified,2025-09-08,43.83
FLR-ACC-101024,Urban Trading Ltd,Business,NG,NGN,Tier1_Basic,2026-04-26,1216.99
FLR-ACC-101025,Kunle Johnson,Individual,NG,NGN,Tier1_Basic,2026-07-23,103.26
FLR-ACC-101026,Metro Ventures Co.,Business,NG,NGN,Tier2_Verified,2026-01-29,1395.63
FLR-ACC-101027,Kemi Green,Individual,NG,NGN,Tier2_Verified,2025-07-29,30.43
FLR-ACC-101028,Global Logistics Inc,Business,US,USD,Tier3_Enhanced,2025-01-19,2155.66
FLR-ACC-101029,Blessing Bello,Individual,NG,NGN,Tier2_Verified,2025-10-29,10.89
FLR-ACC-101030,Tobi Balogun,Individual,NG,NGN,Tier2_Verified,2025-02-13,71.11
FLR-ACC-101031,North Media Inc,Business,GB,GBP,Tier3_Enhanced,2024-10-07,580.95
FLR-ACC-101032,Sunrise Foods Co.,Business,FR,EUR,Tier2_Verified,2026-06-20,233.63
FLR-ACC-101033,Kunle Okoro,Individual,NG,NGN,Tier1_Basic,2024-05-27,19.67
FLR-ACC-101034,Ruth Fashola,Individual,NG,NGN,Tier2_Verified,2026-01-28,51.52
FLR-ACC-101035,North Ventures Co.,Business,GB,GBP,Tier3_Enhanced,2026-02-03,803.8
FLR-ACC-101036,Olu Okoro,Individual,US,USD,Tier3_Enhanced,2024-09-08,30.06
FLR-ACC-101037,Sarah Obi,Individual,NG,NGN,Tier2_Verified,2022-02-10,72.07
FLR-ACC-101038,Sunrise Retail Co.,Business,NG,NGN,Tier2_Verified,2025-06-01,598.52
FLR-ACC-101039,Chidi Brown,Individual,US,USD,Tier3_Enhanced,2025-03-31,41.67
FLR-ACC-101040,Aisha Nwosu,Individual,US,USD,Tier3_Enhanced,2025-09-17,33.06
FLR-ACC-101041,Emeka Johnson,Individual,NG,NGN,Tier3_Enhanced,2023-11-11,141.82
FLR-ACC-101042,Michael Adeyemi,Individual,US,USD,Tier2_Verified,2025-03-07,28.21
FLR-ACC-101043,Grace Williams,Individual,FR,EUR,Tier1_Basic,2025-03-05,110.27
FLR-ACC-101044,Grace Taylor,Individual,NG,NGN,Tier1_Basic,2023-07-22,30.81
FLR-ACC-101045,Blessing Okoro,Individual,DE,EUR,Tier2_Verified,2026-02-10,47.86
FLR-ACC-101046,Chidi Obi,Individual,NG,NGN,Tier3_Enhanced,2025-03-13,56.65
FLR-ACC-101047,North Trading LLC,Business,NG,NGN,Tier3_Enhanced,2024-02-04,1388.37
FLR-ACC-101048,Global Consulting Inc,Business,NG,NGN,Tier3_Enhanced,2024-10-04,303.77
FLR-ACC-101049,Mary Hassan,Individual,US,USD,Tier2_Verified,2024-04-30,98.64
FLR-ACC-101050,Femi Johnson,Individual,FR,EUR,Tier2_Verified,2023-05-19,36.43
FLR-ACC-101051,Peter Okoro,Individual,DE,EUR,Tier2_Verified,2025-04-11,149.89
FLR-ACC-101052,Aisha Bello,Individual,NG,NGN,Tier2_Verified,2025-07-25,29.68
FLR-ACC-101053,Kemi Ibrahim,Individual,NG,NGN,Tier3_Enhanced,2024-07-13,120.22
FLR-ACC-101054,Bluewave Retail LLC,Business,US,USD,Tier3_Enhanced,2023-10-23,1209.11
FLR-ACC-101055,Olu Eze,Individual,NG,NGN,Tier3_Enhanced,2025-08-27,24.43
FLR-ACC-101056,Michael Green,Individual,US,USD,Tier2_Verified,2024-06-30,128.44
FLR-ACC-101057,Yetunde Yusuf,Individual,NG,NGN,Tier3_Enhanced,2025-03-28,30.8
FLR-ACC-101058,Chidi Green,Individual,NG,NGN,Tier2_Verified,2025-04-25,33.27
FLR-ACC-101059,Metro Textiles LLC,Business,NG,NGN,Tier2_Verified,2025-06-17,183.09
FLR-ACC-101060,Urban Logistics LLC,Business,NG,NGN,Tier2_Verified,2025-08-16,216.99
FLR-ACC-101061,Yetunde Johnson,Individual,US,USD,Tier2_Verified,2023-04-05,46.52
FLR-ACC-101062,Global Textiles LLC,Business,US,USD,Tier1_Basic,2026-05-06,863.58
FLR-ACC-101063,Sunrise Retail Inc,Business,NG,NGN,Tier3_Enhanced,2023-09-16,2613.18
FLR-ACC-101064,Tobi Eze,Individual,NG,NGN,Tier2_Verified,2025-09-07,62.92
FLR-ACC-101065,Femi Ibrahim,Individual,GB,GBP,Tier1_Basic,2025-05-06,22.47
FLR-ACC-101066,Greenfield Consulting Inc,Business,NG,NGN,Tier1_Basic,2026-04-18,893.06
FLR-ACC-101067,Funke Adekunle,Individual,US,USD,Tier3_Enhanced,2025-04-02,18.61
FLR-ACC-101068,Sarah Adekunle,Individual,NG,NGN,Tier2_Verified,2023-03-24,79.4
FLR-ACC-101069,Metro Logistics Co.,Business,US,USD,Tier1_Basic,2025-12-18,238.03
FLR-ACC-101070,Michael Johnson,Individual,US,USD,Tier2_Verified,2025-06-23,33.53
FLR-ACC-101071,Metro Retail Ltd,Business,DE,EUR,Tier2_Verified,2024-01-03,138.2
FLR-ACC-101072,Yetunde Fashola,Individual,NG,NGN,Tier2_Verified,2026-01-05,105.01
FLR-ACC-101073,Chioma Hassan,Individual,US,USD,Tier3_Enhanced,2025-01-03,63.52
FLR-ACC-101074,Chioma Brown,Individual,NG,NGN,Tier3_Enhanced,2026-04-09,51.11
FLR-ACC-101075,Bluewave Builders Inc,Business,GB,GBP,Tier2_Verified,2024-01-15,94.45
FLR-ACC-101076,Funke Obi,Individual,NG,NGN,Tier2_Verified,2025-10-25,33.63
FLR-ACC-101077,Bluewave Foods LLC,Business,NG,NGN,Tier3_Enhanced,2024-10-19,228.28
FLR-ACC-101078,Yetunde Eze,Individual,NG,NGN,Tier2_Verified,2025-08-17,120.69
FLR-ACC-101079,Metro Logistics Inc,Business,GB,GBP,Tier1_Basic,2025-07-23,1567.85
FLR-ACC-101080,Urban Trading Inc,Business,GB,GBP,Tier3_Enhanced,2022-04-22,998.57
FLR-ACC-101081,Musa Smith,Individual,US,USD,Tier3_Enhanced,2024-12-20,162.16
FLR-ACC-101082,Bluewave Retail Inc,Business,GB,GBP,Tier2_Verified,2025-11-01,1257.98
FLR-ACC-101083,Chidi Adeyemi,Individual,GB,GBP,Tier2_Verified,2024-04-24,41.53
FLR-ACC-101084,James Brown,Individual,GB,GBP,Tier1_Basic,2024-06-10,60.9
FLR-ACC-101085,John Bello,Individual,US,USD,Tier2_Verified,2025-04-05,16.84
FLR-ACC-101086,Ngozi Yusuf,Individual,NG,NGN,Tier2_Verified,2025-06-26,86.01
FLR-ACC-101087,Mary Adeyemi,Individual,NG,NGN,Tier1_Basic,2026-05-16,86.88
FLR-ACC-101088,Chuka Okafor,Individual,NG,NGN,Tier1_Basic,2024-05-16,22.03
FLR-ACC-101089,Kemi Johnson,Individual,NG,NGN,Tier3_Enhanced,2024-09-29,101.47
FLR-ACC-101090,Ngozi Taylor,Individual,US,USD,Tier2_Verified,2024-03-20,46.04
FLR-ACC-101091,Kunle Brown,Individual,NG,NGN,Tier2_Verified,2023-10-15,13.76
FLR-ACC-101092,Sunrise Retail Co.,Business,NG,NGN,Tier3_Enhanced,2024-12-14,395.6
FLR-ACC-101093,Metro Textiles Co.,Business,NG,NGN,Tier2_Verified,2024-02-06,874.26
FLR-ACC-101094,Peter Hassan,Individual,FR,EUR,Tier2_Verified,2024-10-04,36.65
FLR-ACC-101095,Chioma Yusuf,Individual,GB,GBP,Tier3_Enhanced,2024-07-08,56.45
FLR-ACC-101096,Femi Ibrahim,Individual,NG,NGN,Tier1_Basic,2025-01-24,74.15
FLR-ACC-101097,Mary Balogun,Individual,NG,NGN,Tier2_Verified,2025-05-14,39.08
FLR-ACC-101098,Silverline Logistics Co.,Business,US,USD,Tier1_Basic,2026-05-31,270.95
FLR-ACC-101099,Chioma Fashola,Individual,NG,NGN,Tier3_Enhanced,2023-04-23,17.55
FLR-ACC-101100,Silverline Textiles Ltd,Business,US,USD,Tier2_Verified,2024-10-03,575.07
FLR-ACC-101101,Aisha Taylor,Individual,US,USD,Tier3_Enhanced,2025-03-19,58.02
FLR-ACC-101102,Ifeoma Fashola,Individual,GB,GBP,Tier1_Basic,2023-03-31,183.03
FLR-ACC-101103,Greenfield Trading Co.,Business,NG,NGN,Tier3_Enhanced,2022-09-03,688.65
FLR-ACC-101104,Funke Johnson,Individual,NG,NGN,Tier2_Verified,2024-12-15,48.9
FLR-ACC-101105,Bluewave Textiles Inc,Business,NG,NGN,Tier2_Verified,2025-01-29,138.62
FLR-ACC-101106,Chuka Chukwu,Individual,NG,NGN,Tier2_Verified,2025-08-21,12.99
FLR-ACC-101107,Yetunde Obi,Individual,GB,GBP,Tier2_Verified,2024-08-03,38.04
FLR-ACC-101108,Bluewave Technologies Co.,Business,US,USD,Tier3_Enhanced,2024-12-01,294.37
FLR-ACC-101109,Michael Eze,Individual,NG,NGN,Tier2_Verified,2025-10-19,76.93
FLR-ACC-101110,Ngozi Smith,Individual,NG,NGN,Tier2_Verified,2024-11-27,54.54
FLR-ACC-101111,Yetunde Williams,Individual,DE,EUR,Tier3_Enhanced,2024-08-22,54.8
FLR-ACC-101112,Tunde Bello,Individual,GB,GBP,Tier2_Verified,2025-08-19,123.66
FLR-ACC-101113,Amaka Eze,Individual,NG,NGN,Tier3_Enhanced,2023-06-19,68.72
FLR-ACC-101114,Bluewave Textiles Ltd,Business,NG,NGN,Tier1_Basic,2026-02-12,638.16
FLR-ACC-101115,North Ventures Co.,Business,US,USD,Tier2_Verified,2026-05-12,534.09
FLR-ACC-101116,Kemi Green,Individual,DE,EUR,Tier2_Verified,2023-12-03,74.34
FLR-ACC-101117,Michael Taylor,Individual,NG,NGN,Tier1_Basic,2023-10-08,50.12
FLR-ACC-101118,Silverline Trading Ltd,Business,NG,NGN,Tier3_Enhanced,2026-02-26,1745.17
FLR-ACC-101119,Grace Obi,Individual,NG,NGN,Tier3_Enhanced,2024-07-20,59.73
FLR-ACC-101120,Urban Consulting Ltd,Business,US,USD,Tier1_Basic,2024-07-16,762.16
FLR-ACC-101121,Musa Johnson,Individual,GB,GBP,Tier2_Verified,2024-11-23,138.81
FLR-ACC-101122,Global Retail Inc,Business,NG,NGN,Tier2_Verified,2026-01-15,352.27
FLR-ACC-101123,Aisha Bello,Individual,NG,NGN,Tier2_Verified,2025-08-11,35.45
FLR-ACC-101124,Apex Logistics Co.,Business,DE,EUR,Tier3_Enhanced,2026-02-09,759.89
FLR-ACC-101125,Urban Technologies Co.,Business,FR,EUR,Tier1_Basic,2026-07-08,1386.58
FLR-ACC-101126,Global Technologies Inc,Business,GB,GBP,Tier2_Verified,2026-08-02,2034.92
FLR-ACC-101127,Chioma Okoro,Individual,NG,NGN,Tier3_Enhanced,2023-10-13,55.43
FLR-ACC-101128,Silverline Foods Co.,Business,NG,NGN,Tier2_Verified,2025-11-03,1935.05
FLR-ACC-101129,Mary Green,Individual,US,USD,Tier1_Basic,2025-07-18,48.39
FLR-ACC-101130,Ifeoma Adekunle,Individual,NG,NGN,Tier2_Verified,2024-10-31,51.58
FLR-ACC-101131,John Okafor,Individual,NG,NGN,Tier3_Enhanced,2024-09-27,87.05
FLR-ACC-101132,John Taylor,Individual,NG,NGN,Tier3_Enhanced,2025-04-19,50.65
FLR-ACC-101133,Chioma Williams,Individual,GB,GBP,Tier1_Basic,2024-12-03,28.69
FLR-ACC-101134,Silverline Foods Co.,Business,US,USD,Tier3_Enhanced,2024-06-16,310.4
FLR-ACC-101135,John Bello,Individual,US,USD,Tier2_Verified,2025-02-01,404.15
FLR-ACC-101136,Chioma Balogun,Individual,DE,EUR,Tier3_Enhanced,2025-04-24,81.35
FLR-ACC-101137,Aisha Nwosu,Individual,NG,NGN,Tier2_Verified,2025-11-05,88.08
FLR-ACC-101138,Sunrise Logistics Co.,Business,US,USD,Tier2_Verified,2026-04-10,182.04
FLR-ACC-101139,John Okoro,Individual,GB,GBP,Tier1_Basic,2026-06-07,42.48
FLR-ACC-101140,Blessing Smith,Individual,GB,GBP,Tier2_Verified,2025-12-25,48.89
FLR-ACC-101141,Greenfield Textiles Inc,Business,NG,NGN,Tier2_Verified,2025-02-18,508.86
FLR-ACC-101142,Kunle Nwosu,Individual,NG,NGN,Tier3_Enhanced,2024-10-02,87.88
FLR-ACC-101143,Funke Eze,Individual,DE,EUR,Tier2_Verified,2025-08-01,20.61
FLR-ACC-101144,Sarah Obi,Individual,NG,NGN,Tier2_Verified,2024-07-18,65.86
FLR-ACC-101145,Daniel Obi,Individual,NG,NGN,Tier2_Verified,2023-09-10,118.54
FLR-ACC-101146,Apex Technologies Ltd,Business,FR,EUR,Tier2_Verified,2025-02-01,1228.06
FLR-ACC-101147,Ruth Fashola,Individual,US,USD,Tier2_Verified,2025-04-05,7.42
FLR-ACC-101148,Grace Okafor,Individual,DE,EUR,Tier2_Verified,2025-03-28,118.8
FLR-ACC-101149,James Adeyemi,Individual,NG,NGN,Tier2_Verified,2026-05-06,39.73
FLR-ACC-101150,Emeka Johnson,Individual,US,USD,Tier2_Verified,2025-07-21,32.46
FLR-ACC-101151,Chuka Williams,Individual,NG,NGN,Tier3_Enhanced,2023-11-05,149.99
FLR-ACC-101152,Femi Adekunle,Individual,NG,NGN,Tier1_Basic,2026-07-25,169.22
FLR-ACC-101153,Apex Media LLC,Business,US,USD,Tier2_Verified,2024-10-11,309.37
FLR-ACC-101154,Laura Chukwu,Individual,FR,EUR,Tier1_Basic,2024-10-16,53.72
FLR-ACC-101155,Ifeoma Balogun,Individual,GB,GBP,Tier2_Verified,2024-06-23,33.45
FLR-ACC-101156,Ruth Brown,Individual,US,USD,Tier3_Enhanced,2024-10-11,38.24
FLR-ACC-101157,Metro Retail Co.,Business,NG,NGN,Tier3_Enhanced,2025-09-09,312.23
FLR-ACC-101158,Prime Technologies LLC,Business,DE,EUR,Tier3_Enhanced,2024-09-25,91.96
FLR-ACC-101159,Chuka Brown,Individual,NG,NGN,Tier1_Basic,2025-10-29,45.47
FLR-ACC-101160,North Foods Inc,Business,US,USD,Tier1_Basic,2025-10-15,1549.17
FLR-ACC-101161,Ruth Nwosu,Individual,GB,GBP,Tier2_Verified,2025-03-03,30.7
FLR-ACC-101162,Greenfield Trading Ltd,Business,NG,NGN,Tier2_Verified,2026-02-24,288.74
FLR-ACC-101163,Amaka Obi,Individual,DE,EUR,Tier1_Basic,2026-01-23,46.26
FLR-ACC-101164,Funke Obi,Individual,US,USD,Tier3_Enhanced,2024-03-20,44.8
FLR-ACC-101165,Silverline Media LLC,Business,NG,NGN,Tier2_Verified,2025-08-12,377.75
FLR-ACC-101166,John Okafor,Individual,NG,NGN,Tier2_Verified,2025-12-19,70.52
FLR-ACC-101167,North Retail LLC,Business,NG,NGN,Tier3_Enhanced,2025-07-09,694.49
FLR-ACC-101168,Grace Johnson,Individual,FR,EUR,Tier3_Enhanced,2024-02-15,64.36
FLR-ACC-101169,David Smith,Individual,NG,NGN,Tier2_Verified,2026-01-06,75.61
FLR-ACC-101170,Kunle Brown,Individual,GB,GBP,Tier2_Verified,2025-08-06,91.17
FLR-ACC-101171,North Retail Ltd,Business,GB,GBP,Tier3_Enhanced,2025-01-13,1300.48
FLR-ACC-101172,Peter Adekunle,Individual,NG,NGN,Tier3_Enhanced,2024-04-30,43.28
FLR-ACC-101173,Sunrise Media LLC,Business,NG,NGN,Tier2_Verified,2025-06-07,157.06
FLR-ACC-101174,Apex Textiles Co.,Business,NG,NGN,Tier2_Verified,2025-09-28,1190.13
FLR-ACC-101175,Daniel Bello,Individual,US,USD,Tier3_Enhanced,2024-06-18,26.36
FLR-ACC-101176,Ben Hassan,Individual,DE,EUR,Tier2_Verified,2025-03-30,29.46
FLR-ACC-101177,Silverline Foods LLC,Business,GB,GBP,Tier2_Verified,2025-03-29,650.23
FLR-ACC-101178,Chuka Adekunle,Individual,US,USD,Tier3_Enhanced,2024-03-04,27.49
FLR-ACC-101179,James Williams,Individual,NG,NGN,Tier3_Enhanced,2025-10-13,36.84
FLR-ACC-101180,Amaka Johnson,Individual,GB,GBP,Tier3_Enhanced,2022-10-18,85.65
FLR-ACC-101181,Aisha Chukwu,Individual,GB,GBP,Tier1_Basic,2025-07-27,63.21
FLR-ACC-101182,Michael Bello,Individual,US,USD,Tier2_Verified,2025-11-28,129.67
FLR-ACC-101183,Ifeoma Smith,Individual,NG,NGN,Tier3_Enhanced,2024-12-05,74.77
FLR-ACC-101184,North Media Co.,Business,NG,NGN,Tier2_Verified,2025-04-19,145.65
FLR-ACC-101185,Greenfield Foods Co.,Business,NG,NGN,Tier2_Verified,2026-08-06,1300.62
FLR-ACC-101186,Grace Ibrahim,Individual,GB,GBP,Tier2_Verified,2023-09-18,93.37
FLR-ACC-101187,Femi Okoro,Individual,NG,NGN,Tier2_Verified,2024-04-29,16.09
FLR-ACC-101188,Emeka Bello,Individual,FR,EUR,Tier2_Verified,2025-10-19,34.81
FLR-ACC-101189,Apex Media LLC,Business,NG,NGN,Tier1_Basic,2026-05-08,371.2
FLR-ACC-101190,Ngozi Chukwu,Individual,NG,NGN,Tier2_Verified,2025-12-06,189.11
FLR-ACC-101191,Michael Eze,Individual,GB,GBP,Tier3_Enhanced,2025-03-04,52.57
FLR-ACC-101192,Prime Trading Co.,Business,GB,GBP,Tier1_Basic,2026-05-12,482.19
FLR-ACC-101193,Aisha Johnson,Individual,NG,NGN,Tier2_Verified,2025-12-03,106.15
FLR-ACC-101194,Musa Eze,Individual,DE,EUR,Tier3_Enhanced,2024-03-19,64.93
FLR-ACC-101195,Ruth Okoro,Individual,NG,NGN,Tier3_Enhanced,2024-10-15,42.97
FLR-ACC-101196,Tunde Okoro,Individual,GB,GBP,Tier3_Enhanced,2025-06-07,67.5
FLR-ACC-101197,Prime Media Co.,Business,NG,NGN,Tier2_Verified,2025-03-10,558.88
FLR-ACC-101198,Laura Adekunle,Individual,NG,NGN,Tier2_Verified,2024-06-07,86.25
FLR-ACC-101199,Olu Taylor,Individual,US,USD,Tier2_Verified,2025-07-20,42.51
FLR-ACC-101200,Amaka Adekunle,Individual,DE,EUR,Tier1_Basic,2025-09-22,61.14
FLR-ACC-101201,Urban Textiles LLC,Business,GB,GBP,Tier3_Enhanced,2023-10-21,809.67
FLR-ACC-101202,Yetunde Nwosu,Individual,NG,NGN,Tier3_Enhanced,2023-12-18,25.28
FLR-ACC-101203,Metro Retail LLC,Business,FR,EUR,Tier1_Basic,2026-07-13,143.33
FLR-ACC-101204,Apex Textiles Inc,Business,NG,NGN,Tier2_Verified,2022-09-16,1757.58
FLR-ACC-101205,Metro Technologies Ltd,Business,NG,NGN,Tier3_Enhanced,2025-04-27,44.05
FLR-ACC-101206,Amaka Yusuf,Individual,NG,NGN,Tier2_Verified,2023-10-30,93.52
FLR-ACC-101207,Tunde Yusuf,Individual,FR,EUR,Tier3_Enhanced,2023-04-07,24.03
FLR-ACC-101208,Femi Yusuf,Individual,FR,EUR,Tier2_Verified,2023-04-27,77.81
FLR-ACC-101209,Metro Ventures Ltd,Business,NG,NGN,Tier2_Verified,2025-09-21,728.33
FLR-ACC-101210,Urban Retail LLC,Business,US,USD,Tier2_Verified,2026-06-19,190.65
FLR-ACC-101211,Mary Ibrahim,Individual,US,USD,Tier2_Verified,2025-09-28,45.63
FLR-ACC-101212,Sunrise Consulting Co.,Business,NG,NGN,Tier1_Basic,2024-05-09,327.43
FLR-ACC-101213,Prime Consulting LLC,Business,NG,NGN,Tier2_Verified,2023-09-25,372.43
FLR-ACC-101214,Greenfield Builders Ltd,Business,FR,EUR,Tier2_Verified,2024-06-26,584.37
FLR-ACC-101215,Urban Foods Ltd,Business,NG,NGN,Tier3_Enhanced,2024-06-22,648.74
FLR-ACC-101216,Silverline Retail Co.,Business,GB,GBP,Tier2_Verified,2022-09-21,603.07
FLR-ACC-101217,Silverline Consulting Ltd,Business,NG,NGN,Tier2_Verified,2023-12-18,427.86
FLR-ACC-101218,Chidi Balogun,Individual,NG,NGN,Tier2_Verified,2026-01-13,77.86
FLR-ACC-101219,Tobi Brown,Individual,US,USD,Tier3_Enhanced,2025-05-14,142.74
FLR-ACC-101220,Apex Technologies LLC,Business,NG,NGN,Tier3_Enhanced,2023-07-21,245.32
FLR-ACC-101221,Grace Williams,Individual,GB,GBP,Tier2_Verified,2025-02-04,217.39
FLR-ACC-101222,Musa Balogun,Individual,US,USD,Tier1_Basic,2024-05-31,99.97
FLR-ACC-101223,Greenfield Retail LLC,Business,GB,GBP,Tier2_Verified,2025-11-04,458.91
FLR-ACC-101224,Ifeoma Yusuf,Individual,NG,NGN,Tier2_Verified,2022-11-19,77.36
FLR-ACC-101225,Ruth Adekunle,Individual,FR,EUR,Tier1_Basic,2024-11-16,60.24
FLR-ACC-101226,Apex Trading Inc,Business,NG,NGN,Tier1_Basic,2025-10-25,57.92
FLR-ACC-101227,John Adeyemi,Individual,FR,EUR,Tier3_Enhanced,2023-11-04,31.45
FLR-ACC-101228,Sunrise Textiles Inc,Business,US,USD,Tier3_Enhanced,2024-08-25,158.55
FLR-ACC-101229,Prime Foods LLC,Business,GB,GBP,Tier1_Basic,2026-07-30,866.64
FLR-ACC-101230,Yetunde Okoro,Individual,NG,NGN,Tier2_Verified,2025-10-25,95.01
FLR-ACC-101231,Chioma Smith,Individual,NG,NGN,Tier2_Verified,2025-02-10,208.81
FLR-ACC-101232,Ifeoma Johnson,Individual,US,USD,Tier3_Enhanced,2023-11-27,138.45
FLR-ACC-101233,Sunrise Trading Inc,Business,GB,GBP,Tier1_Basic,2026-04-18,999.27
FLR-ACC-101234,Amaka Balogun,Individual,NG,NGN,Tier3_Enhanced,2025-02-23,117.36
FLR-ACC-101235,Daniel Okoro,Individual,FR,EUR,Tier3_Enhanced,2024-05-19,51.21
FLR-ACC-101236,Sunrise Media Co.,Business,NG,NGN,Tier3_Enhanced,2024-01-25,550.17
FLR-ACC-101237,Daniel Obi,Individual,GB,GBP,Tier3_Enhanced,2023-03-21,116.93
FLR-ACC-101238,Global Technologies Ltd,Business,DE,EUR,Tier1_Basic,2025-05-15,1883.66
FLR-ACC-101239,Global Foods LLC,Business,FR,EUR,Tier1_Basic,2025-10-16,511.83
FLR-ACC-101240,Olu Yusuf,Individual,NG,NGN,Tier3_Enhanced,2023-09-28,44.55
FLR-ACC-101241,Tobi Chukwu,Individual,NG,NGN,Tier2_Verified,2023-03-03,90.48
FLR-ACC-101242,Blessing Hassan,Individual,NG,NGN,Tier3_Enhanced,2024-11-22,111.0
FLR-ACC-101243,Sarah Balogun,Individual,NG,NGN,Tier2_Verified,2024-02-16,38.0
FLR-ACC-101244,David Eze,Individual,US,USD,Tier1_Basic,2024-02-15,18.64
FLR-ACC-101245,Global Foods LLC,Business,US,USD,Tier2_Verified,2023-12-17,284.39
FLR-ACC-101246,Musa Nwosu,Individual,NG,NGN,Tier3_Enhanced,2024-12-07,75.92
FLR-ACC-101247,Olu Green,Individual,US,USD,Tier3_Enhanced,2024-12-28,82.75
FLR-ACC-101248,Ruth Adeyemi,Individual,GB,GBP,Tier1_Basic,2026-02-24,66.17
FLR-ACC-101249,Peter Fashola,Individual,NG,NGN,Tier2_Verified,2024-11-21,190.01
FLR-ACC-101250,Global Ventures Inc,Business,US,USD,Tier3_Enhanced,2025-06-21,95.15
FLR-ACC-101251,Chidi Johnson,Individual,US,USD,Tier2_Verified,2024-12-14,30.71
FLR-ACC-101252,Ngozi Bello,Individual,US,USD,Tier2_Verified,2023-03-01,77.39
FLR-ACC-101253,Mary Adeyemi,Individual,FR,EUR,Tier2_Verified,2024-03-22,141.77
FLR-ACC-101254,Sunrise Textiles Inc,Business,FR,EUR,Tier3_Enhanced,2025-03-15,100.2
FLR-ACC-101255,Grace Johnson,Individual,NG,NGN,Tier1_Basic,2022-03-25,264.81
FLR-ACC-101256,Tunde Hassan,Individual,NG,NGN,Tier1_Basic,2024-10-13,48.37
FLR-ACC-101257,Tunde Nwosu,Individual,NG,NGN,Tier2_Verified,2024-08-12,35.17
FLR-ACC-101258,Global Foods Inc,Business,NG,NGN,Tier2_Verified,2025-11-14,220.04
FLR-ACC-101259,Silverline Logistics Ltd,Business,NG,NGN,Tier2_Verified,2026-07-11,946.63
FLR-ACC-101260,Greenfield Trading LLC,Business,NG,NGN,Tier3_Enhanced,2024-08-22,4516.3
FLR-ACC-101261,Laura Hassan,Individual,GB,GBP,Tier2_Verified,2025-03-18,47.12
FLR-ACC-101262,Tobi Balogun,Individual,NG,NGN,Tier1_Basic,2025-07-19,185.47
FLR-ACC-101263,Sunrise Technologies Ltd,Business,NG,NGN,Tier2_Verified,2026-01-21,328.2
FLR-ACC-101264,North Consulting Ltd,Business,US,USD,Tier2_Verified,2023-06-26,878.97
FLR-ACC-101265,Chuka Okafor,Individual,NG,NGN,Tier1_Basic,2023-08-13,103.86
FLR-ACC-101266,Urban Logistics LLC,Business,GB,GBP,Tier3_Enhanced,2024-08-07,455.84
FLR-ACC-101267,Emeka Okoro,Individual,US,USD,Tier2_Verified,2024-01-19,24.69
FLR-ACC-101268,Chioma Hassan,Individual,NG,NGN,Tier3_Enhanced,2023-09-09,46.7
FLR-ACC-101269,Ngozi Adekunle,Individual,GB,GBP,Tier1_Basic,2023-06-18,16.76
FLR-ACC-101270,Kemi Taylor,Individual,US,USD,Tier2_Verified,2025-09-15,40.77
FLR-ACC-101271,Sunrise Ventures Co.,Business,NG,NGN,Tier3_Enhanced,2023-08-24,2032.76
FLR-ACC-101272,Global Ventures Co.,Business,FR,EUR,Tier3_Enhanced,2026-04-26,629.85
FLR-ACC-101273,Sarah Adeyemi,Individual,NG,NGN,Tier1_Basic,2025-06-15,37.48
FLR-ACC-101274,North Builders Ltd,Business,GB,GBP,Tier2_Verified,2025-04-22,207.73
FLR-ACC-101275,Tunde Taylor,Individual,NG,NGN,Tier3_Enhanced,2025-05-25,35.49
FLR-ACC-101276,Chidi Adeyemi,Individual,US,USD,Tier3_Enhanced,2024-11-19,12.76
FLR-ACC-101277,Chuka Fashola,Individual,GB,GBP,Tier3_Enhanced,2022-12-21,54.21
FLR-ACC-101278,Ben Nwosu,Individual,US,USD,Tier2_Verified,2025-12-31,35.63
FLR-ACC-101279,Ruth Adeyemi,Individual,US,USD,Tier2_Verified,2023-09-18,52.92
FLR-ACC-101280,Chioma Yusuf,Individual,NG,NGN,Tier3_Enhanced,2025-09-13,66.4
FLR-ACC-101281,Chioma Smith,Individual,NG,NGN,Tier3_Enhanced,2025-08-03,28.3
FLR-ACC-101282,Mary Brown,Individual,FR,EUR,Tier1_Basic,2025-10-27,157.27
FLR-ACC-101283,Chuka Chukwu,Individual,NG,NGN,Tier3_Enhanced,2023-08-08,45.82
FLR-ACC-101284,Silverline Builders LLC,Business,DE,EUR,Tier2_Verified,2025-07-20,81.98
FLR-ACC-101285,Global Builders Co.,Business,FR,EUR,Tier1_Basic,2025-10-01,1019.46
FLR-ACC-101286,Emeka Adeyemi,Individual,NG,NGN,Tier2_Verified,2025-03-13,45.91
FLR-ACC-101287,Mary Fashola,Individual,FR,EUR,Tier1_Basic,2025-11-28,18.77
FLR-ACC-101288,Urban Logistics Co.,Business,NG,NGN,Tier2_Verified,2025-03-03,758.72
FLR-ACC-101289,Kunle Williams,Individual,NG,NGN,Tier2_Verified,2025-01-07,50.26
FLR-ACC-101290,Blessing Nwosu,Individual,NG,NGN,Tier2_Verified,2024-12-05,69.07
FLR-ACC-101291,Michael Smith,Individual,NG,NGN,Tier2_Verified,2025-08-29,18.36
FLR-ACC-101292,Tobi Johnson,Individual,GB,GBP,Tier3_Enhanced,2023-11-29,34.39
FLR-ACC-101293,Global Builders Inc,Business,FR,EUR,Tier1_Basic,2023-07-24,334.7
FLR-ACC-101294,Musa Okafor,Individual,NG,NGN,Tier2_Verified,2024-06-28,28.53
FLR-ACC-101295,Urban Trading LLC,Business,US,USD,Tier3_Enhanced,2024-10-01,464.9
FLR-ACC-101296,Silverline Builders Co.,Business,NG,NGN,Tier2_Verified,2023-10-25,648.57
FLR-ACC-101297,Sunrise Consulting Inc,Business,GB,GBP,Tier1_Basic,2026-02-11,703.03
FLR-ACC-101298,Ngozi Green,Individual,US,USD,Tier2_Verified,2025-11-10,103.32
FLR-ACC-101299,Greenfield Consulting LLC,Business,NG,NGN,Tier2_Verified,2023-12-01,433.68
FLR-ACC-101300,Blessing Eze,Individual,GB,GBP,Tier1_Basic,2026-07-10,36.96
FLR-ACC-101301,Apex Builders Co.,Business,NG,NGN,Tier3_Enhanced,2025-07-23,256.17
FLR-ACC-101302,Laura Ibrahim,Individual,NG,NGN,Tier3_Enhanced,2023-06-13,31.7
FLR-ACC-101303,Olu Johnson,Individual,DE,EUR,Tier1_Basic,2025-08-13,42.65
FLR-ACC-101304,Bluewave Retail Inc,Business,NG,NGN,Tier3_Enhanced,2024-02-08,1196.2
FLR-ACC-101305,Olu Yusuf,Individual,NG,NGN,Tier2_Verified,2026-05-24,34.76
FLR-ACC-101306,Daniel Ibrahim,Individual,NG,NGN,Tier2_Verified,2025-08-04,172.63
FLR-ACC-101307,Global Consulting Co.,Business,GB,GBP,Tier2_Verified,2025-03-24,295.28
FLR-ACC-101308,Global Textiles Co.,Business,NG,NGN,Tier2_Verified,2024-12-14,237.31
FLR-ACC-101309,Sunrise Media Inc,Business,NG,NGN,Tier1_Basic,2026-01-10,327.97
FLR-ACC-101310,Chioma Brown,Individual,NG,NGN,Tier1_Basic,2024-11-24,25.87
FLR-ACC-101311,James Yusuf,Individual,NG,NGN,Tier2_Verified,2025-11-14,18.62
FLR-ACC-101312,Chidi Bello,Individual,NG,NGN,Tier2_Verified,2024-09-19,23.52
FLR-ACC-101313,Sunrise Builders Inc,Business,GB,GBP,Tier2_Verified,2024-05-07,1013.05
FLR-ACC-101314,Grace Green,Individual,NG,NGN,Tier2_Verified,2025-06-05,115.68
FLR-ACC-101315,Ifeoma Balogun,Individual,NG,NGN,Tier2_Verified,2025-05-28,12.08
FLR-ACC-101316,Musa Obi,Individual,NG,NGN,Tier3_Enhanced,2025-04-07,99.64
FLR-ACC-101317,Olu Taylor,Individual,NG,NGN,Tier2_Verified,2025-11-20,49.54
FLR-ACC-101318,Global Ventures Ltd,Business,NG,NGN,Tier2_Verified,2026-01-24,428.78
FLR-ACC-101319,Olu Obi,Individual,NG,NGN,Tier1_Basic,2025-10-15,95.89
FLR-ACC-101320,Silverline Foods Inc,Business,GB,GBP,Tier3_Enhanced,2024-11-25,949.15
FLR-ACC-101321,Funke Yusuf,Individual,NG,NGN,Tier3_Enhanced,2025-02-08,106.63
FLR-ACC-101322,James Okafor,Individual,US,USD,Tier2_Verified,2024-07-03,62.09
FLR-ACC-101323,David Balogun,Individual,NG,NGN,Tier3_Enhanced,2026-01-23,22.38
FLR-ACC-101324,Olu Smith,Individual,US,USD,Tier2_Verified,2026-01-08,107.77
FLR-ACC-101325,Silverline Retail Inc,Business,DE,EUR,Tier1_Basic,2024-05-04,95.29
FLR-ACC-101326,Metro Textiles Co.,Business,US,USD,Tier3_Enhanced,2026-03-13,691.44
FLR-ACC-101327,Kunle Green,Individual,US,USD,Tier2_Verified,2026-05-07,30.45
FLR-ACC-101328,Urban Consulting Inc,Business,DE,EUR,Tier2_Verified,2024-04-18,108.59
FLR-ACC-101329,John Brown,Individual,NG,NGN,Tier1_Basic,2025-07-01,69.94
FLR-ACC-101330,North Logistics Ltd,Business,NG,NGN,Tier2_Verified,2026-01-21,372.26
FLR-ACC-101331,Tobi Johnson,Individual,NG,NGN,Tier1_Basic,2026-07-05,24.89
FLR-ACC-101332,Michael Bello,Individual,NG,NGN,Tier2_Verified,2026-05-23,67.96
FLR-ACC-101333,John Green,Individual,GB,GBP,Tier2_Verified,2024-09-04,33.7
FLR-ACC-101334,Amaka Balogun,Individual,NG,NGN,Tier2_Verified,2024-11-04,69.75
FLR-ACC-101335,Global Logistics LLC,Business,NG,NGN,Tier3_Enhanced,2023-01-28,160.88
FLR-ACC-101336,Ruth Bello,Individual,DE,EUR,Tier2_Verified,2025-04-07,69.72
FLR-ACC-101337,Greenfield Consulting Ltd,Business,GB,GBP,Tier2_Verified,2026-01-04,671.65
FLR-ACC-101338,Michael Green,Individual,US,USD,Tier2_Verified,2025-07-09,23.47
FLR-ACC-101339,Bluewave Logistics Inc,Business,NG,NGN,Tier1_Basic,2026-05-31,1355.89
FLR-ACC-101340,Olu Smith,Individual,FR,EUR,Tier1_Basic,2025-07-25,18.97
FLR-ACC-101341,Chuka Green,Individual,NG,NGN,Tier3_Enhanced,2023-11-19,75.78
FLR-ACC-101342,Olu Adeyemi,Individual,NG,NGN,Tier1_Basic,2025-08-12,30.82
FLR-ACC-101343,Blessing Okafor,Individual,GB,GBP,Tier3_Enhanced,2022-10-06,34.56
FLR-ACC-101344,Daniel Williams,Individual,DE,EUR,Tier3_Enhanced,2024-08-09,24.36
FLR-ACC-101345,Mary Green,Individual,NG,NGN,Tier2_Verified,2024-05-01,47.62
FLR-ACC-101346,Daniel Okafor,Individual,FR,EUR,Tier1_Basic,2024-03-26,44.79
FLR-ACC-101347,Yetunde Williams,Individual,GB,GBP,Tier3_Enhanced,2025-03-05,30.35
FLR-ACC-101348,Ngozi Fashola,Individual,DE,EUR,Tier1_Basic,2026-04-24,70.63
FLR-ACC-101349,David Adekunle,Individual,GB,GBP,Tier3_Enhanced,2022-11-24,77.4
FLR-ACC-101350,Global Technologies Co.,Business,GB,GBP,Tier1_Basic,2024-11-07,356.93
FLR-ACC-101351,Yetunde Fashola,Individual,NG,NGN,Tier3_Enhanced,2024-02-20,73.09
FLR-ACC-101352,Kemi Adekunle,Individual,NG,NGN,Tier2_Verified,2025-10-18,20.89
FLR-ACC-101353,Ngozi Bello,Individual,NG,NGN,Tier2_Verified,2026-03-03,63.57
FLR-ACC-101354,Olu Obi,Individual,NG,NGN,Tier2_Verified,2026-03-30,58.09
FLR-ACC-101355,Prime Foods LLC,Business,US,USD,Tier1_Basic,2025-07-06,4233.32
FLR-ACC-101356,David Hassan,Individual,DE,EUR,Tier2_Verified,2025-11-09,28.36
FLR-ACC-101357,Ifeoma Green,Individual,NG,NGN,Tier2_Verified,2025-07-22,71.05
FLR-ACC-101358,James Obi,Individual,FR,EUR,Tier2_Verified,2024-08-01,37.26
FLR-ACC-101359,Emeka Adekunle,Individual,NG,NGN,Tier3_Enhanced,2026-03-01,111.89
FLR-ACC-101360,Femi Nwosu,Individual,FR,EUR,Tier2_Verified,2024-10-24,72.87
FLR-ACC-101361,Ifeoma Taylor,Individual,NG,NGN,Tier2_Verified,2024-03-03,91.16
FLR-ACC-101362,Bluewave Ventures Ltd,Business,US,USD,Tier3_Enhanced,2024-08-12,633.31
FLR-ACC-101363,Urban Media Inc,Business,US,USD,Tier2_Verified,2022-10-14,105.91
FLR-ACC-101364,Daniel Hassan,Individual,NG,NGN,Tier2_Verified,2023-05-08,35.57
FLR-ACC-101365,Bluewave Media LLC,Business,GB,GBP,Tier1_Basic,2025-11-23,373.15
FLR-ACC-101366,Laura Okoro,Individual,US,USD,Tier1_Basic,2026-04-07,34.75
FLR-ACC-101367,Musa Brown,Individual,NG,NGN,Tier2_Verified,2025-01-29,35.48
FLR-ACC-101368,Funke Yusuf,Individual,NG,NGN,Tier2_Verified,2024-05-09,316.88
FLR-ACC-101369,Chuka Taylor,Individual,NG,NGN,Tier3_Enhanced,2026-02-06,31.38
FLR-ACC-101370,Apex Media Ltd,Business,GB,GBP,Tier3_Enhanced,2025-03-11,952.26
FLR-ACC-101371,Bluewave Technologies Co.,Business,NG,NGN,Tier1_Basic,2024-12-15,465.24
FLR-ACC-101372,John Taylor,Individual,NG,NGN,Tier2_Verified,2024-02-25,50.19
FLR-ACC-101373,Ruth Taylor,Individual,NG,NGN,Tier3_Enhanced,2025-08-21,157.86
FLR-ACC-101374,Silverline Logistics Ltd,Business,NG,NGN,Tier2_Verified,2024-09-15,449.48
FLR-ACC-101375,Bluewave Trading Inc,Business,US,USD,Tier2_Verified,2025-09-16,156.88
FLR-ACC-101376,Musa Bello,Individual,NG,NGN,Tier2_Verified,2024-06-01,60.84
FLR-ACC-101377,Metro Retail LLC,Business,NG,NGN,Tier3_Enhanced,2025-08-01,243.99
FLR-ACC-101378,Prime Builders Inc,Business,US,USD,Tier3_Enhanced,2024-07-15,1806.25
FLR-ACC-101379,North Textiles Inc,Business,FR,EUR,Tier2_Verified,2023-11-29,712.15
FLR-ACC-101380,Kemi Chukwu,Individual,DE,EUR,Tier2_Verified,2025-03-12,51.43
FLR-ACC-101381,Tobi Ibrahim,Individual,NG,NGN,Tier3_Enhanced,2024-05-23,74.2
FLR-ACC-101382,Laura Ibrahim,Individual,NG,NGN,Tier2_Verified,2026-03-22,108.61
FLR-ACC-101383,David Johnson,Individual,DE,EUR,Tier2_Verified,2026-01-20,29.55
FLR-ACC-101384,Greenfield Builders Ltd,Business,US,USD,Tier1_Basic,2024-02-14,430.65
FLR-ACC-101385,Tobi Okoro,Individual,NG,NGN,Tier3_Enhanced,2025-10-05,41.56
FLR-ACC-101386,Tunde Ibrahim,Individual,NG,NGN,Tier2_Verified,2025-07-26,66.38
FLR-ACC-101387,Daniel Obi,Individual,NG,NGN,Tier2_Verified,2024-12-26,48.68
FLR-ACC-101388,Silverline Technologies LLC,Business,NG,NGN,Tier2_Verified,2024-07-02,1395.98
FLR-ACC-101389,Aisha Smith,Individual,NG,NGN,Tier2_Verified,2025-02-27,29.05
FLR-ACC-101390,Sunrise Builders Inc,Business,NG,NGN,Tier1_Basic,2025-01-28,1041.14
FLR-ACC-101391,Laura Smith,Individual,DE,EUR,Tier2_Verified,2024-05-23,41.04
FLR-ACC-101392,Ruth Hassan,Individual,NG,NGN,Tier2_Verified,2025-05-02,27.79
FLR-ACC-101393,Apex Textiles Inc,Business,NG,NGN,Tier3_Enhanced,2024-06-05,442.54
FLR-ACC-101394,Ngozi Taylor,Individual,NG,NGN,Tier3_Enhanced,2025-10-21,70.25
FLR-ACC-101395,Mary Taylor,Individual,GB,GBP,Tier2_Verified,2023-11-06,39.51
FLR-ACC-101396,Musa Balogun,Individual,US,USD,Tier3_Enhanced,2023-11-11,23.96
FLR-ACC-101397,Urban Retail LLC,Business,FR,EUR,Tier2_Verified,2025-07-10,257.18
FLR-ACC-101398,Tunde Chukwu,Individual,NG,NGN,Tier3_Enhanced,2024-11-24,124.57
FLR-ACC-101399,Chidi Balogun,Individual,NG,NGN,Tier2_Verified,2025-07-13,77.21
FLR-ACC-101400,Tobi Green,Individual,GB,GBP,Tier1_Basic,2026-07-11,6.75
FLR-ACC-101401,Chuka Ibrahim,Individual,NG,NGN,Tier2_Verified,2025-11-10,29.81
FLR-ACC-101402,Prime Trading Co.,Business,GB,GBP,Tier1_Basic,2025-10-26,433.04
FLR-ACC-101403,Prime Trading Inc,Business,GB,GBP,Tier2_Verified,2022-11-19,359.97
FLR-ACC-101404,Sunrise Retail Ltd,Business,NG,NGN,Tier2_Verified,2025-08-05,829.2
FLR-ACC-101405,Sunrise Foods Co.,Business,NG,NGN,Tier3_Enhanced,2024-08-18,503.72
FLR-ACC-101406,Tunde Smith,Individual,FR,EUR,Tier2_Verified,2025-08-03,32.98
FLR-ACC-101407,Peter Balogun,Individual,DE,EUR,Tier2_Verified,2025-09-28,46.44
FLR-ACC-101408,Sunrise Consulting Ltd,Business,GB,GBP,Tier1_Basic,2026-05-07,221.16
FLR-ACC-101409,Sunrise Builders LLC,Business,US,USD,Tier1_Basic,2025-08-20,1366.44
FLR-ACC-101410,Silverline Retail Inc,Business,US,USD,Tier3_Enhanced,2024-09-25,526.41
FLR-ACC-101411,Urban Technologies Inc,Business,GB,GBP,Tier2_Verified,2024-12-30,260.14
FLR-ACC-101412,North Consulting Co.,Business,NG,NGN,Tier3_Enhanced,2026-01-25,193.8
FLR-ACC-101413,Daniel Bello,Individual,GB,GBP,Tier3_Enhanced,2024-12-26,42.59
FLR-ACC-101414,Bluewave Retail Co.,Business,GB,GBP,Tier2_Verified,2025-09-21,583.23
FLR-ACC-101415,Mary Williams,Individual,NG,NGN,Tier3_Enhanced,2023-12-13,72.55
FLR-ACC-101416,Laura Adekunle,Individual,NG,NGN,Tier2_Verified,2025-05-14,53.34
FLR-ACC-101417,Yetunde Okafor,Individual,GB,GBP,Tier1_Basic,2025-04-24,170.24
FLR-ACC-101418,Chioma Ibrahim,Individual,NG,NGN,Tier2_Verified,2025-05-24,41.78
FLR-ACC-101419,Kemi Obi,Individual,FR,EUR,Tier1_Basic,2023-12-21,141.3
FLR-ACC-101420,Tunde Adeyemi,Individual,NG,NGN,Tier1_Basic,2024-08-18,210.45
FLR-ACC-101421,Ifeoma Williams,Individual,US,USD,Tier1_Basic,2024-12-08,74.06
FLR-ACC-101422,North Ventures Ltd,Business,FR,EUR,Tier3_Enhanced,2024-12-22,178.4
FLR-ACC-101423,Silverline Technologies Co.,Business,NG,NGN,Tier2_Verified,2025-06-13,805.14
FLR-ACC-101424,Bluewave Retail Inc,Business,DE,EUR,Tier2_Verified,2024-01-08,173.64
FLR-ACC-101425,Global Ventures LLC,Business,DE,EUR,Tier3_Enhanced,2024-10-05,404.05
FLR-ACC-101426,Laura Smith,Individual,NG,NGN,Tier3_Enhanced,2023-04-09,35.7
FLR-ACC-101427,Ruth Okoro,Individual,US,USD,Tier1_Basic,2023-12-25,51.01
FLR-ACC-101428,Mary Chukwu,Individual,GB,GBP,Tier3_Enhanced,2024-10-15,129.36
FLR-ACC-101429,David Fashola,Individual,US,USD,Tier2_Verified,2024-12-19,42.53
FLR-ACC-101430,Metro Textiles Ltd,Business,NG,NGN,Tier2_Verified,2024-03-16,2615.43
FLR-ACC-101431,James Adeyemi,Individual,NG,NGN,Tier2_Verified,2023-08-31,54.54
FLR-ACC-101432,Bluewave Consulting Inc,Business,NG,NGN,Tier2_Verified,2024-12-15,186.47
FLR-ACC-101433,Greenfield Consulting Inc,Business,DE,EUR,Tier2_Verified,2025-01-14,557.62
FLR-ACC-101434,John Ibrahim,Individual,NG,NGN,Tier3_Enhanced,2024-09-27,27.13
FLR-ACC-101435,Prime Builders Inc,Business,FR,EUR,Tier2_Verified,2024-04-29,463.78
FLR-ACC-101436,Grace Williams,Individual,NG,NGN,Tier2_Verified,2024-07-11,235.02
FLR-ACC-101437,Tunde Adeyemi,Individual,NG,NGN,Tier3_Enhanced,2025-10-15,188.44
FLR-ACC-101438,Ngozi Adeyemi,Individual,NG,NGN,Tier3_Enhanced,2026-02-13,24.09
FLR-ACC-101439,Tobi Green,Individual,NG,NGN,Tier2_Verified,2025-03-30,27.72
FLR-ACC-101440,Emeka Smith,Individual,US,USD,Tier3_Enhanced,2022-07-08,24.31
FLR-ACC-101441,Amaka Ibrahim,Individual,DE,EUR,Tier2_Verified,2025-07-24,49.33
FLR-ACC-101442,Sunrise Logistics Inc,Business,NG,NGN,Tier1_Basic,2026-08-28,336.23
FLR-ACC-101443,Ngozi Okoro,Individual,GB,GBP,Tier3_Enhanced,2025-12-18,67.92
FLR-ACC-101444,Peter Okafor,Individual,NG,NGN,Tier3_Enhanced,2026-02-06,19.95
FLR-ACC-101445,Bluewave Retail Ltd,Business,NG,NGN,Tier2_Verified,2025-10-17,389.14
FLR-ACC-101446,Daniel Yusuf,Individual,NG,NGN,Tier2_Verified,2026-03-18,28.14
FLR-ACC-101447,Greenfield Ventures LLC,Business,NG,NGN,Tier2_Verified,2026-01-25,160.4
FLR-ACC-101448,Urban Consulting Co.,Business,NG,NGN,Tier3_Enhanced,2024-09-16,950.3
FLR-ACC-101449,Emeka Fashola,Individual,NG,NGN,Tier2_Verified,2025-08-06,34.88
FLR-ACC-101450,Michael Adekunle,Individual,NG,NGN,Tier3_Enhanced,2025-08-30,194.67
FLR-ACC-101451,Kemi Adeyemi,Individual,NG,NGN,Tier3_Enhanced,2023-07-13,23.03
FLR-ACC-101452,Ben Okoro,Individual,FR,EUR,Tier3_Enhanced,2023-01-30,70.62
FLR-ACC-101453,Kemi Bello,Individual,NG,NGN,Tier3_Enhanced,2023-09-22,68.31
FLR-ACC-101454,Sarah Nwosu,Individual,NG,NGN,Tier2_Verified,2025-12-05,165.6
FLR-ACC-101455,Blessing Obi,Individual,US,USD,Tier2_Verified,2025-11-18,303.96
FLR-ACC-101456,Metro Retail Ltd,Business,US,USD,Tier2_Verified,2023-02-17,3439.56
FLR-ACC-101457,James Williams,Individual,NG,NGN,Tier2_Verified,2025-12-25,120.2
FLR-ACC-101458,North Consulting Ltd,Business,NG,NGN,Tier3_Enhanced,2023-10-27,1057.85
FLR-ACC-101459,Apex Technologies Ltd,Business,NG,NGN,Tier3_Enhanced,2025-02-26,1094.31
FLR-ACC-101460,Femi Okafor,Individual,NG,NGN,Tier2_Verified,2025-11-13,107.17
FLR-ACC-101461,Olu Adeyemi,Individual,NG,NGN,Tier3_Enhanced,2024-12-08,27.82
FLR-ACC-101462,Aisha Balogun,Individual,GB,GBP,Tier1_Basic,2024-08-10,14.64
FLR-ACC-101463,Chuka Yusuf,Individual,NG,NGN,Tier2_Verified,2025-09-11,28.35
FLR-ACC-101464,Bluewave Textiles Inc,Business,FR,EUR,Tier1_Basic,2025-12-27,167.48
FLR-ACC-101465,Chidi Balogun,Individual,GB,GBP,Tier2_Verified,2023-05-11,84.14
FLR-ACC-101466,Sarah Nwosu,Individual,GB,GBP,Tier2_Verified,2025-10-08,96.33
FLR-ACC-101467,Funke Adekunle,Individual,NG,NGN,Tier2_Verified,2025-05-20,45.48
FLR-ACC-101468,Grace Brown,Individual,NG,NGN,Tier1_Basic,2024-05-10,33.92
FLR-ACC-101469,Peter Green,Individual,GB,GBP,Tier3_Enhanced,2022-10-15,92.7
FLR-ACC-101470,Grace Fashola,Individual,NG,NGN,Tier3_Enhanced,2025-01-19,115.58
FLR-ACC-101471,Global Retail Ltd,Business,GB,GBP,Tier2_Verified,2024-10-08,620.47
FLR-ACC-101472,Tobi Smith,Individual,NG,NGN,Tier1_Basic,2024-12-18,104.69
FLR-ACC-101473,Sunrise Technologies Co.,Business,NG,NGN,Tier3_Enhanced,2024-08-06,204.05
FLR-ACC-101474,Chuka Williams,Individual,NG,NGN,Tier1_Basic,2026-06-22,31.79
FLR-ACC-101475,Grace Brown,Individual,NG,NGN,Tier2_Verified,2025-11-26,140.88
FLR-ACC-101476,Ifeoma Fashola,Individual,FR,EUR,Tier2_Verified,2025-02-07,35.4
FLR-ACC-101477,Bluewave Trading Inc,Business,NG,NGN,Tier3_Enhanced,2024-12-11,1546.81
FLR-ACC-101478,Global Logistics Inc,Business,NG,NGN,Tier2_Verified,2026-02-11,3803.99
FLR-ACC-101479,Global Foods LLC,Business,NG,NGN,Tier1_Basic,2026-03-25,531.09
FLR-ACC-101480,Chidi Williams,Individual,US,USD,Tier2_Verified,2026-04-09,118.04
FLR-ACC-101481,Kunle Okafor,Individual,FR,EUR,Tier3_Enhanced,2025-04-07,71.96
FLR-ACC-101482,Ben Bello,Individual,FR,EUR,Tier3_Enhanced,2025-03-29,66.77
FLR-ACC-101483,Michael Williams,Individual,NG,NGN,Tier3_Enhanced,2024-02-20,48.33
FLR-ACC-101484,Michael Chukwu,Individual,NG,NGN,Tier3_Enhanced,2026-02-01,114.96
FLR-ACC-101485,Chioma Brown,Individual,US,USD,Tier2_Verified,2023-08-31,69.01
FLR-ACC-101486,Greenfield Trading Ltd,Business,GB,GBP,Tier3_Enhanced,2025-09-03,566.07
FLR-ACC-101487,North Ventures LLC,Business,US,USD,Tier3_Enhanced,2024-09-14,94.91
FLR-ACC-101488,Bluewave Textiles Co.,Business,US,USD,Tier3_Enhanced,2024-09-25,357.78
FLR-ACC-101489,Urban Retail LLC,Business,DE,EUR,Tier3_Enhanced,2023-02-22,364.19
FLR-ACC-101490,Femi Obi,Individual,US,USD,Tier1_Basic,2025-04-28,40.27
FLR-ACC-101491,Daniel Yusuf,Individual,NG,NGN,Tier2_Verified,2026-04-17,24.87
FLR-ACC-101492,Ngozi Yusuf,Individual,DE,EUR,Tier2_Verified,2023-03-01,44.5
FLR-ACC-101493,John Taylor,Individual,US,USD,Tier3_Enhanced,2022-12-04,161.74
FLR-ACC-101494,Laura Yusuf,Individual,FR,EUR,Tier3_Enhanced,2026-02-25,55.91
FLR-ACC-101495,Metro Trading Co.,Business,FR,EUR,Tier2_Verified,2026-05-26,123.9
FLR-ACC-101496,Blessing Bello,Individual,NG,NGN,Tier1_Basic,2025-10-21,19.56
FLR-ACC-101497,Amaka Smith,Individual,DE,EUR,Tier2_Verified,2025-09-25,62.24
FLR-ACC-101498,David Brown,Individual,NG,NGN,Tier1_Basic,2026-01-30,84.87
FLR-ACC-101499,Prime Trading Ltd,Business,US,USD,Tier3_Enhanced,2024-07-28,591.47
FLR-ACC-101500,Sarah Brown,Individual,FR,EUR,Tier2_Verified,2025-03-05,85.05
FLR-ACC-101501,Sunrise Ventures Inc,Business,US,USD,Tier2_Verified,2025-11-09,354.53
FLR-ACC-101502,Femi Ibrahim,Individual,NG,NGN,Tier2_Verified,2025-02-18,94.78
FLR-ACC-101503,James Ibrahim,Individual,NG,NGN,Tier2_Verified,2025-09-05,74.41
FLR-ACC-101504,Peter Fashola,Individual,US,USD,Tier2_Verified,2025-05-25,16.54
FLR-ACC-101505,Mary Chukwu,Individual,NG,NGN,Tier2_Verified,2026-01-28,145.04
FLR-ACC-101506,Bluewave Consulting Co.,Business,NG,NGN,Tier1_Basic,2026-04-30,795.76
FLR-ACC-101507,North Technologies LLC,Business,NG,NGN,Tier3_Enhanced,2024-01-24,150.7
FLR-ACC-101508,Silverline Ventures Inc,Business,NG,NGN,Tier2_Verified,2024-09-24,502.22
FLR-ACC-101509,Peter Yusuf,Individual,US,USD,Tier2_Verified,2025-04-24,63.45
FLR-ACC-101510,Ben Obi,Individual,NG,NGN,Tier3_Enhanced,2024-10-01,29.51
FLR-ACC-101511,Silverline Foods Co.,Business,NG,NGN,Tier2_Verified,2025-07-19,310.12
FLR-ACC-101512,Apex Trading LLC,Business,DE,EUR,Tier3_Enhanced,2024-10-13,1094.99
FLR-ACC-101513,Yetunde Adekunle,Individual,NG,NGN,Tier2_Verified,2024-10-31,39.66
FLR-ACC-101514,Ruth Okoro,Individual,NG,NGN,Tier2_Verified,2025-11-27,57.25
FLR-ACC-101515,Aisha Okafor,Individual,NG,NGN,Tier3_Enhanced,2025-04-17,46.89
FLR-ACC-101516,Chioma Smith,Individual,FR,EUR,Tier3_Enhanced,2024-09-03,37.09
FLR-ACC-101517,Bluewave Builders Ltd,Business,US,USD,Tier3_Enhanced,2025-02-04,379.83
FLR-ACC-101518,Michael Johnson,Individual,US,USD,Tier2_Verified,2025-12-22,80.78
FLR-ACC-101519,Blessing Bello,Individual,NG,NGN,Tier2_Verified,2025-09-12,62.16
FLR-ACC-101520,Olu Adekunle,Individual,NG,NGN,Tier2_Verified,2026-01-17,31.8
FLR-ACC-101521,Mary Taylor,Individual,GB,GBP,Tier1_Basic,2025-10-06,105.06
FLR-ACC-101522,North Ventures Co.,Business,US,USD,Tier3_Enhanced,2025-01-01,358.37
FLR-ACC-101523,Sarah Taylor,Individual,NG,NGN,Tier2_Verified,2025-04-18,22.0
FLR-ACC-101524,Global Retail Inc,Business,GB,GBP,Tier1_Basic,2026-08-08,667.57
FLR-ACC-101525,Funke Hassan,Individual,NG,NGN,Tier2_Verified,2025-12-17,132.12
FLR-ACC-101526,Ngozi Nwosu,Individual,NG,NGN,Tier2_Verified,2025-03-21,56.52
FLR-ACC-101527,Urban Retail Inc,Business,NG,NGN,Tier1_Basic,2023-07-02,1198.29
FLR-ACC-101528,Global Logistics Inc,Business,NG,NGN,Tier2_Verified,2025-06-30,999.32
FLR-ACC-101529,Funke Ibrahim,Individual,DE,EUR,Tier2_Verified,2026-01-10,52.47
FLR-ACC-101530,James Adekunle,Individual,DE,EUR,Tier2_Verified,2026-03-28,100.66
FLR-ACC-101531,John Adeyemi,Individual,NG,NGN,Tier2_Verified,2024-08-16,39.64
FLR-ACC-101532,Urban Consulting Ltd,Business,NG,NGN,Tier3_Enhanced,2025-04-04,628.22
FLR-ACC-101533,Emeka Bello,Individual,DE,EUR,Tier1_Basic,2026-01-24,25.0
FLR-ACC-101534,Ruth Okafor,Individual,NG,NGN,Tier2_Verified,2025-08-09,56.58
FLR-ACC-101535,Bluewave Consulting LLC,Business,NG,NGN,Tier3_Enhanced,2023-06-22,557.27
FLR-ACC-101536,Tobi Okoro,Individual,DE,EUR,Tier2_Verified,2025-03-08,120.41
FLR-ACC-101537,North Logistics Inc,Business,NG,NGN,Tier3_Enhanced,2024-12-13,415.77
FLR-ACC-101538,Yetunde Smith,Individual,US,USD,Tier2_Verified,2026-05-27,51.69
FLR-ACC-101539,John Williams,Individual,DE,EUR,Tier3_Enhanced,2024-05-08,317.45
FLR-ACC-101540,Daniel Brown,Individual,NG,NGN,Tier2_Verified,2023-10-15,52.59
FLR-ACC-101541,Blessing Green,Individual,NG,NGN,Tier1_Basic,2024-11-05,72.27
FLR-ACC-101542,Peter Johnson,Individual,NG,NGN,Tier1_Basic,2025-04-16,62.45
FLR-ACC-101543,John Obi,Individual,NG,NGN,Tier1_Basic,2025-12-19,17.57
FLR-ACC-101544,Ben Brown,Individual,US,USD,Tier2_Verified,2026-04-09,46.79
FLR-ACC-101545,Michael Nwosu,Individual,NG,NGN,Tier2_Verified,2026-04-19,101.13
FLR-ACC-101546,Emeka Smith,Individual,NG,NGN,Tier2_Verified,2024-01-15,143.0
FLR-ACC-101547,Greenfield Media Co.,Business,NG,NGN,Tier1_Basic,2026-03-19,448.84
FLR-ACC-101548,Chidi Nwosu,Individual,NG,NGN,Tier3_Enhanced,2025-02-15,108.11
FLR-ACC-101549,Aisha Chukwu,Individual,NG,NGN,Tier3_Enhanced,2023-12-09,24.76
FLR-ACC-101550,Global Consulting Co.,Business,DE,EUR,Tier1_Basic,2026-04-13,365.72
FLR-ACC-101551,Aisha Yusuf,Individual,GB,GBP,Tier2_Verified,2025-06-30,81.69
FLR-ACC-101552,Ifeoma Ibrahim,Individual,US,USD,Tier2_Verified,2025-10-12,42.45
FLR-ACC-101553,Chuka Okoro,Individual,DE,EUR,Tier3_Enhanced,2023-03-08,46.27
FLR-ACC-101554,Musa Johnson,Individual,NG,NGN,Tier2_Verified,2023-12-14,32.19
FLR-ACC-101555,Olu Taylor,Individual,FR,EUR,Tier3_Enhanced,2023-08-01,147.32
FLR-ACC-101556,Bluewave Consulting LLC,Business,NG,NGN,Tier2_Verified,2025-06-20,512.72
FLR-ACC-101557,Global Technologies Inc,Business,US,USD,Tier3_Enhanced,2025-01-16,545.72
FLR-ACC-101558,Emeka Eze,Individual,DE,EUR,Tier2_Verified,2025-12-17,99.59
FLR-ACC-101559,Femi Yusuf,Individual,NG,NGN,Tier3_Enhanced,2025-10-12,32.75
FLR-ACC-101560,Urban Builders LLC,Business,NG,NGN,Tier2_Verified,2025-07-01,986.36
FLR-ACC-101561,Amaka Adeyemi,Individual,US,USD,Tier3_Enhanced,2024-09-16,20.54
FLR-ACC-101562,Amaka Okoro,Individual,FR,EUR,Tier3_Enhanced,2024-03-18,40.53
FLR-ACC-101563,North Retail LLC,Business,GB,GBP,Tier3_Enhanced,2025-01-14,970.08
FLR-ACC-101564,North Consulting Ltd,Business,NG,NGN,Tier3_Enhanced,2024-12-05,82.16
FLR-ACC-101565,North Ventures Ltd,Business,US,USD,Tier2_Verified,2025-04-02,117.3
FLR-ACC-101566,Ifeoma Johnson,Individual,FR,EUR,Tier2_Verified,2025-04-15,46.96
FLR-ACC-101567,North Textiles Inc,Business,GB,GBP,Tier2_Verified,2024-04-21,972.53
FLR-ACC-101568,Yetunde Adeyemi,Individual,NG,NGN,Tier2_Verified,2024-06-23,90.55
FLR-ACC-101569,Peter Bello,Individual,GB,GBP,Tier1_Basic,2025-10-11,89.04
FLR-ACC-101570,Blessing Williams,Individual,NG,NGN,Tier3_Enhanced,2025-01-18,31.99
FLR-ACC-101571,Yetunde Nwosu,Individual,GB,GBP,Tier1_Basic,2026-04-16,45.17
FLR-ACC-101572,Prime Media Inc,Business,NG,NGN,Tier3_Enhanced,2024-05-01,426.91
FLR-ACC-101573,Global Technologies Ltd,Business,NG,NGN,Tier2_Verified,2024-09-16,831.88
FLR-ACC-101574,Aisha Yusuf,Individual,NG,NGN,Tier3_Enhanced,2023-08-20,62.45
FLR-ACC-101575,Peter Obi,Individual,NG,NGN,Tier3_Enhanced,2023-05-30,40.8
FLR-ACC-101576,Ngozi Hassan,Individual,NG,NGN,Tier3_Enhanced,2024-07-09,31.37
FLR-ACC-101577,Femi Williams,Individual,GB,GBP,Tier2_Verified,2023-03-24,74.4
FLR-ACC-101578,Sunrise Textiles Co.,Business,NG,NGN,Tier3_Enhanced,2024-04-19,501.16
FLR-ACC-101579,Urban Textiles Inc,Business,US,USD,Tier2_Verified,2025-07-10,229.55
FLR-ACC-101580,Urban Technologies LLC,Business,NG,NGN,Tier2_Verified,2026-02-17,555.73
FLR-ACC-101581,Metro Foods Co.,Business,NG,NGN,Tier1_Basic,2024-12-14,335.7
FLR-ACC-101582,Silverline Ventures Ltd,Business,US,USD,Tier3_Enhanced,2023-03-31,1868.05
FLR-ACC-101583,Mary Chukwu,Individual,FR,EUR,Tier2_Verified,2025-08-11,27.37
FLR-ACC-101584,Ifeoma Taylor,Individual,GB,GBP,Tier3_Enhanced,2022-10-20,36.3
FLR-ACC-101585,Aisha Chukwu,Individual,GB,GBP,Tier1_Basic,2026-05-12,54.41
FLR-ACC-101586,North Retail Inc,Business,NG,NGN,Tier3_Enhanced,2024-12-15,147.29
FLR-ACC-101587,Tobi Green,Individual,NG,NGN,Tier2_Verified,2024-04-26,26.44
FLR-ACC-101588,Musa Green,Individual,FR,EUR,Tier1_Basic,2025-06-16,21.42
FLR-ACC-101589,Emeka Hassan,Individual,NG,NGN,Tier2_Verified,2026-02-10,31.37
FLR-ACC-101590,Mary Johnson,Individual,FR,EUR,Tier2_Verified,2026-03-21,41.26
FLR-ACC-101591,Urban Retail Ltd,Business,NG,NGN,Tier2_Verified,2024-12-01,2702.47
FLR-ACC-101592,Chidi Obi,Individual,NG,NGN,Tier2_Verified,2024-07-21,143.29
FLR-ACC-101593,Ifeoma Obi,Individual,US,USD,Tier2_Verified,2024-08-29,20.52
FLR-ACC-101594,Metro Trading LLC,Business,NG,NGN,Tier3_Enhanced,2024-01-10,205.85
FLR-ACC-101595,Global Technologies Inc,Business,NG,NGN,Tier3_Enhanced,2023-04-11,1196.71
FLR-ACC-101596,Kunle Smith,Individual,US,USD,Tier2_Verified,2026-04-19,38.77
FLR-ACC-101597,Emeka Okoro,Individual,NG,NGN,Tier3_Enhanced,2022-12-04,72.26
FLR-ACC-101598,Femi Balogun,Individual,NG,NGN,Tier2_Verified,2026-03-20,58.6
FLR-ACC-101599,Sunrise Trading LLC,Business,NG,NGN,Tier2_Verified,2025-06-05,1605.93
FLR-ACC-101600,Metro Consulting LLC,Business,GB,GBP,Tier3_Enhanced,2025-03-12,1837.38
FLR-ACC-101601,Olu Johnson,Individual,NG,NGN,Tier1_Basic,2022-04-29,117.09
FLR-ACC-101602,Laura Hassan,Individual,NG,NGN,Tier2_Verified,2024-11-12,60.44
FLR-ACC-101603,Aisha Green,Individual,NG,NGN,Tier1_Basic,2026-04-21,66.13
FLR-ACC-101604,Daniel Obi,Individual,GB,GBP,Tier1_Basic,2025-08-13,66.77
FLR-ACC-101605,Femi Taylor,Individual,NG,NGN,Tier2_Verified,2024-12-20,58.22
FLR-ACC-101606,Tunde Bello,Individual,GB,GBP,Tier2_Verified,2026-07-24,17.27
FLR-ACC-101607,Chidi Yusuf,Individual,US,USD,Tier2_Verified,2024-03-22,35.94
FLR-ACC-101608,Ngozi Obi,Individual,NG,NGN,Tier1_Basic,2024-02-18,19.34
FLR-ACC-101609,Chuka Ibrahim,Individual,NG,NGN,Tier2_Verified,2024-11-04,57.23
FLR-ACC-101610,Chidi Nwosu,Individual,GB,GBP,Tier3_Enhanced,2025-11-17,81.46
FLR-ACC-101611,Olu Obi,Individual,US,USD,Tier2_Verified,2024-07-20,84.02
FLR-ACC-101612,Mary Okoro,Individual,NG,NGN,Tier2_Verified,2026-04-21,27.3
FLR-ACC-101613,Tobi Chukwu,Individual,NG,NGN,Tier3_Enhanced,2025-04-06,103.11
FLR-ACC-101614,Laura Chukwu,Individual,DE,EUR,Tier2_Verified,2024-11-30,21.98
FLR-ACC-101615,David Nwosu,Individual,US,USD,Tier3_Enhanced,2025-11-14,69.11
FLR-ACC-101616,Metro Foods Ltd,Business,NG,NGN,Tier3_Enhanced,2024-07-01,407.24
FLR-ACC-101617,Grace Balogun,Individual,FR,EUR,Tier3_Enhanced,2025-05-20,49.69
FLR-ACC-101618,Laura Bello,Individual,NG,NGN,Tier2_Verified,2025-03-26,97.31
FLR-ACC-101619,Greenfield Ventures Co.,Business,NG,NGN,Tier2_Verified,2024-08-27,1059.67
FLR-ACC-101620,Bluewave Foods Inc,Business,NG,NGN,Tier3_Enhanced,2025-01-30,243.06
FLR-ACC-101621,Prime Foods Co.,Business,NG,NGN,Tier3_Enhanced,2024-06-18,422.23
FLR-ACC-101622,Sunrise Builders Ltd,Business,US,USD,Tier3_Enhanced,2023-11-28,444.26
FLR-ACC-101623,Greenfield Textiles Inc,Business,NG,NGN,Tier3_Enhanced,2025-03-18,732.41
FLR-ACC-101624,Bluewave Ventures LLC,Business,NG,NGN,Tier2_Verified,2026-03-17,104.23
FLR-ACC-101625,Peter Brown,Individual,GB,GBP,Tier2_Verified,2025-04-10,21.14
FLR-ACC-101626,Apex Builders Ltd,Business,NG,NGN,Tier3_Enhanced,2025-02-28,3198.83
FLR-ACC-101627,Ngozi Williams,Individual,NG,NGN,Tier3_Enhanced,2025-02-20,92.69
FLR-ACC-101628,Sarah Balogun,Individual,NG,NGN,Tier1_Basic,2026-07-28,57.63
FLR-ACC-101629,Emeka Ibrahim,Individual,NG,NGN,Tier3_Enhanced,2025-04-14,52.79
FLR-ACC-101630,Yetunde Green,Individual,NG,NGN,Tier3_Enhanced,2025-04-19,53.34
FLR-ACC-101631,Mary Adeyemi,Individual,DE,EUR,Tier3_Enhanced,2024-09-18,26.28
FLR-ACC-101632,Chidi Obi,Individual,NG,NGN,Tier3_Enhanced,2022-10-31,43.51
FLR-ACC-101633,Apex Consulting Ltd,Business,DE,EUR,Tier3_Enhanced,2024-08-07,410.05
FLR-ACC-101634,North Retail Co.,Business,NG,NGN,Tier2_Verified,2025-11-17,280.68
FLR-ACC-101635,Michael Eze,Individual,FR,EUR,Tier2_Verified,2025-08-22,34.85
FLR-ACC-101636,Funke Adeyemi,Individual,GB,GBP,Tier1_Basic,2025-03-17,36.03
FLR-ACC-101637,Global Logistics LLC,Business,NG,NGN,Tier1_Basic,2022-09-24,5283.56
FLR-ACC-101638,Daniel Johnson,Individual,US,USD,Tier2_Verified,2026-05-26,97.61
FLR-ACC-101639,Blessing Yusuf,Individual,GB,GBP,Tier2_Verified,2024-09-07,24.66
FLR-ACC-101640,Ruth Green,Individual,US,USD,Tier2_Verified,2025-10-07,40.3
FLR-ACC-101641,Michael Williams,Individual,GB,GBP,Tier2_Verified,2025-11-03,64.36
FLR-ACC-101642,Michael Hassan,Individual,NG,NGN,Tier3_Enhanced,2025-06-12,36.28
FLR-ACC-101643,Chuka Smith,Individual,GB,GBP,Tier1_Basic,2026-03-12,82.03
FLR-ACC-101644,Olu Adeyemi,Individual,GB,GBP,Tier3_Enhanced,2024-08-08,225.58
FLR-ACC-101645,Amaka Fashola,Individual,DE,EUR,Tier2_Verified,2025-05-10,11.1
FLR-ACC-101646,Ben Okoro,Individual,NG,NGN,Tier2_Verified,2024-09-24,117.24
FLR-ACC-101647,Apex Ventures Ltd,Business,GB,GBP,Tier3_Enhanced,2024-08-24,464.59
FLR-ACC-101648,Olu Nwosu,Individual,NG,NGN,Tier3_Enhanced,2024-08-29,21.58
FLR-ACC-101649,Sunrise Media Inc,Business,US,USD,Tier2_Verified,2025-08-14,242.07
FLR-ACC-101650,Sunrise Consulting Ltd,Business,NG,NGN,Tier2_Verified,2024-12-20,54.04
FLR-ACC-101651,Urban Ventures Ltd,Business,US,USD,Tier2_Verified,2024-09-25,150.28
FLR-ACC-101652,Tobi Adeyemi,Individual,FR,EUR,Tier3_Enhanced,2023-07-08,172.65
FLR-ACC-101653,Silverline Builders Inc,Business,US,USD,Tier1_Basic,2026-05-31,173.17
FLR-ACC-101654,Daniel Johnson,Individual,NG,NGN,Tier2_Verified,2024-02-08,12.52
FLR-ACC-101655,Sarah Yusuf,Individual,NG,NGN,Tier2_Verified,2025-06-27,69.83
FLR-ACC-101656,James Hassan,Individual,GB,GBP,Tier1_Basic,2025-07-16,140.63
FLR-ACC-101657,Emeka Adeyemi,Individual,NG,NGN,Tier2_Verified,2022-10-22,157.45
FLR-ACC-101658,Blessing Green,Individual,US,USD,Tier2_Verified,2026-05-03,19.56
FLR-ACC-101659,Ifeoma Adekunle,Individual,GB,GBP,Tier2_Verified,2023-11-26,32.08
FLR-ACC-101660,Femi Eze,Individual,NG,NGN,Tier2_Verified,2025-06-01,46.92
FLR-ACC-101661,Amaka Ibrahim,Individual,DE,EUR,Tier2_Verified,2023-10-31,78.5
FLR-ACC-101662,Greenfield Builders Ltd,Business,US,USD,Tier3_Enhanced,2024-11-30,196.63
FLR-ACC-101663,James Balogun,Individual,NG,NGN,Tier2_Verified,2025-02-16,86.21
FLR-ACC-101664,Ngozi Okoro,Individual,NG,NGN,Tier1_Basic,2026-05-09,119.98
FLR-ACC-101665,James Nwosu,Individual,NG,NGN,Tier1_Basic,2026-04-13,48.49
FLR-ACC-101666,Yetunde Eze,Individual,NG,NGN,Tier2_Verified,2025-08-20,77.23
FLR-ACC-101667,Emeka Smith,Individual,GB,GBP,Tier2_Verified,2025-10-06,156.43
FLR-ACC-101668,Bluewave Trading LLC,Business,NG,NGN,Tier2_Verified,2024-02-06,357.52
FLR-ACC-101669,Ifeoma Green,Individual,NG,NGN,Tier2_Verified,2025-07-05,119.36
FLR-ACC-101670,Peter Balogun,Individual,NG,NGN,Tier3_Enhanced,2024-12-15,40.16
FLR-ACC-101671,Laura Obi,Individual,NG,NGN,Tier1_Basic,2025-10-29,57.05
FLR-ACC-101672,Mary Smith,Individual,US,USD,Tier3_Enhanced,2024-08-04,53.7
FLR-ACC-101673,Metro Logistics Ltd,Business,US,USD,Tier1_Basic,2025-12-10,354.24
FLR-ACC-101674,Urban Logistics Ltd,Business,DE,EUR,Tier1_Basic,2025-05-17,644.54
FLR-ACC-101675,Femi Adeyemi,Individual,NG,NGN,Tier2_Verified,2024-02-16,67.89
FLR-ACC-101676,Chioma Obi,Individual,NG,NGN,Tier2_Verified,2025-03-11,55.75
FLR-ACC-101677,Laura Balogun,Individual,NG,NGN,Tier2_Verified,2025-12-14,63.24
FLR-ACC-101678,David Williams,Individual,NG,NGN,Tier2_Verified,2026-03-07,83.75
FLR-ACC-101679,Prime Ventures Inc,Business,NG,NGN,Tier3_Enhanced,2025-12-18,176.44
FLR-ACC-101680,Metro Builders Ltd,Business,GB,GBP,Tier2_Verified,2024-07-01,195.86
FLR-ACC-101681,Greenfield Technologies Co.,Business,NG,NGN,Tier3_Enhanced,2024-05-18,424.92
FLR-ACC-101682,Metro Media Inc,Business,GB,GBP,Tier2_Verified,2025-07-31,771.06
FLR-ACC-101683,Chioma Okafor,Individual,NG,NGN,Tier2_Verified,2025-04-30,29.26
FLR-ACC-101684,Tobi Hassan,Individual,NG,NGN,Tier1_Basic,2026-06-14,82.0
FLR-ACC-101685,Blessing Fashola,Individual,US,USD,Tier3_Enhanced,2025-06-26,39.77
FLR-ACC-101686,Metro Builders Ltd,Business,NG,NGN,Tier2_Verified,2026-06-16,359.01
FLR-ACC-101687,Amaka Obi,Individual,US,USD,Tier2_Verified,2025-11-05,80.6
FLR-ACC-101688,John Bello,Individual,US,USD,Tier2_Verified,2026-04-07,55.25
FLR-ACC-101689,Prime Foods Ltd,Business,US,USD,Tier2_Verified,2025-05-29,304.74
FLR-ACC-101690,Ngozi Johnson,Individual,NG,NGN,Tier3_Enhanced,2024-03-03,79.2
FLR-ACC-101691,Mary Adeyemi,Individual,FR,EUR,Tier2_Verified,2025-10-23,60.33
FLR-ACC-101692,Chioma Green,Individual,NG,NGN,Tier1_Basic,2025-05-09,32.32
FLR-ACC-101693,Apex Builders LLC,Business,NG,NGN,Tier1_Basic,2026-03-19,54.37
FLR-ACC-101694,Emeka Nwosu,Individual,DE,EUR,Tier1_Basic,2025-11-12,137.96
FLR-ACC-101695,Daniel Ibrahim,Individual,US,USD,Tier3_Enhanced,2023-10-11,35.24
FLR-ACC-101696,Femi Adekunle,Individual,NG,NGN,Tier3_Enhanced,2025-04-12,55.95
FLR-ACC-101697,Michael Okoro,Individual,US,USD,Tier2_Verified,2026-08-04,67.39
FLR-ACC-101698,Funke Okafor,Individual,NG,NGN,Tier2_Verified,2023-02-06,18.08
FLR-ACC-101699,Metro Textiles Co.,Business,NG,NGN,Tier2_Verified,2026-01-11,817.36
FLR-ACC-101700,Yetunde Taylor,Individual,NG,NGN,Tier3_Enhanced,2026-03-25,104.43
FLR-ACC-101701,Bluewave Technologies Inc,Business,US,USD,Tier3_Enhanced,2025-04-12,272.98
FLR-ACC-101702,Peter Balogun,Individual,NG,NGN,Tier3_Enhanced,2024-11-22,54.92
FLR-ACC-101703,Sunrise Builders LLC,Business,NG,NGN,Tier2_Verified,2025-02-23,2734.09
FLR-ACC-101704,Michael Green,Individual,NG,NGN,Tier3_Enhanced,2023-02-12,24.41
FLR-ACC-101705,Metro Builders Inc,Business,NG,NGN,Tier3_Enhanced,2023-12-24,171.18
FLR-ACC-101706,Urban Media LLC,Business,NG,NGN,Tier1_Basic,2025-06-29,390.96
FLR-ACC-101707,Yetunde Adeyemi,Individual,NG,NGN,Tier2_Verified,2025-10-02,46.09
FLR-ACC-101708,Ruth Adekunle,Individual,US,USD,Tier2_Verified,2025-09-28,27.08
FLR-ACC-101709,Kunle Okoro,Individual,NG,NGN,Tier1_Basic,2023-09-30,55.49
FLR-ACC-101710,Yetunde Green,Individual,DE,EUR,Tier3_Enhanced,2025-03-31,36.25
FLR-ACC-101711,Chidi Chukwu,Individual,NG,NGN,Tier2_Verified,2024-10-07,122.44
FLR-ACC-101712,Apex Logistics Inc,Business,US,USD,Tier2_Verified,2025-03-15,1192.66
FLR-ACC-101713,Blessing Williams,Individual,GB,GBP,Tier2_Verified,2025-05-06,176.08
FLR-ACC-101714,David Okoro,Individual,GB,GBP,Tier3_Enhanced,2024-02-07,212.5
FLR-ACC-101715,Femi Balogun,Individual,NG,NGN,Tier1_Basic,2026-08-06,47.59
FLR-ACC-101716,Kemi Balogun,Individual,NG,NGN,Tier3_Enhanced,2026-07-07,41.42
FLR-ACC-101717,Emeka Brown,Individual,US,USD,Tier3_Enhanced,2024-08-18,160.18
FLR-ACC-101718,Tobi Smith,Individual,NG,NGN,Tier2_Verified,2024-08-08,114.27
FLR-ACC-101719,Ruth Bello,Individual,DE,EUR,Tier2_Verified,2025-11-18,105.93
FLR-ACC-101720,Mary Williams,Individual,NG,NGN,Tier1_Basic,2024-05-29,25.57
FLR-ACC-101721,Ifeoma Okafor,Individual,NG,NGN,Tier2_Verified,2026-07-04,122.78
FLR-ACC-101722,Silverline Textiles Co.,Business,NG,NGN,Tier3_Enhanced,2023-03-20,841.75
FLR-ACC-101723,Kemi Adeyemi,Individual,US,USD,Tier3_Enhanced,2025-01-30,33.39
FLR-ACC-101724,Chioma Obi,Individual,DE,EUR,Tier2_Verified,2025-12-02,84.35
FLR-ACC-101725,Amaka Johnson,Individual,NG,NGN,Tier1_Basic,2025-05-14,42.22
FLR-ACC-101726,Laura Ibrahim,Individual,DE,EUR,Tier3_Enhanced,2024-03-11,66.42
FLR-ACC-101727,Tobi Balogun,Individual,US,USD,Tier2_Verified,2025-10-15,71.66
FLR-ACC-101728,Tunde Adeyemi,Individual,DE,EUR,Tier1_Basic,2025-08-16,38.05
FLR-ACC-101729,Olu Adekunle,Individual,US,USD,Tier2_Verified,2026-03-18,59.55
FLR-ACC-101730,Greenfield Foods Co.,Business,GB,GBP,Tier3_Enhanced,2024-01-03,284.58
FLR-ACC-101731,North Logistics Ltd,Business,NG,NGN,Tier2_Verified,2026-03-14,722.63
FLR-ACC-101732,Global Media Ltd,Business,NG,NGN,Tier3_Enhanced,2025-10-20,468.02
FLR-ACC-101733,Aisha Ibrahim,Individual,NG,NGN,Tier2_Verified,2025-03-18,282.62
FLR-ACC-101734,Yetunde Okoro,Individual,NG,NGN,Tier2_Verified,2025-05-26,39.87
FLR-ACC-101735,Michael Smith,Individual,US,USD,Tier2_Verified,2023-12-13,46.96
FLR-ACC-101736,Peter Obi,Individual,NG,NGN,Tier3_Enhanced,2024-11-08,19.55
FLR-ACC-101737,North Media Inc,Business,NG,NGN,Tier2_Verified,2024-10-28,143.91
FLR-ACC-101738,Femi Ibrahim,Individual,US,USD,Tier1_Basic,2026-02-04,40.28
FLR-ACC-101739,Funke Eze,Individual,NG,NGN,Tier2_Verified,2025-09-17,74.36
FLR-ACC-101740,Metro Retail Co.,Business,US,USD,Tier1_Basic,2025-03-01,99.0
FLR-ACC-101741,Yetunde Fashola,Individual,NG,NGN,Tier1_Basic,2023-11-29,25.98
FLR-ACC-101742,Laura Taylor,Individual,DE,EUR,Tier2_Verified,2025-11-02,133.91
FLR-ACC-101743,North Media Inc,Business,GB,GBP,Tier3_Enhanced,2025-02-03,1778.34
FLR-ACC-101744,Aisha Chukwu,Individual,US,USD,Tier3_Enhanced,2024-07-10,49.29
FLR-ACC-101745,Chuka Yusuf,Individual,NG,NGN,Tier2_Verified,2024-05-14,96.76
FLR-ACC-101746,Tobi Smith,Individual,DE,EUR,Tier2_Verified,2025-08-10,25.31
FLR-ACC-101747,Sunrise Technologies Inc,Business,NG,NGN,Tier2_Verified,2023-07-13,2221.84
FLR-ACC-101748,John Okafor,Individual,FR,EUR,Tier3_Enhanced,2022-08-20,60.32
FLR-ACC-101749,Grace Nwosu,Individual,NG,NGN,Tier1_Basic,2024-12-04,127.11
FLR-ACC-101750,Prime Consulting Co.,Business,NG,NGN,Tier2_Verified,2026-02-19,481.07
FLR-ACC-101751,Global Technologies LLC,Business,US,USD,Tier3_Enhanced,2022-12-03,363.83
FLR-ACC-101752,Bluewave Trading Co.,Business,NG,NGN,Tier2_Verified,2026-02-02,107.8
FLR-ACC-101753,Silverline Ventures Inc,Business,NG,NGN,Tier3_Enhanced,2025-03-02,327.61
FLR-ACC-101754,Funke Obi,Individual,US,USD,Tier2_Verified,2024-01-14,436.88
FLR-ACC-101755,Olu Nwosu,Individual,NG,NGN,Tier2_Verified,2023-03-22,90.67
FLR-ACC-101756,Amaka Okoro,Individual,GB,GBP,Tier3_Enhanced,2023-02-19,103.22
FLR-ACC-101757,Mary Eze,Individual,US,USD,Tier2_Verified,2022-10-27,61.81
FLR-ACC-101758,Bluewave Trading Inc,Business,NG,NGN,Tier2_Verified,2024-12-29,575.87
FLR-ACC-101759,Amaka Smith,Individual,US,USD,Tier2_Verified,2025-02-16,127.2
FLR-ACC-101760,Sarah Yusuf,Individual,DE,EUR,Tier2_Verified,2024-01-17,35.57
FLR-ACC-101761,Ngozi Adeyemi,Individual,US,USD,Tier2_Verified,2024-10-08,36.33
FLR-ACC-101762,Yetunde Balogun,Individual,US,USD,Tier1_Basic,2024-03-12,82.42
FLR-ACC-101763,Amaka Okoro,Individual,NG,NGN,Tier2_Verified,2025-09-16,80.89
FLR-ACC-101764,Ifeoma Balogun,Individual,US,USD,Tier2_Verified,2025-05-08,49.12
FLR-ACC-101765,Greenfield Retail Ltd,Business,US,USD,Tier2_Verified,2024-05-11,711.67
FLR-ACC-101766,Bluewave Logistics Ltd,Business,US,USD,Tier3_Enhanced,2025-01-15,778.34
FLR-ACC-101767,Emeka Fashola,Individual,NG,NGN,Tier3_Enhanced,2024-05-06,53.63
FLR-ACC-101768,Greenfield Foods LLC,Business,FR,EUR,Tier2_Verified,2025-05-20,541.65
FLR-ACC-101769,Prime Logistics Ltd,Business,DE,EUR,Tier3_Enhanced,2024-05-30,613.5
FLR-ACC-101770,Tunde Okafor,Individual,NG,NGN,Tier2_Verified,2024-07-01,52.91
FLR-ACC-101771,Apex Ventures LLC,Business,NG,NGN,Tier2_Verified,2022-04-17,457.8
FLR-ACC-101772,Apex Ventures Co.,Business,US,USD,Tier2_Verified,2024-12-20,649.04
FLR-ACC-101773,Musa Okafor,Individual,US,USD,Tier3_Enhanced,2024-11-11,19.68
FLR-ACC-101774,Musa Adeyemi,Individual,NG,NGN,Tier3_Enhanced,2024-07-03,47.16
FLR-ACC-101775,Metro Media LLC,Business,GB,GBP,Tier3_Enhanced,2024-01-01,540.08
FLR-ACC-101776,Bluewave Ventures Inc,Business,FR,EUR,Tier2_Verified,2024-12-01,625.56
FLR-ACC-101777,Yetunde Johnson,Individual,NG,NGN,Tier2_Verified,2025-05-26,86.92
FLR-ACC-101778,Chidi Adekunle,Individual,NG,NGN,Tier1_Basic,2025-10-09,38.16
FLR-ACC-101779,Sunrise Logistics LLC,Business,NG,NGN,Tier3_Enhanced,2022-11-01,977.87
FLR-ACC-101780,Bluewave Builders Ltd,Business,US,USD,Tier3_Enhanced,2025-12-14,1006.89
FLR-ACC-101781,Sarah Nwosu,Individual,FR,EUR,Tier3_Enhanced,2024-06-23,56.16
FLR-ACC-101782,Chidi Green,Individual,NG,NGN,Tier1_Basic,2025-12-30,28.38
FLR-ACC-101783,Tobi Brown,Individual,FR,EUR,Tier2_Verified,2025-05-24,43.45
FLR-ACC-101784,Silverline Retail Ltd,Business,NG,NGN,Tier1_Basic,2026-03-30,376.03
FLR-ACC-101785,Ifeoma Brown,Individual,NG,NGN,Tier2_Verified,2025-01-26,117.49
FLR-ACC-101786,Emeka Okoro,Individual,FR,EUR,Tier3_Enhanced,2023-12-14,43.4
FLR-ACC-101787,Chidi Nwosu,Individual,FR,EUR,Tier2_Verified,2023-11-17,78.54
FLR-ACC-101788,Chidi Bello,Individual,NG,NGN,Tier3_Enhanced,2026-07-11,33.9
FLR-ACC-101789,Urban Textiles Co.,Business,US,USD,Tier2_Verified,2024-07-02,1542.51
FLR-ACC-101790,Chioma Obi,Individual,GB,GBP,Tier3_Enhanced,2024-01-14,38.09
FLR-ACC-101791,Michael Ibrahim,Individual,GB,GBP,Tier2_Verified,2024-09-15,44.47
FLR-ACC-101792,North Media Ltd,Business,US,USD,Tier2_Verified,2026-02-02,879.3
FLR-ACC-101793,Laura Obi,Individual,NG,NGN,Tier2_Verified,2025-06-22,65.15
FLR-ACC-101794,Yetunde Green,Individual,NG,NGN,Tier2_Verified,2025-03-20,12.86
FLR-ACC-101795,Bluewave Foods Ltd,Business,NG,NGN,Tier3_Enhanced,2024-10-11,418.37
FLR-ACC-101796,Musa Bello,Individual,NG,NGN,Tier2_Verified,2025-09-29,140.32
FLR-ACC-101797,North Foods Co.,Business,NG,NGN,Tier2_Verified,2024-01-12,67.71
FLR-ACC-101798,Bluewave Foods Co.,Business,NG,NGN,Tier3_Enhanced,2023-07-07,576.61
FLR-ACC-101799,Ruth Yusuf,Individual,FR,EUR,Tier3_Enhanced,2024-12-26,16.46
FLR-ACC-101800,Musa Balogun,Individual,NG,NGN,Tier2_Verified,2024-03-27,27.65
FLR-ACC-101801,Chioma Nwosu,Individual,NG,NGN,Tier2_Verified,2024-06-21,13.1
FLR-ACC-101802,Metro Foods Ltd,Business,US,USD,Tier2_Verified,2025-09-01,907.96
FLR-ACC-101803,Emeka Green,Individual,GB,GBP,Tier2_Verified,2023-10-21,102.18
FLR-ACC-101804,Ruth Okoro,Individual,DE,EUR,Tier2_Verified,2024-06-04,89.04
FLR-ACC-101805,Funke Okafor,Individual,NG,NGN,Tier2_Verified,2025-04-17,441.61
FLR-ACC-101806,Olu Balogun,Individual,FR,EUR,Tier2_Verified,2024-11-12,40.1
FLR-ACC-101807,Aisha Hassan,Individual,DE,EUR,Tier1_Basic,2026-04-09,50.35
FLR-ACC-101808,Bluewave Media Ltd,Business,DE,EUR,Tier2_Verified,2023-04-23,933.42
FLR-ACC-101809,Apex Technologies LLC,Business,NG,NGN,Tier3_Enhanced,2025-06-01,131.1
FLR-ACC-101810,Chuka Yusuf,Individual,FR,EUR,Tier1_Basic,2025-12-30,56.5
FLR-ACC-101811,Metro Textiles Ltd,Business,DE,EUR,Tier3_Enhanced,2024-09-06,138.75
FLR-ACC-101812,Ben Green,Individual,GB,GBP,Tier3_Enhanced,2024-08-22,102.18
FLR-ACC-101813,Sarah Yusuf,Individual,NG,NGN,Tier2_Verified,2023-11-17,103.21
FLR-ACC-101814,Blessing Green,Individual,NG,NGN,Tier2_Verified,2025-09-09,64.97
FLR-ACC-101815,Bluewave Trading Ltd,Business,NG,NGN,Tier3_Enhanced,2023-12-10,202.23
FLR-ACC-101816,Chidi Ibrahim,Individual,FR,EUR,Tier1_Basic,2026-06-26,13.31
FLR-ACC-101817,Emeka Smith,Individual,NG,NGN,Tier3_Enhanced,2024-09-11,30.06
FLR-ACC-101818,Silverline Consulting LLC,Business,GB,GBP,Tier1_Basic,2024-06-24,860.4
FLR-ACC-101819,John Okafor,Individual,NG,NGN,Tier3_Enhanced,2024-03-14,23.8
FLR-ACC-101820,Urban Technologies Ltd,Business,DE,EUR,Tier2_Verified,2025-05-09,420.38
FLR-ACC-101821,Kemi Balogun,Individual,GB,GBP,Tier1_Basic,2024-07-21,37.21
FLR-ACC-101822,Metro Logistics Inc,Business,NG,NGN,Tier3_Enhanced,2024-09-01,1393.8
FLR-ACC-101823,Bluewave Trading Co.,Business,NG,NGN,Tier3_Enhanced,2023-08-10,177.82
FLR-ACC-101824,Global Ventures Inc,Business,NG,NGN,Tier2_Verified,2025-08-15,1160.51
FLR-ACC-101825,North Consulting Co.,Business,US,USD,Tier2_Verified,2024-06-22,178.9
FLR-ACC-101826,Bluewave Logistics Co.,Business,NG,NGN,Tier3_Enhanced,2023-06-25,311.04
FLR-ACC-101827,Urban Logistics Inc,Business,GB,GBP,Tier1_Basic,2025-06-18,841.37
FLR-ACC-101828,Chuka Obi,Individual,GB,GBP,Tier2_Verified,2025-09-12,45.47
FLR-ACC-101829,Femi Balogun,Individual,NG,NGN,Tier2_Verified,2023-11-24,19.61
FLR-ACC-101830,Emeka Okafor,Individual,GB,GBP,Tier1_Basic,2023-11-17,37.17
FLR-ACC-101831,Funke Adeyemi,Individual,GB,GBP,Tier3_Enhanced,2025-03-19,53.16
FLR-ACC-101832,Laura Hassan,Individual,GB,GBP,Tier2_Verified,2025-05-02,45.81
FLR-ACC-101833,North Retail Ltd,Business,NG,NGN,Tier3_Enhanced,2024-06-30,764.98
FLR-ACC-101834,North Retail Co.,Business,GB,GBP,Tier1_Basic,2026-01-22,593.94
FLR-ACC-101835,Mary Adekunle,Individual,GB,GBP,Tier1_Basic,2026-03-02,54.04
FLR-ACC-101836,Greenfield Technologies Ltd,Business,US,USD,Tier2_Verified,2025-09-21,706.83
FLR-ACC-101837,Michael Balogun,Individual,NG,NGN,Tier1_Basic,2023-06-28,25.52
FLR-ACC-101838,Femi Green,Individual,DE,EUR,Tier2_Verified,2025-02-14,38.56
FLR-ACC-101839,Metro Textiles Co.,Business,US,USD,Tier2_Verified,2025-11-11,84.34
FLR-ACC-101840,Metro Trading LLC,Business,NG,NGN,Tier3_Enhanced,2025-09-10,188.76
FLR-ACC-101841,Prime Ventures LLC,Business,GB,GBP,Tier3_Enhanced,2025-04-30,260.5
FLR-ACC-101842,John Adekunle,Individual,NG,NGN,Tier3_Enhanced,2023-01-21,16.33
FLR-ACC-101843,Ngozi Yusuf,Individual,US,USD,Tier2_Verified,2026-06-23,54.16
FLR-ACC-101844,Silverline Textiles Ltd,Business,NG,NGN,Tier1_Basic,2026-01-13,2940.34
FLR-ACC-101845,Amaka Chukwu,Individual,US,USD,Tier3_Enhanced,2024-11-04,173.19
FLR-ACC-101846,Apex Technologies Inc,Business,GB,GBP,Tier3_Enhanced,2025-12-22,457.42
FLR-ACC-101847,North Retail Inc,Business,NG,NGN,Tier3_Enhanced,2024-11-22,870.03
FLR-ACC-101848,Chidi Chukwu,Individual,DE,EUR,Tier2_Verified,2025-10-02,29.51
FLR-ACC-101849,Urban Builders Ltd,Business,GB,GBP,Tier2_Verified,2026-04-30,734.56
FLR-ACC-101850,Tunde Adeyemi,Individual,NG,NGN,Tier2_Verified,2023-11-30,41.08
FLR-ACC-101851,Apex Media Inc,Business,NG,NGN,Tier3_Enhanced,2023-03-18,652.28
FLR-ACC-101852,Tunde Adekunle,Individual,NG,NGN,Tier3_Enhanced,2024-10-25,33.66
FLR-ACC-101853,Laura Fashola,Individual,GB,GBP,Tier2_Verified,2025-12-03,106.48
FLR-ACC-101854,Laura Okoro,Individual,GB,GBP,Tier2_Verified,2025-03-05,112.73
FLR-ACC-101855,Amaka Chukwu,Individual,DE,EUR,Tier3_Enhanced,2025-09-19,140.3
FLR-ACC-101856,Musa Eze,Individual,GB,GBP,Tier2_Verified,2025-05-10,42.04
FLR-ACC-101857,Chioma Hassan,Individual,DE,EUR,Tier3_Enhanced,2025-04-06,33.53
FLR-ACC-101858,Sunrise Ventures LLC,Business,NG,NGN,Tier3_Enhanced,2023-01-09,1087.54
FLR-ACC-101859,North Retail LLC,Business,NG,NGN,Tier3_Enhanced,2025-07-04,586.65
FLR-ACC-101860,Tobi Green,Individual,US,USD,Tier1_Basic,2024-12-03,97.73
FLR-ACC-101861,Greenfield Technologies LLC,Business,NG,NGN,Tier1_Basic,2026-01-18,1721.58
FLR-ACC-101862,Musa Johnson,Individual,NG,NGN,Tier2_Verified,2023-05-13,29.52
FLR-ACC-101863,Peter Smith,Individual,US,USD,Tier2_Verified,2025-03-13,73.29
FLR-ACC-101864,Bluewave Trading LLC,Business,FR,EUR,Tier3_Enhanced,2024-05-21,382.31
FLR-ACC-101865,Daniel Nwosu,Individual,NG,NGN,Tier3_Enhanced,2025-09-06,48.71
FLR-ACC-101866,Silverline Retail LLC,Business,GB,GBP,Tier2_Verified,2026-01-18,666.58
FLR-ACC-101867,Global Ventures Ltd,Business,US,USD,Tier1_Basic,2025-07-22,827.06
FLR-ACC-101868,Amaka Nwosu,Individual,FR,EUR,Tier2_Verified,2024-07-12,165.04
FLR-ACC-101869,James Williams,Individual,US,USD,Tier3_Enhanced,2024-03-17,125.09
FLR-ACC-101870,Urban Media Ltd,Business,NG,NGN,Tier3_Enhanced,2025-06-10,2415.12
FLR-ACC-101871,North Technologies LLC,Business,DE,EUR,Tier2_Verified,2024-11-24,654.28
FLR-ACC-101872,North Ventures Co.,Business,NG,NGN,Tier1_Basic,2024-03-30,91.44
FLR-ACC-101873,Femi Adeyemi,Individual,US,USD,Tier2_Verified,2025-10-05,63.96
FLR-ACC-101874,Apex Foods Ltd,Business,NG,NGN,Tier2_Verified,2025-03-12,169.9
FLR-ACC-101875,Urban Trading Co.,Business,NG,NGN,Tier2_Verified,2025-10-18,481.77
FLR-ACC-101876,Aisha Chukwu,Individual,US,USD,Tier2_Verified,2024-04-08,67.16
FLR-ACC-101877,Ruth Adeyemi,Individual,NG,NGN,Tier3_Enhanced,2023-05-24,54.64
FLR-ACC-101878,Yetunde Johnson,Individual,NG,NGN,Tier3_Enhanced,2024-02-25,209.49
FLR-ACC-101879,Sarah Nwosu,Individual,US,USD,Tier2_Verified,2024-01-19,33.05
FLR-ACC-101880,Daniel Fashola,Individual,NG,NGN,Tier2_Verified,2024-10-10,33.11
FLR-ACC-101881,Sarah Okoro,Individual,FR,EUR,Tier1_Basic,2026-06-05,79.09
FLR-ACC-101882,John Smith,Individual,GB,GBP,Tier1_Basic,2025-10-15,79.7
FLR-ACC-101883,Urban Media Inc,Business,DE,EUR,Tier2_Verified,2026-05-05,996.7
FLR-ACC-101884,Funke Chukwu,Individual,GB,GBP,Tier2_Verified,2024-10-21,58.16
FLR-ACC-101885,Tobi Eze,Individual,FR,EUR,Tier1_Basic,2024-07-24,69.81
FLR-ACC-101886,Olu Taylor,Individual,FR,EUR,Tier3_Enhanced,2023-11-21,98.59
FLR-ACC-101887,Ben Hassan,Individual,GB,GBP,Tier1_Basic,2026-06-22,70.19
FLR-ACC-101888,Metro Technologies LLC,Business,NG,NGN,Tier3_Enhanced,2025-10-01,666.29
FLR-ACC-101889,David Smith,Individual,GB,GBP,Tier2_Verified,2025-11-25,38.61
FLR-ACC-101890,Michael Green,Individual,GB,GBP,Tier3_Enhanced,2023-10-23,12.1
FLR-ACC-101891,Musa Adeyemi,Individual,DE,EUR,Tier3_Enhanced,2023-05-14,46.43
FLR-ACC-101892,Funke Bello,Individual,FR,EUR,Tier2_Verified,2025-02-09,87.76
FLR-ACC-101893,Apex Trading Ltd,Business,NG,NGN,Tier2_Verified,2024-11-15,189.25
FLR-ACC-101894,David Eze,Individual,US,USD,Tier2_Verified,2025-12-13,35.19
FLR-ACC-101895,Chioma Okoro,Individual,NG,NGN,Tier3_Enhanced,2024-07-26,140.79
FLR-ACC-101896,Bluewave Textiles Ltd,Business,NG,NGN,Tier2_Verified,2026-02-10,878.41
FLR-ACC-101897,Femi Fashola,Individual,US,USD,Tier2_Verified,2025-03-17,76.86
FLR-ACC-101898,Apex Logistics LLC,Business,NG,NGN,Tier3_Enhanced,2022-11-05,397.95
FLR-ACC-101899,James Chukwu,Individual,NG,NGN,Tier2_Verified,2025-10-30,39.04
FLR-ACC-101900,Chioma Green,Individual,US,USD,Tier1_Basic,2025-06-28,62.29
FLR-ACC-101901,North Builders Co.,Business,GB,GBP,Tier3_Enhanced,2024-09-18,106.22
FLR-ACC-101902,Bluewave Logistics LLC,Business,NG,NGN,Tier2_Verified,2026-08-04,291.95
FLR-ACC-101903,Chioma Williams,Individual,US,USD,Tier2_Verified,2023-11-02,192.3
FLR-ACC-101904,Apex Foods Inc,Business,US,USD,Tier1_Basic,2025-02-03,873.28
FLR-ACC-101905,Olu Adeyemi,Individual,NG,NGN,Tier3_Enhanced,2024-04-20,27.24
FLR-ACC-101906,Michael Johnson,Individual,NG,NGN,Tier2_Verified,2025-04-22,76.87
FLR-ACC-101907,Silverline Media Co.,Business,NG,NGN,Tier3_Enhanced,2024-05-21,882.62
FLR-ACC-101908,Metro Retail Ltd,Business,NG,NGN,Tier2_Verified,2025-02-13,298.04
FLR-ACC-101909,Blessing Adeyemi,Individual,NG,NGN,Tier2_Verified,2025-08-16,76.87
FLR-ACC-101910,Kunle Adekunle,Individual,NG,NGN,Tier3_Enhanced,2024-03-15,21.7
FLR-ACC-101911,Daniel Okafor,Individual,NG,NGN,Tier3_Enhanced,2024-03-09,39.44
FLR-ACC-101912,Ifeoma Eze,Individual,NG,NGN,Tier3_Enhanced,2026-04-19,36.43
FLR-ACC-101913,Ben Eze,Individual,US,USD,Tier2_Verified,2024-03-19,146.83
FLR-ACC-101914,Global Textiles LLC,Business,NG,NGN,Tier1_Basic,2025-06-27,377.3
FLR-ACC-101915,Silverline Ventures LLC,Business,US,USD,Tier1_Basic,2026-07-09,284.19
FLR-ACC-101916,Apex Builders Inc,Business,GB,GBP,Tier1_Basic,2024-08-21,261.65
FLR-ACC-101917,Silverline Foods LLC,Business,NG,NGN,Tier1_Basic,2025-07-31,444.92
FLR-ACC-101918,Mary Okoro,Individual,NG,NGN,Tier2_Verified,2024-10-17,186.6
FLR-ACC-101919,Greenfield Textiles LLC,Business,NG,NGN,Tier2_Verified,2024-10-12,776.25
FLR-ACC-101920,Amaka Taylor,Individual,NG,NGN,Tier2_Verified,2024-06-04,51.08
FLR-ACC-101921,Bluewave Retail Inc,Business,NG,NGN,Tier2_Verified,2024-01-11,445.42
FLR-ACC-101922,Chuka Nwosu,Individual,FR,EUR,Tier3_Enhanced,2024-08-05,130.83
FLR-ACC-101923,Musa Hassan,Individual,GB,GBP,Tier2_Verified,2023-12-19,14.84
FLR-ACC-101924,Greenfield Ventures Ltd,Business,DE,EUR,Tier2_Verified,2025-06-30,34.76
FLR-ACC-101925,Chidi Okoro,Individual,NG,NGN,Tier3_Enhanced,2026-02-03,41.97
FLR-ACC-101926,Ruth Yusuf,Individual,GB,GBP,Tier3_Enhanced,2025-07-19,30.35
FLR-ACC-101927,Ngozi Okafor,Individual,NG,NGN,Tier2_Verified,2024-10-13,46.03
FLR-ACC-101928,Global Logistics LLC,Business,GB,GBP,Tier2_Verified,2026-01-07,592.41
FLR-ACC-101929,Amaka Yusuf,Individual,NG,NGN,Tier3_Enhanced,2025-07-06,16.73
FLR-ACC-101930,Sunrise Logistics Co.,Business,NG,NGN,Tier3_Enhanced,2023-08-01,982.5
FLR-ACC-101931,Peter Adeyemi,Individual,US,USD,Tier2_Verified,2023-12-08,50.65
FLR-ACC-101932,Tobi Balogun,Individual,NG,NGN,Tier3_Enhanced,2024-04-08,20.29
FLR-ACC-101933,Funke Adekunle,Individual,NG,NGN,Tier3_Enhanced,2023-11-09,62.1
FLR-ACC-101934,Amaka Adeyemi,Individual,NG,NGN,Tier1_Basic,2025-07-21,40.75
FLR-ACC-101935,Sunrise Retail Ltd,Business,DE,EUR,Tier1_Basic,2025-04-20,808.51
FLR-ACC-101936,Silverline Textiles LLC,Business,NG,NGN,Tier1_Basic,2026-03-28,95.61
FLR-ACC-101937,James Yusuf,Individual,US,USD,Tier3_Enhanced,2024-07-28,21.39
FLR-ACC-101938,Apex Technologies Inc,Business,US,USD,Tier2_Verified,2022-08-08,3060.67
FLR-ACC-101939,Tunde Brown,Individual,US,USD,Tier3_Enhanced,2024-04-29,31.86
FLR-ACC-101940,Aisha Obi,Individual,NG,NGN,Tier3_Enhanced,2025-02-10,68.22
FLR-ACC-101941,Global Trading Co.,Business,US,USD,Tier2_Verified,2025-01-30,1274.37
FLR-ACC-101942,Bluewave Media Inc,Business,US,USD,Tier2_Verified,2025-02-11,1918.95
FLR-ACC-101943,Kunle Hassan,Individual,NG,NGN,Tier2_Verified,2025-02-20,121.15
FLR-ACC-101944,Global Technologies Co.,Business,NG,NGN,Tier2_Verified,2026-07-03,243.76
FLR-ACC-101945,Grace Taylor,Individual,FR,EUR,Tier3_Enhanced,2024-05-09,77.68
FLR-ACC-101946,Daniel Adeyemi,Individual,NG,NGN,Tier2_Verified,2023-07-25,84.29
FLR-ACC-101947,Sunrise Trading LLC,Business,NG,NGN,Tier3_Enhanced,2024-10-16,1412.48
FLR-ACC-101948,Ngozi Obi,Individual,NG,NGN,Tier2_Verified,2025-03-13,107.57
FLR-ACC-101949,Funke Williams,Individual,NG,NGN,Tier2_Verified,2024-08-21,33.49
FLR-ACC-101950,Yetunde Adeyemi,Individual,NG,NGN,Tier1_Basic,2025-06-26,27.05
FLR-ACC-101951,Yetunde Yusuf,Individual,NG,NGN,Tier2_Verified,2024-10-11,158.61
FLR-ACC-101952,North Trading Ltd,Business,NG,NGN,Tier2_Verified,2023-09-11,157.01
FLR-ACC-101953,Urban Foods Co.,Business,NG,NGN,Tier3_Enhanced,2025-02-08,754.79
FLR-ACC-101954,Chioma Taylor,Individual,US,USD,Tier1_Basic,2025-01-13,90.97
FLR-ACC-101955,Laura Balogun,Individual,GB,GBP,Tier1_Basic,2024-11-09,23.17
FLR-ACC-101956,Prime Technologies Co.,Business,NG,NGN,Tier1_Basic,2025-06-05,348.28
FLR-ACC-101957,Bluewave Ventures Co.,Business,US,USD,Tier3_Enhanced,2023-12-28,200.66
FLR-ACC-101958,Urban Foods Ltd,Business,DE,EUR,Tier2_Verified,2024-09-06,1596.92
FLR-ACC-101959,Laura Yusuf,Individual,NG,NGN,Tier3_Enhanced,2023-10-17,27.99
FLR-ACC-101960,Chidi Ibrahim,Individual,NG,NGN,Tier3_Enhanced,2025-04-02,81.33
FLR-ACC-101961,Ruth Fashola,Individual,US,USD,Tier2_Verified,2026-07-24,46.7
FLR-ACC-101962,Ngozi Taylor,Individual,NG,NGN,Tier2_Verified,2024-06-25,131.35
FLR-ACC-101963,Daniel Eze,Individual,NG,NGN,Tier3_Enhanced,2024-08-11,81.81
FLR-ACC-101964,Tunde Johnson,Individual,NG,NGN,Tier2_Verified,2025-09-21,94.18
FLR-ACC-101965,Ben Williams,Individual,US,USD,Tier3_Enhanced,2023-08-07,62.87
FLR-ACC-101966,Mary Eze,Individual,US,USD,Tier3_Enhanced,2025-02-25,161.57
FLR-ACC-101967,Chuka Fashola,Individual,NG,NGN,Tier2_Verified,2025-12-16,37.3
FLR-ACC-101968,Emeka Okoro,Individual,GB,GBP,Tier3_Enhanced,2024-08-15,110.65
FLR-ACC-101969,North Consulting Inc,Business,US,USD,Tier2_Verified,2025-09-22,652.22
FLR-ACC-101970,Kunle Okoro,Individual,NG,NGN,Tier1_Basic,2024-09-14,63.59
FLR-ACC-101971,Global Consulting Ltd,Business,DE,EUR,Tier2_Verified,2024-09-19,489.93
FLR-ACC-101972,Urban Ventures LLC,Business,NG,NGN,Tier3_Enhanced,2024-01-06,84.76
FLR-ACC-101973,Ngozi Obi,Individual,NG,NGN,Tier3_Enhanced,2025-01-24,109.19
FLR-ACC-101974,Silverline Trading Co.,Business,GB,GBP,Tier2_Verified,2025-10-25,736.89
FLR-ACC-101975,Peter Okafor,Individual,NG,NGN,Tier1_Basic,2026-02-21,184.91
FLR-ACC-101976,Global Media Inc,Business,NG,NGN,Tier2_Verified,2026-03-14,653.65
FLR-ACC-101977,Emeka Okafor,Individual,NG,NGN,Tier2_Verified,2025-02-18,33.23
FLR-ACC-101978,Aisha Adekunle,Individual,NG,NGN,Tier2_Verified,2025-09-11,101.94
FLR-ACC-101979,North Retail LLC,Business,US,USD,Tier2_Verified,2025-05-02,180.27
FLR-ACC-101980,Yetunde Taylor,Individual,US,USD,Tier3_Enhanced,2024-11-08,32.31
FLR-ACC-101981,Funke Johnson,Individual,NG,NGN,Tier2_Verified,2025-12-31,70.81
FLR-ACC-101982,Sunrise Retail Co.,Business,NG,NGN,Tier1_Basic,2025-04-23,153.52
FLR-ACC-101983,Yetunde Fashola,Individual,NG,NGN,Tier2_Verified,2022-07-25,144.42
FLR-ACC-101984,Prime Foods Co.,Business,NG,NGN,Tier3_Enhanced,2025-11-03,663.74
FLR-ACC-101985,Blessing Smith,Individual,FR,EUR,Tier2_Verified,2026-07-18,42.76
FLR-ACC-101986,Chidi Yusuf,Individual,US,USD,Tier2_Verified,2025-12-21,25.45
FLR-ACC-101987,Chidi Okafor,Individual,US,USD,Tier2_Verified,2024-06-06,135.7
FLR-ACC-101988,Ifeoma Taylor,Individual,DE,EUR,Tier2_Verified,2026-01-21,56.76
FLR-ACC-101989,Metro Retail LLC,Business,GB,GBP,Tier2_Verified,2025-05-21,3183.75
FLR-ACC-101990,Blessing Ibrahim,Individual,US,USD,Tier2_Verified,2026-01-23,35.14
FLR-ACC-101991,Blessing Nwosu,Individual,NG,NGN,Tier1_Basic,2024-06-28,49.58
FLR-ACC-101992,Kemi Williams,Individual,US,USD,Tier3_Enhanced,2026-02-03,36.37
FLR-ACC-101993,Prime Trading LLC,Business,GB,GBP,Tier2_Verified,2025-11-09,183.64
FLR-ACC-101994,Metro Textiles LLC,Business,NG,NGN,Tier3_Enhanced,2025-10-05,451.77
FLR-ACC-101995,Funke Hassan,Individual,NG,NGN,Tier2_Verified,2024-07-29,51.77
FLR-ACC-101996,Daniel Bello,Individual,NG,NGN,Tier1_Basic,2024-11-25,275.86
FLR-ACC-101997,Prime Trading LLC,Business,US,USD,Tier2_Verified,2024-07-02,358.65
FLR-ACC-101998,Ben Yusuf,Individual,NG,NGN,Tier2_Verified,2024-09-17,84.56
FLR-ACC-101999,Ben Okafor,Individual,US,USD,Tier2_Verified,2023-12-27,61.81
FLR-ACC-102000,Funke Adekunle,Individual,GB,GBP,Tier2_Verified,2026-01-18,24.78
FLR-ACC-102001,Kunle Eze,Individual,DE,EUR,Tier1_Basic,2026-01-09,40.65
FLR-ACC-102002,Greenfield Textiles Co.,Business,US,USD,Tier3_Enhanced,2026-02-08,2289.08
FLR-ACC-102003,Metro Foods LLC,Business,NG,NGN,Tier3_Enhanced,2024-11-19,917.49
FLR-ACC-102004,Kunle Eze,Individual,US,USD,Tier3_Enhanced,2023-12-28,108.83
FLR-ACC-102005,Peter Adekunle,Individual,NG,NGN,Tier3_Enhanced,2025-01-16,29.01
FLR-ACC-102006,Urban Builders LLC,Business,US,USD,Tier2_Verified,2025-12-25,1684.18
FLR-ACC-102007,Daniel Ibrahim,Individual,GB,GBP,Tier2_Verified,2025-03-18,55.61
FLR-ACC-102008,James Okafor,Individual,GB,GBP,Tier2_Verified,2025-07-09,29.27
FLR-ACC-102009,Tobi Chukwu,Individual,US,USD,Tier3_Enhanced,2024-10-21,35.01
FLR-ACC-102010,Mary Johnson,Individual,FR,EUR,Tier2_Verified,2024-04-07,53.18
FLR-ACC-102011,Urban Ventures Inc,Business,US,USD,Tier3_Enhanced,2024-08-30,592.82
FLR-ACC-102012,Aisha Taylor,Individual,DE,EUR,Tier2_Verified,2025-07-11,71.38
FLR-ACC-102013,Sunrise Technologies Co.,Business,NG,NGN,Tier1_Basic,2026-07-21,1469.39
FLR-ACC-102014,Tunde Adeyemi,Individual,US,USD,Tier2_Verified,2025-12-09,94.16
FLR-ACC-102015,Prime Consulting Ltd,Business,US,USD,Tier1_Basic,2026-05-24,149.52
FLR-ACC-102016,Yetunde Okafor,Individual,NG,NGN,Tier3_Enhanced,2024-08-08,93.37
FLR-ACC-102017,North Trading LLC,Business,NG,NGN,Tier2_Verified,2026-07-14,54.2
FLR-ACC-102018,Kunle Chukwu,Individual,GB,GBP,Tier2_Verified,2024-11-20,71.51
FLR-ACC-102019,Olu Taylor,Individual,NG,NGN,Tier2_Verified,2024-12-28,54.36
FLR-ACC-102020,Global Technologies Inc,Business,NG,NGN,Tier3_Enhanced,2024-09-26,229.91
FLR-ACC-102021,Ben Okoro,Individual,FR,EUR,Tier3_Enhanced,2026-03-22,131.94
FLR-ACC-102022,North Textiles LLC,Business,NG,NGN,Tier3_Enhanced,2023-07-06,489.8
FLR-ACC-102023,Mary Williams,Individual,NG,NGN,Tier2_Verified,2025-05-04,63.73
FLR-ACC-102024,Blessing Chukwu,Individual,NG,NGN,Tier3_Enhanced,2024-04-21,31.63
FLR-ACC-102025,David Yusuf,Individual,NG,NGN,Tier3_Enhanced,2026-01-24,86.34
FLR-ACC-102026,David Obi,Individual,NG,NGN,Tier2_Verified,2025-09-04,34.85
FLR-ACC-102027,Tunde Hassan,Individual,DE,EUR,Tier2_Verified,2026-04-03,23.55
FLR-ACC-102028,Kemi Johnson,Individual,FR,EUR,Tier2_Verified,2023-11-28,44.82
FLR-ACC-102029,Musa Eze,Individual,GB,GBP,Tier3_Enhanced,2022-11-17,99.58
FLR-ACC-102030,Urban Textiles Inc,Business,NG,NGN,Tier2_Verified,2026-07-11,302.07
FLR-ACC-102031,Ngozi Bello,Individual,US,USD,Tier2_Verified,2025-08-01,214.29
FLR-ACC-102032,Musa Obi,Individual,US,USD,Tier2_Verified,2024-12-18,46.72
FLR-ACC-102033,North Trading Co.,Business,GB,GBP,Tier3_Enhanced,2022-08-30,1134.44
FLR-ACC-102034,Tobi Brown,Individual,NG,NGN,Tier3_Enhanced,2025-11-08,88.35
FLR-ACC-102035,Femi Hassan,Individual,US,USD,Tier2_Verified,2023-04-06,141.06
FLR-ACC-102036,Tunde Eze,Individual,US,USD,Tier2_Verified,2024-07-13,40.75
FLR-ACC-102037,David Obi,Individual,US,USD,Tier3_Enhanced,2022-07-28,101.33
FLR-ACC-102038,Laura Okoro,Individual,NG,NGN,Tier2_Verified,2024-09-04,136.51
FLR-ACC-102039,Apex Consulting Co.,Business,DE,EUR,Tier3_Enhanced,2023-04-21,198.14
FLR-ACC-102040,David Yusuf,Individual,NG,NGN,Tier3_Enhanced,2024-03-19,34.94
FLR-ACC-102041,Bluewave Retail Inc,Business,US,USD,Tier2_Verified,2026-02-10,103.86
FLR-ACC-102042,Prime Retail Ltd,Business,GB,GBP,Tier3_Enhanced,2024-07-28,340.41
FLR-ACC-102043,Chuka Okafor,Individual,NG,NGN,Tier3_Enhanced,2025-05-22,28.92
FLR-ACC-102044,Ifeoma Chukwu,Individual,NG,NGN,Tier2_Verified,2024-06-13,123.23
FLR-ACC-102045,Chidi Chukwu,Individual,US,USD,Tier2_Verified,2025-07-28,17.36
FLR-ACC-102046,Sarah Okafor,Individual,NG,NGN,Tier2_Verified,2025-08-05,25.97
FLR-ACC-102047,Femi Smith,Individual,NG,NGN,Tier2_Verified,2024-08-28,15.63
FLR-ACC-102048,Bluewave Consulting Ltd,Business,NG,NGN,Tier2_Verified,2024-08-05,130.06
FLR-ACC-102049,Funke Okafor,Individual,DE,EUR,Tier2_Verified,2025-11-08,91.51
FLR-ACC-102050,Bluewave Trading LLC,Business,NG,NGN,Tier3_Enhanced,2026-03-18,211.96
FLR-ACC-102051,Global Builders Inc,Business,GB,GBP,Tier2_Verified,2024-11-22,297.16
FLR-ACC-102052,Ifeoma Balogun,Individual,NG,NGN,Tier3_Enhanced,2024-12-16,140.11
FLR-ACC-102053,Ruth Obi,Individual,US,USD,Tier2_Verified,2026-04-24,99.41
FLR-ACC-102054,Prime Logistics Ltd,Business,GB,GBP,Tier3_Enhanced,2025-02-21,631.3
FLR-ACC-102055,Prime Builders LLC,Business,DE,EUR,Tier3_Enhanced,2025-04-22,653.72
FLR-ACC-102056,Ngozi Green,Individual,DE,EUR,Tier3_Enhanced,2024-08-12,59.52
FLR-ACC-102057,Silverline Trading Inc,Business,DE,EUR,Tier1_Basic,2024-11-19,3231.83
FLR-ACC-102058,Grace Bello,Individual,NG,NGN,Tier2_Verified,2022-11-01,111.39
FLR-ACC-102059,James Eze,Individual,US,USD,Tier3_Enhanced,2023-12-07,86.8
FLR-ACC-102060,Chidi Yusuf,Individual,NG,NGN,Tier3_Enhanced,2022-07-27,118.02
FLR-ACC-102061,Olu Okoro,Individual,DE,EUR,Tier2_Verified,2025-11-02,142.58
FLR-ACC-102062,Tobi Adeyemi,Individual,NG,NGN,Tier2_Verified,2025-04-02,75.29
FLR-ACC-102063,Chuka Adekunle,Individual,NG,NGN,Tier2_Verified,2026-02-19,61.41
FLR-ACC-102064,North Technologies Inc,Business,DE,EUR,Tier3_Enhanced,2022-10-09,254.33
FLR-ACC-102065,Ngozi Taylor,Individual,NG,NGN,Tier1_Basic,2025-08-03,86.42
FLR-ACC-102066,Urban Textiles Inc,Business,GB,GBP,Tier3_Enhanced,2024-08-24,289.33
FLR-ACC-102067,Metro Textiles Ltd,Business,NG,NGN,Tier1_Basic,2026-02-23,2077.44
FLR-ACC-102068,Michael Okoro,Individual,US,USD,Tier3_Enhanced,2024-02-10,50.94
FLR-ACC-102069,Amaka Brown,Individual,US,USD,Tier1_Basic,2026-07-04,59.8
FLR-ACC-102070,Apex Technologies LLC,Business,US,USD,Tier1_Basic,2026-01-09,460.75
FLR-ACC-102071,Peter Yusuf,Individual,US,USD,Tier2_Verified,2023-10-15,18.07
FLR-ACC-102072,Chuka Adekunle,Individual,NG,NGN,Tier2_Verified,2024-03-26,20.59
FLR-ACC-102073,Kemi Fashola,Individual,NG,NGN,Tier2_Verified,2026-03-09,114.65
FLR-ACC-102074,Ben Fashola,Individual,NG,NGN,Tier2_Verified,2023-03-25,78.38
FLR-ACC-102075,Tunde Taylor,Individual,GB,GBP,Tier2_Verified,2023-08-30,88.26
FLR-ACC-102076,Peter Adeyemi,Individual,GB,GBP,Tier2_Verified,2025-06-02,19.46
FLR-ACC-102077,North Foods Co.,Business,NG,NGN,Tier2_Verified,2025-06-19,619.83
FLR-ACC-102078,Ben Green,Individual,NG,NGN,Tier3_Enhanced,2026-03-31,36.92
FLR-ACC-102079,Tobi Nwosu,Individual,US,USD,Tier2_Verified,2024-01-02,106.11
FLR-ACC-102080,Emeka Adeyemi,Individual,NG,NGN,Tier3_Enhanced,2023-04-10,49.18
FLR-ACC-102081,Ifeoma Adeyemi,Individual,US,USD,Tier2_Verified,2024-09-11,43.41
FLR-ACC-102082,Chuka Chukwu,Individual,US,USD,Tier1_Basic,2026-05-14,44.57
FLR-ACC-102083,Silverline Retail Ltd,Business,US,USD,Tier2_Verified,2025-02-23,722.61
FLR-ACC-102084,Chuka Eze,Individual,NG,NGN,Tier2_Verified,2024-05-05,97.31
FLR-ACC-102085,Urban Technologies Ltd,Business,US,USD,Tier3_Enhanced,2026-01-04,117.08
FLR-ACC-102086,Apex Textiles Inc,Business,NG,NGN,Tier2_Verified,2024-07-15,306.47
FLR-ACC-102087,John Adekunle,Individual,NG,NGN,Tier2_Verified,2025-05-27,26.29
FLR-ACC-102088,Greenfield Builders Inc,Business,US,USD,Tier3_Enhanced,2025-04-25,197.18
FLR-ACC-102089,Global Retail Ltd,Business,NG,NGN,Tier2_Verified,2025-12-30,737.42
FLR-ACC-102090,Emeka Taylor,Individual,NG,NGN,Tier3_Enhanced,2024-10-22,42.99
FLR-ACC-102091,John Williams,Individual,NG,NGN,Tier3_Enhanced,2025-08-29,8.32
FLR-ACC-102092,Grace Adeyemi,Individual,NG,NGN,Tier2_Verified,2025-08-29,60.32
FLR-ACC-102093,Bluewave Builders Co.,Business,GB,GBP,Tier2_Verified,2026-06-02,724.24
FLR-ACC-102094,Chidi Eze,Individual,US,USD,Tier2_Verified,2022-11-27,369.34
FLR-ACC-102095,Michael Nwosu,Individual,FR,EUR,Tier3_Enhanced,2026-04-02,51.22
FLR-ACC-102096,Tobi Johnson,Individual,NG,NGN,Tier1_Basic,2024-10-02,57.05
FLR-ACC-102097,Silverline Textiles LLC,Business,DE,EUR,Tier3_Enhanced,2024-03-17,5210.69
FLR-ACC-102098,Metro Trading Co.,Business,NG,NGN,Tier1_Basic,2025-01-26,911.74
FLR-ACC-102099,Olu Chukwu,Individual,NG,NGN,Tier2_Verified,2023-11-08,44.93
FLR-ACC-102100,Urban Technologies LLC,Business,NG,NGN,Tier1_Basic,2025-06-16,1037.76
FLR-ACC-102101,Global Technologies Co.,Business,NG,NGN,Tier3_Enhanced,2022-07-25,426.55
FLR-ACC-102102,Chioma Brown,Individual,US,USD,Tier3_Enhanced,2024-03-14,44.63
FLR-ACC-102103,Sarah Smith,Individual,NG,NGN,Tier1_Basic,2025-08-06,24.82
FLR-ACC-102104,Sunrise Logistics Ltd,Business,NG,NGN,Tier1_Basic,2025-11-12,2629.93
FLR-ACC-102105,Laura Yusuf,Individual,NG,NGN,Tier2_Verified,2026-03-04,88.87
FLR-ACC-102106,Kunle Balogun,Individual,GB,GBP,Tier1_Basic,2026-01-28,48.33
FLR-ACC-102107,Metro Builders LLC,Business,GB,GBP,Tier2_Verified,2025-04-19,151.95
FLR-ACC-102108,Aisha Yusuf,Individual,US,USD,Tier2_Verified,2025-10-07,36.09
FLR-ACC-102109,Yetunde Yusuf,Individual,NG,NGN,Tier2_Verified,2024-02-06,5.67
FLR-ACC-102110,Michael Hassan,Individual,NG,NGN,Tier2_Verified,2024-10-13,200.45
FLR-ACC-102111,Chuka Adeyemi,Individual,NG,NGN,Tier2_Verified,2024-08-20,26.68
FLR-ACC-102112,Metro Trading Co.,Business,US,USD,Tier2_Verified,2026-04-18,543.28
FLR-ACC-102113,Metro Technologies Co.,Business,GB,GBP,Tier3_Enhanced,2023-12-15,709.23
FLR-ACC-102114,Apex Ventures Co.,Business,NG,NGN,Tier3_Enhanced,2023-10-27,924.54
FLR-ACC-102115,Yetunde Eze,Individual,US,USD,Tier2_Verified,2023-08-05,52.82
FLR-ACC-102116,Chidi Yusuf,Individual,GB,GBP,Tier1_Basic,2025-10-17,36.86
FLR-ACC-102117,Funke Chukwu,Individual,US,USD,Tier2_Verified,2025-12-12,133.57
FLR-ACC-102118,Greenfield Retail Inc,Business,US,USD,Tier3_Enhanced,2024-06-09,2008.59
FLR-ACC-102119,Yetunde Okoro,Individual,FR,EUR,Tier2_Verified,2026-03-03,28.99
FLR-ACC-102120,Laura Johnson,Individual,NG,NGN,Tier3_Enhanced,2024-07-18,80.81
FLR-ACC-102121,Amaka Okoro,Individual,US,USD,Tier2_Verified,2025-10-25,84.31
FLR-ACC-102122,North Ventures Co.,Business,NG,NGN,Tier3_Enhanced,2025-03-03,296.04
FLR-ACC-102123,Kunle Johnson,Individual,NG,NGN,Tier3_Enhanced,2025-04-17,81.46
FLR-ACC-102124,Aisha Balogun,Individual,NG,NGN,Tier2_Verified,2026-02-19,77.67
FLR-ACC-102125,Sarah Nwosu,Individual,NG,NGN,Tier3_Enhanced,2024-07-26,31.65
FLR-ACC-102126,Olu Johnson,Individual,GB,GBP,Tier2_Verified,2025-04-30,56.05
FLR-ACC-102127,Apex Trading Co.,Business,DE,EUR,Tier3_Enhanced,2025-05-21,399.1
FLR-ACC-102128,North Logistics Ltd,Business,FR,EUR,Tier2_Verified,2024-06-28,358.29
FLR-ACC-102129,Prime Builders LLC,Business,NG,NGN,Tier2_Verified,2025-12-27,751.22
FLR-ACC-102130,Ngozi Balogun,Individual,NG,NGN,Tier2_Verified,2026-02-13,94.96
FLR-ACC-102131,Yetunde Adeyemi,Individual,FR,EUR,Tier1_Basic,2025-09-04,188.33
FLR-ACC-102132,Ifeoma Hassan,Individual,GB,GBP,Tier2_Verified,2025-11-02,13.07
FLR-ACC-102133,Silverline Foods LLC,Business,NG,NGN,Tier3_Enhanced,2025-03-11,203.29
FLR-ACC-102134,Ifeoma Williams,Individual,NG,NGN,Tier3_Enhanced,2025-01-09,43.46
FLR-ACC-102135,Yetunde Brown,Individual,GB,GBP,Tier2_Verified,2025-05-27,67.02
FLR-ACC-102136,Aisha Adekunle,Individual,US,USD,Tier2_Verified,2024-06-10,114.7
FLR-ACC-102137,Mary Obi,Individual,GB,GBP,Tier3_Enhanced,2025-07-05,14.04
FLR-ACC-102138,Chidi Taylor,Individual,NG,NGN,Tier3_Enhanced,2022-12-13,60.39
FLR-ACC-102139,Tobi Yusuf,Individual,NG,NGN,Tier3_Enhanced,2023-04-25,13.39
FLR-ACC-102140,Sarah Williams,Individual,NG,NGN,Tier3_Enhanced,2023-11-26,149.43
FLR-ACC-102141,Peter Nwosu,Individual,GB,GBP,Tier3_Enhanced,2022-11-22,62.62
FLR-ACC-102142,Prime Consulting Ltd,Business,GB,GBP,Tier2_Verified,2025-05-19,301.68
FLR-ACC-102143,Ruth Okafor,Individual,DE,EUR,Tier2_Verified,2023-08-08,29.2
FLR-ACC-102144,Ifeoma Adeyemi,Individual,GB,GBP,Tier2_Verified,2025-05-22,36.56
FLR-ACC-102145,Tobi Hassan,Individual,NG,NGN,Tier3_Enhanced,2024-09-13,54.41
FLR-ACC-102146,North Ventures Ltd,Business,FR,EUR,Tier1_Basic,2024-10-05,435.22
FLR-ACC-102147,Ngozi Ibrahim,Individual,NG,NGN,Tier3_Enhanced,2023-12-17,29.64
FLR-ACC-102148,Chioma Fashola,Individual,FR,EUR,Tier2_Verified,2024-09-03,43.33
FLR-ACC-102149,North Technologies Ltd,Business,NG,NGN,Tier2_Verified,2026-06-01,1257.53
FLR-ACC-102150,Bluewave Consulting Co.,Business,NG,NGN,Tier2_Verified,2024-12-04,1172.68
FLR-ACC-102151,Greenfield Textiles LLC,Business,US,USD,Tier1_Basic,2025-10-19,297.39
FLR-ACC-102152,Olu Adekunle,Individual,NG,NGN,Tier2_Verified,2025-07-12,27.86
FLR-ACC-102153,Bluewave Textiles Co.,Business,NG,NGN,Tier1_Basic,2026-06-23,245.16
FLR-ACC-102154,Chuka Balogun,Individual,FR,EUR,Tier2_Verified,2024-05-28,177.31
FLR-ACC-102155,Sunrise Consulting LLC,Business,NG,NGN,Tier1_Basic,2024-08-14,1669.96
FLR-ACC-102156,Silverline Ventures Co.,Business,NG,NGN,Tier3_Enhanced,2025-08-23,204.04
FLR-ACC-102157,Chioma Balogun,Individual,GB,GBP,Tier3_Enhanced,2024-06-11,52.43
FLR-ACC-102158,Apex Consulting Co.,Business,US,USD,Tier1_Basic,2024-01-11,1053.82
FLR-ACC-102159,Ruth Green,Individual,NG,NGN,Tier1_Basic,2026-01-18,53.95
FLR-ACC-102160,Silverline Media LLC,Business,NG,NGN,Tier1_Basic,2025-08-31,421.28
FLR-ACC-102161,Blessing Okoro,Individual,NG,NGN,Tier3_Enhanced,2024-08-12,17.38
FLR-ACC-102162,North Builders Inc,Business,DE,EUR,Tier2_Verified,2025-05-05,540.67
FLR-ACC-102163,Prime Media Ltd,Business,GB,GBP,Tier1_Basic,2023-01-02,1119.33
FLR-ACC-102164,Funke Adekunle,Individual,NG,NGN,Tier3_Enhanced,2025-04-26,45.67
FLR-ACC-102165,Yetunde Yusuf,Individual,NG,NGN,Tier1_Basic,2026-01-31,25.58
FLR-ACC-102166,Yetunde Smith,Individual,FR,EUR,Tier2_Verified,2024-07-06,79.83
FLR-ACC-102167,Sunrise Builders Inc,Business,NG,NGN,Tier3_Enhanced,2026-03-12,905.63
FLR-ACC-102168,David Green,Individual,DE,EUR,Tier2_Verified,2023-11-13,35.59
FLR-ACC-102169,Apex Trading Ltd,Business,NG,NGN,Tier1_Basic,2026-01-07,117.66
FLR-ACC-102170,Chioma Brown,Individual,NG,NGN,Tier3_Enhanced,2024-12-19,64.79
FLR-ACC-102171,Greenfield Technologies LLC,Business,FR,EUR,Tier3_Enhanced,2023-10-03,172.25
FLR-ACC-102172,Greenfield Ventures Inc,Business,NG,NGN,Tier2_Verified,2025-07-07,935.61
FLR-ACC-102173,Chioma Bello,Individual,GB,GBP,Tier1_Basic,2026-01-08,79.2
FLR-ACC-102174,Grace Chukwu,Individual,US,USD,Tier3_Enhanced,2025-09-15,45.66
FLR-ACC-102175,Musa Hassan,Individual,US,USD,Tier2_Verified,2025-02-20,62.64
FLR-ACC-102176,Chidi Eze,Individual,NG,NGN,Tier3_Enhanced,2025-03-31,23.52
FLR-ACC-102177,David Smith,Individual,NG,NGN,Tier1_Basic,2026-07-11,40.9
FLR-ACC-102178,Silverline Technologies LLC,Business,NG,NGN,Tier3_Enhanced,2022-12-14,107.37
FLR-ACC-102179,Apex Consulting Ltd,Business,NG,NGN,Tier3_Enhanced,2023-05-15,1187.1
FLR-ACC-102180,Chuka Balogun,Individual,GB,GBP,Tier1_Basic,2025-07-31,25.16
FLR-ACC-102181,Global Trading Ltd,Business,US,USD,Tier1_Basic,2025-10-19,214.81
FLR-ACC-102182,Kunle Johnson,Individual,GB,GBP,Tier3_Enhanced,2024-05-22,21.24
FLR-ACC-102183,Apex Retail Co.,Business,NG,NGN,Tier2_Verified,2025-12-28,441.84
FLR-ACC-102184,Urban Retail LLC,Business,FR,EUR,Tier2_Verified,2025-03-18,1379.75
FLR-ACC-102185,Tobi Green,Individual,NG,NGN,Tier3_Enhanced,2025-01-30,71.25
FLR-ACC-102186,North Textiles Ltd,Business,NG,NGN,Tier2_Verified,2023-09-07,400.92
FLR-ACC-102187,Sunrise Technologies Inc,Business,GB,GBP,Tier2_Verified,2022-12-13,560.77
FLR-ACC-102188,Urban Textiles Co.,Business,US,USD,Tier2_Verified,2026-01-27,2019.77
FLR-ACC-102189,Sunrise Ventures Inc,Business,NG,NGN,Tier1_Basic,2025-12-18,237.88
FLR-ACC-102190,Yetunde Bello,Individual,NG,NGN,Tier1_Basic,2026-08-23,42.4
FLR-ACC-102191,Amaka Smith,Individual,DE,EUR,Tier3_Enhanced,2024-10-28,45.38
FLR-ACC-102192,Ruth Hassan,Individual,DE,EUR,Tier1_Basic,2025-06-13,83.84
FLR-ACC-102193,Sunrise Foods LLC,Business,GB,GBP,Tier2_Verified,2025-01-06,310.46
FLR-ACC-102194,Urban Builders Inc,Business,GB,GBP,Tier2_Verified,2025-11-20,409.06
FLR-ACC-102195,Peter Adekunle,Individual,GB,GBP,Tier3_Enhanced,2025-10-08,65.18
FLR-ACC-102196,Apex Logistics Ltd,Business,FR,EUR,Tier3_Enhanced,2025-03-03,953.99
FLR-ACC-102197,Peter Eze,Individual,DE,EUR,Tier2_Verified,2024-06-04,129.76
FLR-ACC-102198,Chidi Yusuf,Individual,NG,NGN,Tier1_Basic,2026-05-09,32.94
FLR-ACC-102199,Aisha Eze,Individual,NG,NGN,Tier3_Enhanced,2025-06-27,35.3
FLR-ACC-102200,Daniel Eze,Individual,DE,EUR,Tier1_Basic,2026-02-18,37.5
FLR-ACC-102201,Aisha Adekunle,Individual,FR,EUR,Tier3_Enhanced,2024-07-24,72.56
FLR-ACC-102202,James Yusuf,Individual,NG,NGN,Tier2_Verified,2024-04-03,50.94
FLR-ACC-102203,Daniel Obi,Individual,NG,NGN,Tier1_Basic,2026-04-08,78.18
FLR-ACC-102204,Kemi Okafor,Individual,FR,EUR,Tier2_Verified,2026-02-18,94.53
FLR-ACC-102205,Bluewave Technologies LLC,Business,NG,NGN,Tier3_Enhanced,2025-07-06,142.0
FLR-ACC-102206,Chidi Hassan,Individual,DE,EUR,Tier3_Enhanced,2025-12-13,79.54
FLR-ACC-102207,Mary Yusuf,Individual,GB,GBP,Tier2_Verified,2024-10-01,40.91
FLR-ACC-102208,Grace Adekunle,Individual,FR,EUR,Tier2_Verified,2025-07-08,72.47
FLR-ACC-102209,Kunle Taylor,Individual,NG,NGN,Tier2_Verified,2026-07-01,51.88
FLR-ACC-102210,Blessing Balogun,Individual,US,USD,Tier3_Enhanced,2025-04-01,43.18
FLR-ACC-102211,Urban Builders LLC,Business,NG,NGN,Tier2_Verified,2025-12-16,707.42
FLR-ACC-102212,Greenfield Consulting Inc,Business,GB,GBP,Tier2_Verified,2024-02-01,1116.43
FLR-ACC-102213,Silverline Textiles Co.,Business,NG,NGN,Tier2_Verified,2025-04-25,297.39
FLR-ACC-102214,Olu Eze,Individual,NG,NGN,Tier2_Verified,2025-11-24,73.3
FLR-ACC-102215,North Logistics Co.,Business,GB,GBP,Tier2_Verified,2025-06-04,1234.52
FLR-ACC-102216,Amaka Balogun,Individual,GB,GBP,Tier1_Basic,2025-05-13,37.62
FLR-ACC-102217,Tobi Johnson,Individual,GB,GBP,Tier2_Verified,2025-04-18,95.26
FLR-ACC-102218,Tunde Okafor,Individual,NG,NGN,Tier2_Verified,2025-10-26,87.96
FLR-ACC-102219,Metro Consulting LLC,Business,US,USD,Tier2_Verified,2026-06-02,148.43
FLR-ACC-102220,Urban Media LLC,Business,NG,NGN,Tier2_Verified,2026-02-16,170.27
FLR-ACC-102221,Olu Chukwu,Individual,NG,NGN,Tier3_Enhanced,2023-02-27,36.82
FLR-ACC-102222,Chuka Nwosu,Individual,US,USD,Tier3_Enhanced,2024-07-19,37.03
FLR-ACC-102223,Metro Consulting LLC,Business,US,USD,Tier2_Verified,2026-03-08,1435.53
FLR-ACC-102224,Apex Builders LLC,Business,NG,NGN,Tier3_Enhanced,2025-03-27,177.11
FLR-ACC-102225,Ruth Brown,Individual,NG,NGN,Tier2_Verified,2025-10-19,137.28
FLR-ACC-102226,Chuka Okoro,Individual,DE,EUR,Tier3_Enhanced,2024-11-07,27.71
FLR-ACC-102227,Musa Eze,Individual,NG,NGN,Tier1_Basic,2025-12-02,20.01
FLR-ACC-102228,North Retail Ltd,Business,US,USD,Tier2_Verified,2025-06-25,282.74
FLR-ACC-102229,Ben Okoro,Individual,FR,EUR,Tier2_Verified,2025-07-25,27.94
FLR-ACC-102230,Yetunde Smith,Individual,US,USD,Tier1_Basic,2026-03-14,46.14
FLR-ACC-102231,Chidi Smith,Individual,NG,NGN,Tier3_Enhanced,2026-02-21,63.36
FLR-ACC-102232,Ifeoma Adekunle,Individual,NG,NGN,Tier1_Basic,2026-01-17,22.93
FLR-ACC-102233,Michael Adekunle,Individual,NG,NGN,Tier1_Basic,2026-04-22,40.92
FLR-ACC-102234,Amaka Fashola,Individual,NG,NGN,Tier3_Enhanced,2025-01-22,110.19
FLR-ACC-102235,Greenfield Technologies Co.,Business,NG,NGN,Tier2_Verified,2023-08-02,242.42
FLR-ACC-102236,Ifeoma Obi,Individual,US,USD,Tier2_Verified,2026-01-12,216.12
FLR-ACC-102237,North Builders Ltd,Business,NG,NGN,Tier3_Enhanced,2026-02-08,385.89
FLR-ACC-102238,Sunrise Logistics LLC,Business,US,USD,Tier3_Enhanced,2024-11-09,195.05
FLR-ACC-102239,Yetunde Brown,Individual,NG,NGN,Tier3_Enhanced,2024-07-21,188.68
FLR-ACC-102240,James Taylor,Individual,FR,EUR,Tier1_Basic,2022-01-15,26.65
FLR-ACC-102241,Tobi Nwosu,Individual,NG,NGN,Tier3_Enhanced,2025-11-13,90.07
FLR-ACC-102242,Metro Logistics Inc,Business,US,USD,Tier2_Verified,2025-12-23,1157.46
FLR-ACC-102243,Urban Textiles Inc,Business,NG,NGN,Tier1_Basic,2026-03-22,1307.29
FLR-ACC-102244,Apex Retail Ltd,Business,FR,EUR,Tier1_Basic,2025-02-02,374.81
FLR-ACC-102245,Chioma Bello,Individual,GB,GBP,Tier2_Verified,2024-11-08,19.79
FLR-ACC-102246,Global Logistics Ltd,Business,NG,NGN,Tier3_Enhanced,2026-04-22,905.9
FLR-ACC-102247,Bluewave Technologies LLC,Business,NG,NGN,Tier3_Enhanced,2024-10-30,446.97
FLR-ACC-102248,Ben Nwosu,Individual,NG,NGN,Tier2_Verified,2025-11-17,19.6
FLR-ACC-102249,Sunrise Foods Ltd,Business,NG,NGN,Tier2_Verified,2024-01-02,560.14
FLR-ACC-102250,Chidi Bello,Individual,GB,GBP,Tier2_Verified,2023-07-10,28.76
FLR-ACC-102251,Metro Ventures Inc,Business,NG,NGN,Tier1_Basic,2025-11-27,564.02
FLR-ACC-102252,Ifeoma Obi,Individual,NG,NGN,Tier2_Verified,2025-07-20,46.9
FLR-ACC-102253,Global Foods Ltd,Business,GB,GBP,Tier2_Verified,2025-09-11,899.4
FLR-ACC-102254,Blessing Williams,Individual,NG,NGN,Tier2_Verified,2025-11-30,70.28
FLR-ACC-102255,Apex Builders LLC,Business,US,USD,Tier3_Enhanced,2025-09-28,206.31
FLR-ACC-102256,Emeka Okoro,Individual,GB,GBP,Tier2_Verified,2026-02-21,107.02
FLR-ACC-102257,Peter Yusuf,Individual,NG,NGN,Tier2_Verified,2024-07-19,102.1
FLR-ACC-102258,Chioma Nwosu,Individual,US,USD,Tier1_Basic,2025-07-26,279.97
FLR-ACC-102259,Tunde Brown,Individual,NG,NGN,Tier2_Verified,2024-12-20,83.06
FLR-ACC-102260,North Foods Inc,Business,NG,NGN,Tier2_Verified,2025-05-11,519.38
FLR-ACC-102261,David Brown,Individual,NG,NGN,Tier3_Enhanced,2025-01-10,80.93
FLR-ACC-102262,Kemi Hassan,Individual,NG,NGN,Tier2_Verified,2023-08-23,49.21
FLR-ACC-102263,Chidi Chukwu,Individual,FR,EUR,Tier2_Verified,2024-07-09,87.71
FLR-ACC-102264,Sunrise Builders Inc,Business,NG,NGN,Tier1_Basic,2025-12-22,399.2
FLR-ACC-102265,Daniel Fashola,Individual,US,USD,Tier1_Basic,2023-01-19,141.25
FLR-ACC-102266,Ngozi Chukwu,Individual,US,USD,Tier2_Verified,2026-01-15,48.55
FLR-ACC-102267,Urban Retail Ltd,Business,GB,GBP,Tier2_Verified,2025-12-18,178.68
FLR-ACC-102268,Apex Technologies LLC,Business,DE,EUR,Tier3_Enhanced,2025-07-28,278.29
FLR-ACC-102269,Metro Consulting Co.,Business,NG,NGN,Tier3_Enhanced,2025-06-17,2486.5
FLR-ACC-102270,Urban Trading Co.,Business,NG,NGN,Tier2_Verified,2025-01-26,1245.69
FLR-ACC-102271,Funke Adekunle,Individual,NG,NGN,Tier3_Enhanced,2024-09-17,25.46
FLR-ACC-102272,Urban Retail Ltd,Business,GB,GBP,Tier2_Verified,2025-02-09,457.63
FLR-ACC-102273,Apex Foods Co.,Business,FR,EUR,Tier2_Verified,2025-11-29,403.63
FLR-ACC-102274,Greenfield Ventures Inc,Business,NG,NGN,Tier3_Enhanced,2024-10-10,3277.87
FLR-ACC-102275,Prime Ventures Co.,Business,NG,NGN,Tier2_Verified,2022-12-28,572.03
FLR-ACC-102276,Yetunde Yusuf,Individual,US,USD,Tier2_Verified,2024-04-07,60.56
FLR-ACC-102277,Femi Green,Individual,NG,NGN,Tier3_Enhanced,2024-03-11,71.0
FLR-ACC-102278,Prime Consulting Inc,Business,US,USD,Tier3_Enhanced,2025-12-15,114.04
FLR-ACC-102279,David Ibrahim,Individual,GB,GBP,Tier2_Verified,2025-02-19,50.45
FLR-ACC-102280,Ngozi Okoro,Individual,GB,GBP,Tier1_Basic,2026-07-11,43.49
FLR-ACC-102281,Sarah Adeyemi,Individual,NG,NGN,Tier3_Enhanced,2024-05-10,44.26
FLR-ACC-102282,Daniel Adeyemi,Individual,US,USD,Tier2_Verified,2024-05-26,19.94
FLR-ACC-102283,Ngozi Smith,Individual,NG,NGN,Tier3_Enhanced,2024-06-24,85.17
FLR-ACC-102284,Sunrise Consulting Ltd,Business,US,USD,Tier3_Enhanced,2025-04-04,782.96
FLR-ACC-102285,Aisha Johnson,Individual,NG,NGN,Tier2_Verified,2026-06-26,46.53
FLR-ACC-102286,Apex Technologies Co.,Business,US,USD,Tier3_Enhanced,2024-07-01,728.03
FLR-ACC-102287,Chidi Smith,Individual,NG,NGN,Tier3_Enhanced,2025-01-03,103.1
FLR-ACC-102288,Femi Johnson,Individual,US,USD,Tier2_Verified,2023-03-13,93.75
FLR-ACC-102289,Kunle Okoro,Individual,FR,EUR,Tier2_Verified,2025-11-03,51.48
FLR-ACC-102290,Silverline Consulting LLC,Business,NG,NGN,Tier2_Verified,2025-10-16,84.95
FLR-ACC-102291,Tunde Adekunle,Individual,US,USD,Tier2_Verified,2026-04-09,13.88
FLR-ACC-102292,Laura Balogun,Individual,NG,NGN,Tier2_Verified,2025-08-22,54.15
FLR-ACC-102293,Silverline Ventures LLC,Business,US,USD,Tier3_Enhanced,2022-09-28,194.12
FLR-ACC-102294,Global Builders Co.,Business,GB,GBP,Tier1_Basic,2025-01-30,681.16
FLR-ACC-102295,Michael Fashola,Individual,NG,NGN,Tier3_Enhanced,2025-02-04,23.69
FLR-ACC-102296,Silverline Textiles Ltd,Business,NG,NGN,Tier3_Enhanced,2024-10-23,467.58
FLR-ACC-102297,Ifeoma Adeyemi,Individual,DE,EUR,Tier1_Basic,2025-10-01,124.18
FLR-ACC-102298,Sunrise Technologies Co.,Business,US,USD,Tier1_Basic,2026-08-04,436.83
FLR-ACC-102299,Funke Fashola,Individual,NG,NGN,Tier3_Enhanced,2024-05-25,16.03
FLR-ACC-102300,Sunrise Consulting Inc,Business,US,USD,Tier2_Verified,2024-09-02,207.06
FLR-ACC-102301,Olu Ibrahim,Individual,NG,NGN,Tier2_Verified,2023-10-22,97.5
FLR-ACC-102302,Prime Consulting Ltd,Business,US,USD,Tier3_Enhanced,2025-03-25,398.06
FLR-ACC-102303,Mary Taylor,Individual,NG,NGN,Tier2_Verified,2026-03-06,12.7
FLR-ACC-102304,Blessing Eze,Individual,FR,EUR,Tier2_Verified,2025-10-29,73.52
FLR-ACC-102305,Olu Chukwu,Individual,NG,NGN,Tier3_Enhanced,2025-07-26,28.19
FLR-ACC-102306,Sarah Williams,Individual,NG,NGN,Tier2_Verified,2025-10-23,123.35
FLR-ACC-102307,Michael Obi,Individual,NG,NGN,Tier2_Verified,2024-12-11,96.56
FLR-ACC-102308,Ben Okafor,Individual,US,USD,Tier2_Verified,2023-06-16,134.89
FLR-ACC-102309,Sunrise Trading Co.,Business,NG,NGN,Tier2_Verified,2025-09-03,484.55
FLR-ACC-102310,Chuka Okoro,Individual,NG,NGN,Tier3_Enhanced,2024-08-02,49.37
FLR-ACC-102311,Chuka Chukwu,Individual,GB,GBP,Tier3_Enhanced,2023-12-19,22.82
FLR-ACC-102312,James Bello,Individual,NG,NGN,Tier2_Verified,2025-03-13,23.61
FLR-ACC-102313,Mary Chukwu,Individual,NG,NGN,Tier2_Verified,2024-09-02,74.82
FLR-ACC-102314,Greenfield Textiles LLC,Business,NG,NGN,Tier2_Verified,2025-09-29,345.53
FLR-ACC-102315,Kunle Chukwu,Individual,US,USD,Tier3_Enhanced,2024-01-18,53.92
FLR-ACC-102316,Ifeoma Green,Individual,FR,EUR,Tier3_Enhanced,2024-07-03,74.04
FLR-ACC-102317,Metro Technologies Ltd,Business,US,USD,Tier3_Enhanced,2024-07-16,79.93
FLR-ACC-102318,Sunrise Foods Ltd,Business,FR,EUR,Tier2_Verified,2025-11-14,335.39
FLR-ACC-102319,Peter Hassan,Individual,DE,EUR,Tier3_Enhanced,2024-11-24,106.67
FLR-ACC-102320,Emeka Eze,Individual,DE,EUR,Tier2_Verified,2023-03-19,131.34
FLR-ACC-102321,Emeka Ibrahim,Individual,NG,NGN,Tier2_Verified,2024-02-08,101.41
FLR-ACC-102322,Tobi Bello,Individual,NG,NGN,Tier2_Verified,2025-06-18,358.55
FLR-ACC-102323,Ruth Taylor,Individual,FR,EUR,Tier3_Enhanced,2025-02-13,44.44
FLR-ACC-102324,Global Builders Ltd,Business,NG,NGN,Tier2_Verified,2025-12-23,379.32
FLR-ACC-102325,Tunde Brown,Individual,NG,NGN,Tier2_Verified,2025-01-16,43.18
FLR-ACC-102326,David Taylor,Individual,NG,NGN,Tier3_Enhanced,2025-03-12,49.59
FLR-ACC-102327,Peter Adeyemi,Individual,NG,NGN,Tier3_Enhanced,2024-08-07,43.72
FLR-ACC-102328,Urban Logistics Inc,Business,NG,NGN,Tier2_Verified,2026-02-22,209.53
FLR-ACC-102329,Peter Johnson,Individual,NG,NGN,Tier3_Enhanced,2024-06-20,30.22
FLR-ACC-102330,Michael Yusuf,Individual,NG,NGN,Tier3_Enhanced,2025-12-03,54.33
FLR-ACC-102331,Global Technologies Inc,Business,US,USD,Tier2_Verified,2025-04-10,234.2
FLR-ACC-102332,Global Foods Ltd,Business,NG,NGN,Tier2_Verified,2025-11-13,418.03
FLR-ACC-102333,Silverline Retail LLC,Business,DE,EUR,Tier2_Verified,2024-04-01,563.76
FLR-ACC-102334,North Logistics Co.,Business,NG,NGN,Tier3_Enhanced,2024-12-10,415.42
FLR-ACC-102335,Daniel Ibrahim,Individual,GB,GBP,Tier2_Verified,2025-11-11,55.92
FLR-ACC-102336,Musa Fashola,Individual,NG,NGN,Tier1_Basic,2025-05-15,101.76
FLR-ACC-102337,Aisha Nwosu,Individual,NG,NGN,Tier3_Enhanced,2024-09-21,18.77
FLR-ACC-102338,Aisha Green,Individual,NG,NGN,Tier2_Verified,2025-12-05,43.78
FLR-ACC-102339,Aisha Williams,Individual,US,USD,Tier2_Verified,2023-07-06,38.76
FLR-ACC-102340,Tunde Obi,Individual,NG,NGN,Tier1_Basic,2024-08-27,188.11
FLR-ACC-102341,Chuka Bello,Individual,FR,EUR,Tier3_Enhanced,2023-01-08,83.6
FLR-ACC-102342,Metro Ventures Co.,Business,NG,NGN,Tier1_Basic,2023-10-22,818.49
FLR-ACC-102343,Chioma Bello,Individual,US,USD,Tier3_Enhanced,2024-03-19,61.0
FLR-ACC-102344,Bluewave Consulting Inc,Business,GB,GBP,Tier2_Verified,2025-05-23,365.17
FLR-ACC-102345,Bluewave Ventures LLC,Business,NG,NGN,Tier2_Verified,2025-04-10,654.58
FLR-ACC-102346,Bluewave Logistics Co.,Business,GB,GBP,Tier2_Verified,2026-04-02,91.83
FLR-ACC-102347,Chidi Brown,Individual,FR,EUR,Tier1_Basic,2025-09-02,123.17
FLR-ACC-102348,Global Trading LLC,Business,NG,NGN,Tier2_Verified,2025-11-27,113.13
FLR-ACC-102349,John Eze,Individual,NG,NGN,Tier1_Basic,2023-08-10,34.73
FLR-ACC-102350,Greenfield Textiles Co.,Business,US,USD,Tier3_Enhanced,2025-11-08,1041.9
FLR-ACC-102351,Greenfield Media Inc,Business,NG,NGN,Tier1_Basic,2024-03-29,199.48
FLR-ACC-102352,Chuka Yusuf,Individual,GB,GBP,Tier3_Enhanced,2024-02-11,74.3
FLR-ACC-102353,Mary Okoro,Individual,US,USD,Tier3_Enhanced,2026-02-23,74.46
FLR-ACC-102354,Ngozi Ibrahim,Individual,US,USD,Tier2_Verified,2025-07-08,26.19
FLR-ACC-102355,Ruth Obi,Individual,NG,NGN,Tier3_Enhanced,2024-05-02,113.53
FLR-ACC-102356,Peter Eze,Individual,GB,GBP,Tier1_Basic,2024-11-25,15.04
FLR-ACC-102357,Global Retail Co.,Business,NG,NGN,Tier2_Verified,2024-08-18,480.84
FLR-ACC-102358,Ifeoma Nwosu,Individual,NG,NGN,Tier2_Verified,2025-10-04,31.19
FLR-ACC-102359,Chidi Bello,Individual,NG,NGN,Tier3_Enhanced,2025-02-05,45.03
FLR-ACC-102360,Apex Textiles Inc,Business,NG,NGN,Tier2_Verified,2025-06-24,551.99
FLR-ACC-102361,Ben Williams,Individual,GB,GBP,Tier3_Enhanced,2022-12-14,39.47
FLR-ACC-102362,Amaka Chukwu,Individual,GB,GBP,Tier1_Basic,2025-09-30,273.92
FLR-ACC-102363,Urban Builders Ltd,Business,NG,NGN,Tier2_Verified,2024-11-14,1316.05
FLR-ACC-102364,Global Foods Co.,Business,NG,NGN,Tier2_Verified,2024-11-13,2305.91
FLR-ACC-102365,Ruth Adekunle,Individual,FR,EUR,Tier3_Enhanced,2024-11-08,107.23
FLR-ACC-102366,Yetunde Williams,Individual,GB,GBP,Tier2_Verified,2023-06-29,54.81
FLR-ACC-102367,Funke Smith,Individual,US,USD,Tier2_Verified,2024-07-23,48.57
FLR-ACC-102368,Greenfield Ventures Inc,Business,GB,GBP,Tier2_Verified,2025-11-29,940.39
FLR-ACC-102369,Silverline Textiles Ltd,Business,NG,NGN,Tier2_Verified,2023-08-11,131.36
FLR-ACC-102370,Ifeoma Smith,Individual,NG,NGN,Tier2_Verified,2025-06-23,26.13
FLR-ACC-102371,Sunrise Textiles Ltd,Business,US,USD,Tier2_Verified,2025-05-04,143.59
FLR-ACC-102372,Musa Obi,Individual,NG,NGN,Tier2_Verified,2024-05-15,92.41
FLR-ACC-102373,North Foods Ltd,Business,FR,EUR,Tier1_Basic,2026-02-23,206.7
FLR-ACC-102374,Ben Green,Individual,NG,NGN,Tier2_Verified,2024-05-25,70.67
FLR-ACC-102375,Michael Ibrahim,Individual,NG,NGN,Tier3_Enhanced,2025-04-02,52.78
FLR-ACC-102376,Blessing Obi,Individual,US,USD,Tier3_Enhanced,2025-05-03,36.34
FLR-ACC-102377,Amaka Eze,Individual,NG,NGN,Tier2_Verified,2025-07-08,48.63
FLR-ACC-102378,Apex Consulting LLC,Business,NG,NGN,Tier1_Basic,2026-06-20,571.31
FLR-ACC-102379,Silverline Textiles LLC,Business,US,USD,Tier2_Verified,2025-12-05,858.44
FLR-ACC-102380,Silverline Logistics Inc,Business,US,USD,Tier1_Basic,2023-10-29,768.23
FLR-ACC-102381,Urban Ventures Co.,Business,FR,EUR,Tier2_Verified,2025-06-04,106.63
FLR-ACC-102382,Ruth Okafor,Individual,NG,NGN,Tier3_Enhanced,2024-01-02,45.78
FLR-ACC-102383,Ifeoma Hassan,Individual,NG,NGN,Tier3_Enhanced,2023-08-25,158.3
FLR-ACC-102384,Urban Retail Co.,Business,NG,NGN,Tier3_Enhanced,2024-05-14,2560.68
FLR-ACC-102385,Silverline Trading Co.,Business,US,USD,Tier3_Enhanced,2023-04-09,808.98
FLR-ACC-102386,Tunde Adeyemi,Individual,NG,NGN,Tier2_Verified,2026-07-03,121.56
FLR-ACC-102387,Prime Technologies LLC,Business,NG,NGN,Tier1_Basic,2025-08-13,968.11
FLR-ACC-102388,Urban Ventures Ltd,Business,GB,GBP,Tier2_Verified,2025-06-20,154.68
FLR-ACC-102389,North Foods Ltd,Business,GB,GBP,Tier3_Enhanced,2024-09-19,198.33
FLR-ACC-102390,Tobi Nwosu,Individual,NG,NGN,Tier3_Enhanced,2025-06-23,50.45
FLR-ACC-102391,Femi Bello,Individual,NG,NGN,Tier1_Basic,2026-03-15,39.6
FLR-ACC-102392,Tobi Hassan,Individual,NG,NGN,Tier3_Enhanced,2025-04-07,71.37
FLR-ACC-102393,Aisha Green,Individual,DE,EUR,Tier3_Enhanced,2025-06-16,37.93
FLR-ACC-102394,Chioma Taylor,Individual,US,USD,Tier3_Enhanced,2024-01-20,14.11
FLR-ACC-102395,Kunle Green,Individual,NG,NGN,Tier1_Basic,2026-04-07,26.66
FLR-ACC-102396,David Adeyemi,Individual,DE,EUR,Tier2_Verified,2025-01-21,22.67
FLR-ACC-102397,Bluewave Retail LLC,Business,US,USD,Tier2_Verified,2023-08-19,3741.16
FLR-ACC-102398,Silverline Trading Co.,Business,FR,EUR,Tier2_Verified,2024-07-16,1071.49
FLR-ACC-102399,Apex Retail Co.,Business,NG,NGN,Tier2_Verified,2023-10-21,400.54
FLR-ACC-102400,Aisha Okafor,Individual,GB,GBP,Tier1_Basic,2025-07-19,34.29
FLR-ACC-102401,Ifeoma Bello,Individual,US,USD,Tier3_Enhanced,2025-06-01,116.12
FLR-ACC-102402,Amaka Yusuf,Individual,US,USD,Tier2_Verified,2025-04-15,43.32
FLR-ACC-102403,Greenfield Builders LLC,Business,NG,NGN,Tier3_Enhanced,2025-03-20,78.04
FLR-ACC-102404,Femi Bello,Individual,NG,NGN,Tier3_Enhanced,2024-09-10,23.97
FLR-ACC-102405,Tunde Eze,Individual,NG,NGN,Tier3_Enhanced,2024-02-11,48.3
FLR-ACC-102406,Funke Brown,Individual,US,USD,Tier1_Basic,2024-02-23,42.0
FLR-ACC-102407,Greenfield Builders Co.,Business,NG,NGN,Tier2_Verified,2022-09-22,275.72
FLR-ACC-102408,Silverline Textiles Inc,Business,NG,NGN,Tier2_Verified,2026-02-04,135.03
FLR-ACC-102409,Silverline Builders Inc,Business,DE,EUR,Tier3_Enhanced,2024-08-20,280.79
FLR-ACC-102410,Femi Bello,Individual,NG,NGN,Tier2_Verified,2026-07-22,89.36
FLR-ACC-102411,Amaka Smith,Individual,GB,GBP,Tier2_Verified,2025-07-09,61.6
FLR-ACC-102412,Prime Textiles Co.,Business,NG,NGN,Tier2_Verified,2024-04-22,893.37
FLR-ACC-102413,Greenfield Technologies Ltd,Business,FR,EUR,Tier2_Verified,2026-03-08,174.57
FLR-ACC-102414,Global Logistics Inc,Business,NG,NGN,Tier1_Basic,2022-06-27,350.1
FLR-ACC-102415,Mary Nwosu,Individual,NG,NGN,Tier2_Verified,2024-09-30,36.13
FLR-ACC-102416,Musa Okafor,Individual,NG,NGN,Tier2_Verified,2023-09-17,63.49
FLR-ACC-102417,Kemi Fashola,Individual,FR,EUR,Tier2_Verified,2024-04-06,130.44
FLR-ACC-102418,Apex Foods Ltd,Business,NG,NGN,Tier2_Verified,2024-10-10,288.98
FLR-ACC-102419,Urban Technologies Ltd,Business,NG,NGN,Tier2_Verified,2026-02-06,468.75
FLR-ACC-102420,Tobi Adeyemi,Individual,NG,NGN,Tier2_Verified,2024-02-01,17.14
FLR-ACC-102421,North Builders LLC,Business,GB,GBP,Tier2_Verified,2025-12-23,695.27
FLR-ACC-102422,Femi Smith,Individual,US,USD,Tier1_Basic,2025-09-26,51.28
FLR-ACC-102423,Grace Adekunle,Individual,NG,NGN,Tier3_Enhanced,2023-07-25,76.62
FLR-ACC-102424,Mary Chukwu,Individual,US,USD,Tier3_Enhanced,2023-12-09,62.93
FLR-ACC-102425,Aisha Okafor,Individual,GB,GBP,Tier3_Enhanced,2024-01-04,94.38
FLR-ACC-102426,Sarah Adekunle,Individual,US,USD,Tier1_Basic,2026-01-26,83.98
FLR-ACC-102427,Laura Smith,Individual,NG,NGN,Tier3_Enhanced,2022-11-05,24.98
FLR-ACC-102428,Chuka Obi,Individual,FR,EUR,Tier3_Enhanced,2023-05-28,57.29
FLR-ACC-102429,Olu Obi,Individual,NG,NGN,Tier1_Basic,2025-07-11,65.82
FLR-ACC-102430,Ruth Taylor,Individual,NG,NGN,Tier2_Verified,2022-12-03,129.02
FLR-ACC-102431,Urban Foods Ltd,Business,GB,GBP,Tier3_Enhanced,2024-12-12,184.65
FLR-ACC-102432,Amaka Fashola,Individual,NG,NGN,Tier3_Enhanced,2024-08-14,55.76
FLR-ACC-102433,Chidi Hassan,Individual,US,USD,Tier3_Enhanced,2025-02-16,60.29
FLR-ACC-102434,Ifeoma Adeyemi,Individual,NG,NGN,Tier3_Enhanced,2024-11-24,47.92
FLR-ACC-102435,Funke Obi,Individual,NG,NGN,Tier3_Enhanced,2025-06-25,27.82
FLR-ACC-102436,Yetunde Eze,Individual,US,USD,Tier3_Enhanced,2024-11-17,23.91
FLR-ACC-102437,Amaka Adekunle,Individual,NG,NGN,Tier3_Enhanced,2024-07-19,107.96
FLR-ACC-102438,Ngozi Balogun,Individual,NG,NGN,Tier2_Verified,2025-07-11,39.43
FLR-ACC-102439,Urban Retail LLC,Business,FR,EUR,Tier1_Basic,2025-07-13,150.49
FLR-ACC-102440,Metro Textiles LLC,Business,US,USD,Tier1_Basic,2025-08-23,281.37
FLR-ACC-102441,Mary Chukwu,Individual,US,USD,Tier3_Enhanced,2024-02-06,17.64
FLR-ACC-102442,Bluewave Technologies LLC,Business,US,USD,Tier3_Enhanced,2023-12-19,237.17
FLR-ACC-102443,Kunle Williams,Individual,US,USD,Tier2_Verified,2024-05-17,39.27
FLR-ACC-102444,Bluewave Logistics Co.,Business,US,USD,Tier1_Basic,2025-06-03,291.22
FLR-ACC-102445,James Fashola,Individual,NG,NGN,Tier1_Basic,2023-04-21,26.1
FLR-ACC-102446,Femi Brown,Individual,DE,EUR,Tier2_Verified,2025-12-21,53.1
FLR-ACC-102447,Prime Trading Co.,Business,NG,NGN,Tier3_Enhanced,2025-06-16,273.83
FLR-ACC-102448,Bluewave Trading Ltd,Business,US,USD,Tier1_Basic,2026-05-31,349.32
FLR-ACC-102449,Silverline Textiles Ltd,Business,NG,NGN,Tier1_Basic,2025-07-31,295.15
FLR-ACC-102450,Chuka Okoro,Individual,NG,NGN,Tier2_Verified,2024-12-16,34.73
FLR-ACC-102451,Urban Ventures Co.,Business,NG,NGN,Tier3_Enhanced,2024-05-26,580.76
FLR-ACC-102452,Chuka Adekunle,Individual,NG,NGN,Tier3_Enhanced,2023-06-23,71.71
FLR-ACC-102453,North Consulting LLC,Business,NG,NGN,Tier2_Verified,2024-09-26,440.6
FLR-ACC-102454,Urban Logistics Co.,Business,NG,NGN,Tier1_Basic,2025-09-12,160.58
FLR-ACC-102455,James Fashola,Individual,GB,GBP,Tier3_Enhanced,2024-05-06,88.6
FLR-ACC-102456,Global Trading Inc,Business,US,USD,Tier2_Verified,2025-08-24,87.51
FLR-ACC-102457,Apex Consulting Co.,Business,US,USD,Tier3_Enhanced,2025-08-07,1428.81
FLR-ACC-102458,Greenfield Foods Co.,Business,NG,NGN,Tier2_Verified,2024-11-16,589.84
FLR-ACC-102459,Peter Adekunle,Individual,NG,NGN,Tier3_Enhanced,2025-11-26,121.52
FLR-ACC-102460,John Okafor,Individual,NG,NGN,Tier3_Enhanced,2025-01-21,135.7
FLR-ACC-102461,Amaka Eze,Individual,NG,NGN,Tier2_Verified,2026-04-16,9.58
FLR-ACC-102462,Metro Ventures LLC,Business,GB,GBP,Tier2_Verified,2024-07-23,248.21
FLR-ACC-102463,Global Trading Co.,Business,NG,NGN,Tier2_Verified,2025-11-02,916.24
FLR-ACC-102464,Funke Obi,Individual,US,USD,Tier3_Enhanced,2026-03-31,124.76
FLR-ACC-102465,Sunrise Technologies Ltd,Business,NG,NGN,Tier2_Verified,2026-05-12,119.83
FLR-ACC-102466,Sunrise Logistics LLC,Business,US,USD,Tier3_Enhanced,2024-09-23,237.55
FLR-ACC-102467,Daniel Nwosu,Individual,DE,EUR,Tier1_Basic,2026-07-20,108.62
FLR-ACC-102468,Greenfield Technologies Ltd,Business,NG,NGN,Tier3_Enhanced,2024-04-17,291.09
FLR-ACC-102469,Chuka Bello,Individual,NG,NGN,Tier2_Verified,2025-01-23,59.35
FLR-ACC-102470,Ruth Adeyemi,Individual,NG,NGN,Tier2_Verified,2024-11-16,53.8
FLR-ACC-102471,Sarah Okoro,Individual,NG,NGN,Tier1_Basic,2023-06-19,103.54
FLR-ACC-102472,Sunrise Technologies Inc,Business,GB,GBP,Tier2_Verified,2024-07-09,751.23
FLR-ACC-102473,Aisha Okafor,Individual,NG,NGN,Tier2_Verified,2026-05-10,84.16
FLR-ACC-102474,Chidi Ibrahim,Individual,NG,NGN,Tier1_Basic,2025-03-30,67.13
FLR-ACC-102475,Musa Adekunle,Individual,NG,NGN,Tier2_Verified,2025-01-05,46.92
FLR-ACC-102476,Peter Taylor,Individual,GB,GBP,Tier3_Enhanced,2024-10-04,167.76
FLR-ACC-102477,Ruth Taylor,Individual,NG,NGN,Tier2_Verified,2026-01-17,33.84
FLR-ACC-102478,Bluewave Consulting LLC,Business,GB,GBP,Tier2_Verified,2026-05-09,121.14
FLR-ACC-102479,Metro Technologies Ltd,Business,DE,EUR,Tier1_Basic,2024-12-28,141.47
FLR-ACC-102480,Greenfield Media Co.,Business,NG,NGN,Tier3_Enhanced,2022-12-24,1290.39
FLR-ACC-102481,Grace Fashola,Individual,FR,EUR,Tier2_Verified,2024-02-02,21.33
FLR-ACC-102482,Blessing Okafor,Individual,NG,NGN,Tier3_Enhanced,2026-02-25,96.84
FLR-ACC-102483,Prime Foods LLC,Business,US,USD,Tier3_Enhanced,2025-04-07,120.19
FLR-ACC-102484,North Media Ltd,Business,NG,NGN,Tier2_Verified,2023-06-29,528.51
FLR-ACC-102485,Tobi Brown,Individual,NG,NGN,Tier1_Basic,2025-12-02,56.22
FLR-ACC-102486,Global Consulting Co.,Business,US,USD,Tier3_Enhanced,2024-07-22,257.18
FLR-ACC-102487,Apex Consulting Ltd,Business,US,USD,Tier1_Basic,2024-11-16,460.95
FLR-ACC-102488,Emeka Balogun,Individual,GB,GBP,Tier1_Basic,2022-10-31,195.83
FLR-ACC-102489,Funke Fashola,Individual,DE,EUR,Tier1_Basic,2026-01-09,104.68
FLR-ACC-102490,Amaka Yusuf,Individual,NG,NGN,Tier3_Enhanced,2026-05-08,181.34
FLR-ACC-102491,Sarah Chukwu,Individual,NG,NGN,Tier3_Enhanced,2025-10-29,104.24
FLR-ACC-102492,Musa Bello,Individual,NG,NGN,Tier2_Verified,2024-12-26,131.13
FLR-ACC-102493,David Green,Individual,NG,NGN,Tier3_Enhanced,2025-01-10,105.51
FLR-ACC-102494,Grace Bello,Individual,NG,NGN,Tier2_Verified,2025-08-02,41.09
FLR-ACC-102495,Funke Obi,Individual,US,USD,Tier3_Enhanced,2024-01-28,80.89
FLR-ACC-102496,Amaka Johnson,Individual,NG,NGN,Tier3_Enhanced,2025-04-15,157.87
FLR-ACC-102497,Daniel Williams,Individual,US,USD,Tier2_Verified,2025-08-30,61.96
FLR-ACC-102498,Blessing Nwosu,Individual,US,USD,Tier2_Verified,2025-12-23,68.19
FLR-ACC-102499,Bluewave Trading LLC,Business,NG,NGN,Tier1_Basic,2025-03-30,670.21
FLR-ACC-102500,Olu Adekunle,Individual,US,USD,Tier2_Verified,2025-05-15,152.37
FLR-ACC-102501,Urban Logistics Inc,Business,US,USD,Tier3_Enhanced,2025-04-01,163.12
FLR-ACC-102502,Olu Yusuf,Individual,GB,GBP,Tier2_Verified,2025-05-09,178.33
FLR-ACC-102503,Sarah Yusuf,Individual,NG,NGN,Tier3_Enhanced,2024-06-07,31.96
FLR-ACC-102504,David Eze,Individual,NG,NGN,Tier3_Enhanced,2023-07-13,46.63
FLR-ACC-102505,Sunrise Logistics Inc,Business,DE,EUR,Tier2_Verified,2026-01-25,871.87
FLR-ACC-102506,Apex Consulting Co.,Business,NG,NGN,Tier3_Enhanced,2023-03-08,229.13
FLR-ACC-102507,Musa Okoro,Individual,NG,NGN,Tier1_Basic,2024-06-10,115.46
FLR-ACC-102508,Chidi Obi,Individual,US,USD,Tier3_Enhanced,2024-06-10,70.22
FLR-ACC-102509,Greenfield Logistics LLC,Business,NG,NGN,Tier3_Enhanced,2025-10-01,852.45
FLR-ACC-102510,Global Textiles Co.,Business,NG,NGN,Tier3_Enhanced,2024-12-08,291.39
FLR-ACC-102511,Kemi Johnson,Individual,NG,NGN,Tier3_Enhanced,2024-11-09,30.65
FLR-ACC-102512,Apex Foods Ltd,Business,GB,GBP,Tier3_Enhanced,2025-11-11,505.65
FLR-ACC-102513,Chioma Adekunle,Individual,GB,GBP,Tier2_Verified,2025-08-10,33.62
FLR-ACC-102514,Apex Trading Inc,Business,GB,GBP,Tier2_Verified,2025-04-23,500.01
FLR-ACC-102515,Kemi Fashola,Individual,NG,NGN,Tier3_Enhanced,2025-02-17,272.06
FLR-ACC-102516,Ngozi Johnson,Individual,US,USD,Tier3_Enhanced,2026-03-22,93.49
FLR-ACC-102517,Urban Builders Co.,Business,NG,NGN,Tier2_Verified,2025-12-27,449.79
FLR-ACC-102518,Tunde Eze,Individual,NG,NGN,Tier2_Verified,2024-06-23,63.28
FLR-ACC-102519,Urban Logistics Ltd,Business,NG,NGN,Tier3_Enhanced,2024-01-11,1262.75
FLR-ACC-102520,Kemi Bello,Individual,NG,NGN,Tier1_Basic,2024-05-04,26.16
FLR-ACC-102521,Urban Trading Inc,Business,GB,GBP,Tier2_Verified,2024-05-07,51.37
FLR-ACC-102522,Bluewave Builders Ltd,Business,NG,NGN,Tier3_Enhanced,2024-05-16,310.26
FLR-ACC-102523,Chioma Okafor,Individual,NG,NGN,Tier2_Verified,2024-02-03,57.72
FLR-ACC-102524,Bluewave Consulting Co.,Business,NG,NGN,Tier2_Verified,2024-12-31,538.56
FLR-ACC-102525,Michael Adekunle,Individual,NG,NGN,Tier2_Verified,2025-05-19,50.79
FLR-ACC-102526,Bluewave Foods Ltd,Business,DE,EUR,Tier2_Verified,2025-07-14,160.11
FLR-ACC-102527,Chioma Taylor,Individual,NG,NGN,Tier2_Verified,2024-06-21,55.79
FLR-ACC-102528,Blessing Ibrahim,Individual,NG,NGN,Tier2_Verified,2024-12-14,243.31
FLR-ACC-102529,Apex Ventures Co.,Business,GB,GBP,Tier3_Enhanced,2026-01-08,341.2
FLR-ACC-102530,North Media Co.,Business,NG,NGN,Tier1_Basic,2023-09-09,719.18
FLR-ACC-102531,Chuka Ibrahim,Individual,US,USD,Tier3_Enhanced,2025-10-28,25.32
FLR-ACC-102532,Global Textiles Inc,Business,US,USD,Tier2_Verified,2025-08-03,306.3
FLR-ACC-102533,Ben Balogun,Individual,NG,NGN,Tier2_Verified,2026-01-08,48.52
FLR-ACC-102534,Prime Logistics LLC,Business,US,USD,Tier2_Verified,2025-09-30,848.39
FLR-ACC-102535,Greenfield Media Co.,Business,NG,NGN,Tier3_Enhanced,2026-02-09,529.64
FLR-ACC-102536,Ngozi Fashola,Individual,NG,NGN,Tier3_Enhanced,2024-05-16,47.43
FLR-ACC-102537,Ben Taylor,Individual,NG,NGN,Tier2_Verified,2026-01-28,72.22
FLR-ACC-102538,Sunrise Consulting LLC,Business,DE,EUR,Tier2_Verified,2026-01-03,267.07
FLR-ACC-102539,Ruth Johnson,Individual,GB,GBP,Tier1_Basic,2026-05-12,182.84
FLR-ACC-102540,Urban Retail LLC,Business,US,USD,Tier3_Enhanced,2024-10-09,521.29
FLR-ACC-102541,Metro Media Co.,Business,FR,EUR,Tier3_Enhanced,2025-01-10,468.15
FLR-ACC-102542,Tobi Ibrahim,Individual,FR,EUR,Tier2_Verified,2026-04-26,36.32
FLR-ACC-102543,Ben Johnson,Individual,US,USD,Tier1_Basic,2024-07-28,78.44
FLR-ACC-102544,Daniel Okafor,Individual,FR,EUR,Tier2_Verified,2026-02-02,62.94
FLR-ACC-102545,Kunle Eze,Individual,DE,EUR,Tier3_Enhanced,2024-02-01,33.58
FLR-ACC-102546,Silverline Textiles LLC,Business,US,USD,Tier3_Enhanced,2024-06-17,335.59
FLR-ACC-102547,Chidi Brown,Individual,NG,NGN,Tier2_Verified,2024-05-23,6.76
FLR-ACC-102548,Chuka Williams,Individual,NG,NGN,Tier2_Verified,2025-06-05,46.93
FLR-ACC-102549,Laura Nwosu,Individual,GB,GBP,Tier2_Verified,2023-11-10,49.93
FLR-ACC-102550,Daniel Eze,Individual,GB,GBP,Tier2_Verified,2026-04-23,15.51
FLR-ACC-102551,Mary Adeyemi,Individual,US,USD,Tier2_Verified,2025-04-05,34.62
FLR-ACC-102552,Prime Retail LLC,Business,FR,EUR,Tier2_Verified,2023-12-05,1320.82
FLR-ACC-102553,Silverline Logistics Co.,Business,NG,NGN,Tier2_Verified,2024-07-05,261.01
FLR-ACC-102554,Apex Consulting LLC,Business,GB,GBP,Tier3_Enhanced,2024-03-31,1276.27
FLR-ACC-102555,Silverline Ventures LLC,Business,US,USD,Tier1_Basic,2023-03-09,88.05
FLR-ACC-102556,Ben Yusuf,Individual,US,USD,Tier2_Verified,2025-08-15,65.26
FLR-ACC-102557,Daniel Adekunle,Individual,GB,GBP,Tier1_Basic,2024-01-30,27.37
FLR-ACC-102558,Greenfield Builders LLC,Business,NG,NGN,Tier2_Verified,2025-08-25,178.81
FLR-ACC-102559,Aisha Nwosu,Individual,FR,EUR,Tier3_Enhanced,2025-09-03,72.54
FLR-ACC-102560,Tunde Nwosu,Individual,DE,EUR,Tier2_Verified,2025-02-22,78.21
FLR-ACC-102561,John Green,Individual,NG,NGN,Tier2_Verified,2025-09-05,16.31
FLR-ACC-102562,Silverline Ventures Ltd,Business,GB,GBP,Tier3_Enhanced,2025-09-10,121.98
FLR-ACC-102563,Chioma Adeyemi,Individual,NG,NGN,Tier2_Verified,2026-02-17,81.88
FLR-ACC-102564,Blessing Hassan,Individual,GB,GBP,Tier2_Verified,2024-03-19,40.56
FLR-ACC-102565,Chioma Balogun,Individual,NG,NGN,Tier3_Enhanced,2025-02-07,98.79
FLR-ACC-102566,Global Logistics Co.,Business,US,USD,Tier2_Verified,2023-08-31,516.92
FLR-ACC-102567,Chioma Fashola,Individual,NG,NGN,Tier3_Enhanced,2023-02-07,124.52
FLR-ACC-102568,Emeka Balogun,Individual,GB,GBP,Tier1_Basic,2022-12-28,119.86
FLR-ACC-102569,Musa Balogun,Individual,NG,NGN,Tier1_Basic,2026-06-08,26.18
FLR-ACC-102570,Femi Chukwu,Individual,FR,EUR,Tier3_Enhanced,2024-03-15,86.9
FLR-ACC-102571,Urban Retail Ltd,Business,US,USD,Tier3_Enhanced,2025-04-03,481.81
FLR-ACC-102572,Prime Technologies Ltd,Business,NG,NGN,Tier3_Enhanced,2025-01-01,476.6
FLR-ACC-102573,Global Logistics Ltd,Business,GB,GBP,Tier3_Enhanced,2024-04-23,634.57
FLR-ACC-102574,Greenfield Textiles LLC,Business,NG,NGN,Tier3_Enhanced,2022-08-28,776.82
FLR-ACC-102575,Olu Adeyemi,Individual,NG,NGN,Tier2_Verified,2024-09-22,10.51
FLR-ACC-102576,Ifeoma Fashola,Individual,NG,NGN,Tier2_Verified,2026-02-23,75.11
FLR-ACC-102577,Mary Fashola,Individual,NG,NGN,Tier1_Basic,2024-06-28,42.49
FLR-ACC-102578,Femi Adekunle,Individual,GB,GBP,Tier1_Basic,2023-04-11,125.76
FLR-ACC-102579,Tobi Nwosu,Individual,US,USD,Tier3_Enhanced,2024-07-24,222.85
FLR-ACC-102580,David Johnson,Individual,NG,NGN,Tier2_Verified,2026-01-15,53.49
FLR-ACC-102581,Peter Okafor,Individual,GB,GBP,Tier1_Basic,2024-06-12,48.2
FLR-ACC-102582,North Textiles Co.,Business,DE,EUR,Tier3_Enhanced,2024-07-18,611.35
FLR-ACC-102583,Urban Retail Ltd,Business,NG,NGN,Tier1_Basic,2025-11-11,279.09
FLR-ACC-102584,David Okoro,Individual,GB,GBP,Tier3_Enhanced,2024-11-18,130.86
FLR-ACC-102585,Sunrise Textiles LLC,Business,US,USD,Tier2_Verified,2024-10-06,741.83
FLR-ACC-102586,Sunrise Retail Co.,Business,NG,NGN,Tier2_Verified,2026-03-27,367.14
FLR-ACC-102587,Urban Logistics Co.,Business,DE,EUR,Tier1_Basic,2025-12-04,161.03
FLR-ACC-102588,Kunle Brown,Individual,FR,EUR,Tier3_Enhanced,2024-08-06,121.56
FLR-ACC-102589,Apex Media LLC,Business,US,USD,Tier2_Verified,2025-06-27,589.95
FLR-ACC-102590,Ngozi Ibrahim,Individual,NG,NGN,Tier2_Verified,2024-11-19,132.72
FLR-ACC-102591,John Chukwu,Individual,NG,NGN,Tier3_Enhanced,2025-07-07,15.76
FLR-ACC-102592,Emeka Adekunle,Individual,US,USD,Tier3_Enhanced,2025-01-08,90.08
FLR-ACC-102593,David Chukwu,Individual,DE,EUR,Tier2_Verified,2025-07-29,46.06
FLR-ACC-102594,James Okoro,Individual,NG,NGN,Tier1_Basic,2026-06-13,37.82
FLR-ACC-102595,Sarah Fashola,Individual,NG,NGN,Tier1_Basic,2025-06-23,76.65
FLR-ACC-102596,Emeka Balogun,Individual,NG,NGN,Tier2_Verified,2022-04-13,182.28
FLR-ACC-102597,Chioma Green,Individual,DE,EUR,Tier2_Verified,2025-04-29,41.5
FLR-ACC-102598,Laura Green,Individual,NG,NGN,Tier3_Enhanced,2022-12-11,52.32
FLR-ACC-102599,Amaka Green,Individual,NG,NGN,Tier3_Enhanced,2025-01-16,21.67
FLR-ACC-102600,Bluewave Consulting Ltd,Business,US,USD,Tier3_Enhanced,2025-02-03,600.55
FLR-ACC-102601,Mary Eze,Individual,NG,NGN,Tier2_Verified,2023-01-25,32.17
FLR-ACC-102602,Chuka Yusuf,Individual,NG,NGN,Tier1_Basic,2022-09-04,66.75
FLR-ACC-102603,Global Technologies Co.,Business,NG,NGN,Tier2_Verified,2024-07-14,1029.32
FLR-ACC-102604,Femi Johnson,Individual,NG,NGN,Tier3_Enhanced,2025-04-13,95.13
FLR-ACC-102605,North Foods LLC,Business,NG,NGN,Tier3_Enhanced,2023-01-20,833.46
FLR-ACC-102606,Apex Technologies Inc,Business,US,USD,Tier3_Enhanced,2022-10-09,3866.32
FLR-ACC-102607,Bluewave Trading Ltd,Business,GB,GBP,Tier3_Enhanced,2023-09-19,267.39
FLR-ACC-102608,Aisha Taylor,Individual,NG,NGN,Tier2_Verified,2026-02-11,27.93
FLR-ACC-102609,Tunde Balogun,Individual,NG,NGN,Tier2_Verified,2026-01-07,103.14
FLR-ACC-102610,Greenfield Media Co.,Business,NG,NGN,Tier3_Enhanced,2023-05-08,522.4
FLR-ACC-102611,James Balogun,Individual,US,USD,Tier3_Enhanced,2023-11-18,18.92
FLR-ACC-102612,Silverline Builders Co.,Business,GB,GBP,Tier2_Verified,2022-02-09,751.09
FLR-ACC-102613,Peter Brown,Individual,GB,GBP,Tier1_Basic,2024-08-05,205.94
FLR-ACC-102614,Tobi Smith,Individual,US,USD,Tier2_Verified,2025-01-12,17.59
FLR-ACC-102615,Global Consulting Inc,Business,NG,NGN,Tier2_Verified,2026-03-15,526.43
FLR-ACC-102616,Grace Smith,Individual,NG,NGN,Tier1_Basic,2024-10-30,27.03
FLR-ACC-102617,Funke Yusuf,Individual,NG,NGN,Tier3_Enhanced,2024-07-08,143.17
FLR-ACC-102618,North Trading Co.,Business,NG,NGN,Tier2_Verified,2025-06-04,936.96
FLR-ACC-102619,Olu Johnson,Individual,NG,NGN,Tier2_Verified,2024-09-29,67.25
FLR-ACC-102620,Silverline Logistics LLC,Business,GB,GBP,Tier2_Verified,2024-06-14,1022.28
FLR-ACC-102621,Peter Smith,Individual,US,USD,Tier2_Verified,2024-07-07,26.65
FLR-ACC-102622,Femi Yusuf,Individual,GB,GBP,Tier3_Enhanced,2023-07-16,62.35
FLR-ACC-102623,Ruth Williams,Individual,NG,NGN,Tier3_Enhanced,2025-05-28,40.99
FLR-ACC-102624,Ben Green,Individual,DE,EUR,Tier2_Verified,2024-04-03,24.35
FLR-ACC-102625,Olu Williams,Individual,NG,NGN,Tier3_Enhanced,2024-09-11,197.55
FLR-ACC-102626,Sunrise Trading Co.,Business,US,USD,Tier2_Verified,2022-10-30,267.22
FLR-ACC-102627,Kemi Fashola,Individual,FR,EUR,Tier2_Verified,2022-05-30,36.08
FLR-ACC-102628,Mary Eze,Individual,NG,NGN,Tier2_Verified,2024-11-26,30.95
FLR-ACC-102629,James Smith,Individual,NG,NGN,Tier2_Verified,2026-01-19,89.52
FLR-ACC-102630,Musa Williams,Individual,NG,NGN,Tier3_Enhanced,2024-02-10,39.66
FLR-ACC-102631,Apex Logistics Ltd,Business,DE,EUR,Tier2_Verified,2022-12-02,767.04
FLR-ACC-102632,Musa Hassan,Individual,US,USD,Tier2_Verified,2025-07-05,47.24
FLR-ACC-102633,Chidi Williams,Individual,DE,EUR,Tier1_Basic,2026-04-06,31.05
FLR-ACC-102634,Laura Adeyemi,Individual,NG,NGN,Tier2_Verified,2025-09-20,20.42
FLR-ACC-102635,Emeka Brown,Individual,US,USD,Tier1_Basic,2026-05-24,22.43
FLR-ACC-102636,Kemi Bello,Individual,US,USD,Tier2_Verified,2025-05-09,7.13
FLR-ACC-102637,North Retail LLC,Business,DE,EUR,Tier2_Verified,2025-03-24,246.44
FLR-ACC-102638,Femi Williams,Individual,GB,GBP,Tier3_Enhanced,2026-02-06,83.37
FLR-ACC-102639,Metro Trading Inc,Business,GB,GBP,Tier2_Verified,2026-01-20,832.32
FLR-ACC-102640,Chuka Obi,Individual,NG,NGN,Tier3_Enhanced,2023-11-04,102.59
FLR-ACC-102641,Mary Nwosu,Individual,GB,GBP,Tier3_Enhanced,2025-06-29,28.34
FLR-ACC-102642,Peter Eze,Individual,NG,NGN,Tier2_Verified,2025-04-06,17.76
FLR-ACC-102643,Peter Adeyemi,Individual,US,USD,Tier3_Enhanced,2024-03-13,61.24
FLR-ACC-102644,Tobi Johnson,Individual,NG,NGN,Tier2_Verified,2025-09-21,42.26
FLR-ACC-102645,Kemi Green,Individual,GB,GBP,Tier2_Verified,2025-11-14,79.53
FLR-ACC-102646,Chioma Taylor,Individual,NG,NGN,Tier3_Enhanced,2022-10-04,51.45
FLR-ACC-102647,Ngozi Johnson,Individual,GB,GBP,Tier1_Basic,2025-06-07,67.66
FLR-ACC-102648,Sarah Taylor,Individual,NG,NGN,Tier2_Verified,2026-02-21,28.84
FLR-ACC-102649,Kemi Bello,Individual,US,USD,Tier1_Basic,2026-04-18,73.48
FLR-ACC-102650,John Smith,Individual,NG,NGN,Tier2_Verified,2022-11-13,25.41
FLR-ACC-102651,North Technologies Ltd,Business,NG,NGN,Tier1_Basic,2025-09-09,2135.75
FLR-ACC-102652,Emeka Brown,Individual,DE,EUR,Tier2_Verified,2025-05-11,45.42
FLR-ACC-102653,Global Logistics Ltd,Business,US,USD,Tier2_Verified,2025-12-13,354.54
FLR-ACC-102654,Tobi Hassan,Individual,DE,EUR,Tier2_Verified,2024-09-15,27.41
FLR-ACC-102655,Urban Trading Co.,Business,GB,GBP,Tier1_Basic,2024-06-23,202.22
FLR-ACC-102656,Chioma Nwosu,Individual,NG,NGN,Tier3_Enhanced,2026-02-25,65.5
FLR-ACC-102657,Chioma Okafor,Individual,US,USD,Tier3_Enhanced,2025-03-21,149.13
FLR-ACC-102658,Kunle Chukwu,Individual,US,USD,Tier2_Verified,2024-06-12,59.67
FLR-ACC-102659,Prime Retail LLC,Business,NG,NGN,Tier2_Verified,2025-07-11,376.97
FLR-ACC-102660,Grace Adeyemi,Individual,US,USD,Tier3_Enhanced,2024-06-12,31.43
FLR-ACC-102661,Emeka Williams,Individual,GB,GBP,Tier3_Enhanced,2023-12-19,44.73
FLR-ACC-102662,Musa Johnson,Individual,US,USD,Tier3_Enhanced,2025-02-14,193.79
FLR-ACC-102663,Urban Foods Ltd,Business,NG,NGN,Tier1_Basic,2026-03-17,221.01
FLR-ACC-102664,Chidi Okoro,Individual,US,USD,Tier2_Verified,2023-09-01,58.52
FLR-ACC-102665,Musa Adeyemi,Individual,DE,EUR,Tier2_Verified,2023-07-24,49.53
FLR-ACC-102666,Olu Yusuf,Individual,NG,NGN,Tier2_Verified,2025-01-04,76.85
FLR-ACC-102667,Greenfield Logistics LLC,Business,GB,GBP,Tier2_Verified,2023-11-16,266.15
FLR-ACC-102668,Ifeoma Adekunle,Individual,US,USD,Tier2_Verified,2024-05-15,17.08
FLR-ACC-102669,Tobi Taylor,Individual,NG,NGN,Tier2_Verified,2025-08-19,35.03
FLR-ACC-102670,Chidi Fashola,Individual,NG,NGN,Tier2_Verified,2025-12-07,31.83
FLR-ACC-102671,Sarah Chukwu,Individual,DE,EUR,Tier2_Verified,2026-03-21,38.08
FLR-ACC-102672,Blessing Chukwu,Individual,NG,NGN,Tier3_Enhanced,2023-12-18,15.72
FLR-ACC-102673,Sunrise Logistics LLC,Business,NG,NGN,Tier2_Verified,2025-08-05,540.05
FLR-ACC-102674,Peter Eze,Individual,NG,NGN,Tier1_Basic,2026-06-20,18.05
FLR-ACC-102675,Ben Brown,Individual,US,USD,Tier2_Verified,2024-03-23,159.96
FLR-ACC-102676,Urban Technologies LLC,Business,US,USD,Tier2_Verified,2024-03-26,1044.79
FLR-ACC-102677,Global Builders Ltd,Business,NG,NGN,Tier2_Verified,2026-07-11,824.77
FLR-ACC-102678,North Logistics Ltd,Business,NG,NGN,Tier3_Enhanced,2025-02-15,608.19
FLR-ACC-102679,Tobi Yusuf,Individual,US,USD,Tier2_Verified,2026-03-26,47.36
FLR-ACC-102680,Blessing Nwosu,Individual,DE,EUR,Tier2_Verified,2025-10-08,156.72
FLR-ACC-102681,Chuka Ibrahim,Individual,NG,NGN,Tier2_Verified,2026-07-09,64.71
FLR-ACC-102682,Femi Nwosu,Individual,NG,NGN,Tier2_Verified,2024-03-06,65.91
FLR-ACC-102683,Global Foods LLC,Business,NG,NGN,Tier2_Verified,2025-06-09,351.13
FLR-ACC-102684,Apex Textiles Ltd,Business,GB,GBP,Tier3_Enhanced,2024-05-04,222.41
FLR-ACC-102685,Metro Foods LLC,Business,DE,EUR,Tier1_Basic,2025-12-07,436.79
FLR-ACC-102686,Sarah Williams,Individual,NG,NGN,Tier2_Verified,2025-06-18,16.82
FLR-ACC-102687,Tobi Hassan,Individual,NG,NGN,Tier2_Verified,2024-08-22,12.99
FLR-ACC-102688,Ifeoma Johnson,Individual,US,USD,Tier2_Verified,2025-02-03,43.42
FLR-ACC-102689,Ngozi Adekunle,Individual,NG,NGN,Tier2_Verified,2024-08-12,22.49
FLR-ACC-102690,Amaka Chukwu,Individual,GB,GBP,Tier2_Verified,2025-11-18,43.62
FLR-ACC-102691,Daniel Eze,Individual,US,USD,Tier2_Verified,2024-08-05,28.22
FLR-ACC-102692,Amaka Yusuf,Individual,NG,NGN,Tier3_Enhanced,2023-09-02,162.62
FLR-ACC-102693,Musa Chukwu,Individual,FR,EUR,Tier3_Enhanced,2024-06-24,24.48
FLR-ACC-102694,Michael Adekunle,Individual,US,USD,Tier2_Verified,2024-02-13,62.96
FLR-ACC-102695,Global Builders Inc,Business,GB,GBP,Tier2_Verified,2025-03-23,931.87
FLR-ACC-102696,Chuka Green,Individual,US,USD,Tier3_Enhanced,2025-01-02,11.11
FLR-ACC-102697,Mary Fashola,Individual,FR,EUR,Tier1_Basic,2024-02-23,113.93
FLR-ACC-102698,Tunde Bello,Individual,GB,GBP,Tier1_Basic,2026-08-07,49.3
FLR-ACC-102699,North Technologies Ltd,Business,NG,NGN,Tier2_Verified,2024-05-08,777.31
FLR-ACC-102700,Greenfield Retail Co.,Business,NG,NGN,Tier2_Verified,2024-03-09,1035.51
FLR-ACC-102701,Sunrise Technologies Ltd,Business,NG,NGN,Tier2_Verified,2023-09-02,195.85
FLR-ACC-102702,Prime Logistics LLC,Business,FR,EUR,Tier1_Basic,2025-07-23,243.14
FLR-ACC-102703,Chioma Obi,Individual,GB,GBP,Tier2_Verified,2025-04-05,131.77
FLR-ACC-102704,Global Ventures Co.,Business,GB,GBP,Tier2_Verified,2022-07-10,485.59
FLR-ACC-102705,Aisha Taylor,Individual,GB,GBP,Tier2_Verified,2026-06-11,32.4
FLR-ACC-102706,David Green,Individual,US,USD,Tier1_Basic,2026-03-03,135.35
FLR-ACC-102707,Sunrise Media Inc,Business,GB,GBP,Tier2_Verified,2026-01-26,282.1
FLR-ACC-102708,Ifeoma Johnson,Individual,GB,GBP,Tier2_Verified,2025-11-24,136.41
FLR-ACC-102709,Chidi Adekunle,Individual,NG,NGN,Tier2_Verified,2023-08-08,149.11
FLR-ACC-102710,Laura Okafor,Individual,GB,GBP,Tier2_Verified,2025-01-09,75.26
FLR-ACC-102711,Chuka Okafor,Individual,NG,NGN,Tier3_Enhanced,2025-11-13,158.76
FLR-ACC-102712,Sunrise Media Inc,Business,FR,EUR,Tier3_Enhanced,2023-11-28,542.39
FLR-ACC-102713,North Media Co.,Business,NG,NGN,Tier3_Enhanced,2024-01-02,302.84
FLR-ACC-102714,Tunde Yusuf,Individual,NG,NGN,Tier3_Enhanced,2023-12-17,42.27
FLR-ACC-102715,Laura Okafor,Individual,NG,NGN,Tier3_Enhanced,2024-10-26,53.37
FLR-ACC-102716,Apex Builders Co.,Business,NG,NGN,Tier2_Verified,2024-05-24,531.83
FLR-ACC-102717,Funke Nwosu,Individual,NG,NGN,Tier1_Basic,2026-04-15,54.28
FLR-ACC-102718,Kemi Bello,Individual,NG,NGN,Tier2_Verified,2024-08-17,212.96
FLR-ACC-102719,Silverline Textiles LLC,Business,DE,EUR,Tier3_Enhanced,2023-09-12,282.28
FLR-ACC-102720,Apex Builders LLC,Business,NG,NGN,Tier1_Basic,2025-12-01,333.99
FLR-ACC-102721,Global Ventures Inc,Business,GB,GBP,Tier2_Verified,2026-04-27,922.62
FLR-ACC-102722,Silverline Foods Co.,Business,NG,NGN,Tier3_Enhanced,2022-07-20,296.84
FLR-ACC-102723,Apex Textiles Co.,Business,DE,EUR,Tier3_Enhanced,2026-02-23,1005.63
FLR-ACC-102724,Olu Balogun,Individual,NG,NGN,Tier1_Basic,2025-06-27,121.93
FLR-ACC-102725,Apex Consulting LLC,Business,DE,EUR,Tier1_Basic,2025-08-04,208.92
FLR-ACC-102726,Urban Media Ltd,Business,NG,NGN,Tier3_Enhanced,2024-12-21,230.84
FLR-ACC-102727,Michael Ibrahim,Individual,DE,EUR,Tier2_Verified,2023-12-01,51.09
FLR-ACC-102728,Chuka Nwosu,Individual,NG,NGN,Tier2_Verified,2022-09-06,66.36
FLR-ACC-102729,Femi Chukwu,Individual,US,USD,Tier3_Enhanced,2023-08-10,36.72
FLR-ACC-102730,Kunle Smith,Individual,NG,NGN,Tier2_Verified,2026-02-14,30.06
FLR-ACC-102731,Silverline Retail Inc,Business,US,USD,Tier1_Basic,2026-05-01,99.42
FLR-ACC-102732,Urban Foods Ltd,Business,DE,EUR,Tier2_Verified,2024-09-02,360.11
FLR-ACC-102733,Global Technologies Co.,Business,US,USD,Tier3_Enhanced,2025-10-29,836.46
FLR-ACC-102734,Yetunde Smith,Individual,GB,GBP,Tier1_Basic,2025-12-31,71.22
FLR-ACC-102735,Grace Yusuf,Individual,NG,NGN,Tier3_Enhanced,2025-04-22,42.55
FLR-ACC-102736,Urban Logistics Ltd,Business,DE,EUR,Tier2_Verified,2025-11-12,1816.44
FLR-ACC-102737,Femi Brown,Individual,US,USD,Tier2_Verified,2025-08-19,35.53
FLR-ACC-102738,Metro Builders Co.,Business,GB,GBP,Tier2_Verified,2024-08-12,795.87
FLR-ACC-102739,Michael Johnson,Individual,FR,EUR,Tier1_Basic,2026-02-03,71.59
FLR-ACC-102740,Chuka Yusuf,Individual,GB,GBP,Tier1_Basic,2025-08-17,45.25
FLR-ACC-102741,Chioma Bello,Individual,NG,NGN,Tier2_Verified,2025-12-28,147.22
FLR-ACC-102742,Sarah Chukwu,Individual,NG,NGN,Tier3_Enhanced,2023-07-25,70.46
FLR-ACC-102743,Laura Chukwu,Individual,NG,NGN,Tier3_Enhanced,2023-04-14,62.29
FLR-ACC-102744,Michael Eze,Individual,NG,NGN,Tier2_Verified,2025-11-02,56.87
FLR-ACC-102745,Silverline Builders Inc,Business,FR,EUR,Tier3_Enhanced,2024-02-15,1079.17
FLR-ACC-102746,Global Foods LLC,Business,US,USD,Tier2_Verified,2025-06-03,946.31
FLR-ACC-102747,Chidi Williams,Individual,NG,NGN,Tier2_Verified,2024-12-08,90.69
FLR-ACC-102748,John Brown,Individual,NG,NGN,Tier3_Enhanced,2023-09-03,67.01
FLR-ACC-102749,Chuka Obi,Individual,GB,GBP,Tier2_Verified,2026-03-13,184.86
FLR-ACC-102750,Prime Ventures Ltd,Business,NG,NGN,Tier3_Enhanced,2025-07-31,835.28
FLR-ACC-102751,Femi Johnson,Individual,NG,NGN,Tier3_Enhanced,2025-09-28,33.2
FLR-ACC-102752,Urban Logistics LLC,Business,GB,GBP,Tier2_Verified,2025-03-22,323.15
FLR-ACC-102753,Laura Hassan,Individual,NG,NGN,Tier1_Basic,2026-08-07,108.36
FLR-ACC-102754,John Williams,Individual,FR,EUR,Tier3_Enhanced,2024-08-20,50.06
FLR-ACC-102755,Blessing Balogun,Individual,GB,GBP,Tier1_Basic,2025-12-24,96.44
FLR-ACC-102756,Apex Media Co.,Business,DE,EUR,Tier2_Verified,2025-05-22,787.53
FLR-ACC-102757,David Smith,Individual,NG,NGN,Tier2_Verified,2024-09-07,23.44
FLR-ACC-102758,Apex Foods Co.,Business,NG,NGN,Tier3_Enhanced,2026-02-28,1183.33
FLR-ACC-102759,Grace Obi,Individual,NG,NGN,Tier1_Basic,2024-12-13,107.99
FLR-ACC-102760,Emeka Okafor,Individual,US,USD,Tier2_Verified,2023-04-26,54.81
FLR-ACC-102761,Kunle Brown,Individual,NG,NGN,Tier2_Verified,2025-10-09,92.24
FLR-ACC-102762,Amaka Johnson,Individual,NG,NGN,Tier2_Verified,2023-06-09,49.76
FLR-ACC-102763,Yetunde Obi,Individual,NG,NGN,Tier2_Verified,2024-08-31,132.39
FLR-ACC-102764,Olu Obi,Individual,NG,NGN,Tier3_Enhanced,2025-05-23,25.06
FLR-ACC-102765,Chidi Balogun,Individual,GB,GBP,Tier3_Enhanced,2024-03-14,61.55
FLR-ACC-102766,Chioma Taylor,Individual,NG,NGN,Tier1_Basic,2026-01-08,39.01
FLR-ACC-102767,Greenfield Builders Ltd,Business,NG,NGN,Tier1_Basic,2024-10-30,328.41
FLR-ACC-102768,Funke Eze,Individual,NG,NGN,Tier1_Basic,2023-11-17,181.54
FLR-ACC-102769,Urban Technologies Ltd,Business,GB,GBP,Tier1_Basic,2025-08-13,1282.96
FLR-ACC-102770,David Williams,Individual,NG,NGN,Tier1_Basic,2026-05-28,54.22
FLR-ACC-102771,Yetunde Balogun,Individual,GB,GBP,Tier2_Verified,2023-08-23,39.41
FLR-ACC-102772,Yetunde Green,Individual,NG,NGN,Tier2_Verified,2025-03-22,101.6
FLR-ACC-102773,Silverline Media Ltd,Business,NG,NGN,Tier2_Verified,2025-08-10,206.06
FLR-ACC-102774,Funke Brown,Individual,NG,NGN,Tier3_Enhanced,2025-03-11,32.71
FLR-ACC-102775,Greenfield Technologies Co.,Business,GB,GBP,Tier1_Basic,2025-09-10,213.16
FLR-ACC-102776,Mary Eze,Individual,NG,NGN,Tier1_Basic,2023-12-20,66.3
FLR-ACC-102777,Yetunde Green,Individual,FR,EUR,Tier1_Basic,2026-04-08,57.98
FLR-ACC-102778,Greenfield Technologies Co.,Business,NG,NGN,Tier2_Verified,2025-12-25,160.27
FLR-ACC-102779,Mary Balogun,Individual,NG,NGN,Tier2_Verified,2022-11-27,35.8
FLR-ACC-102780,Urban Ventures Inc,Business,US,USD,Tier1_Basic,2026-01-23,497.11
FLR-ACC-102781,Sunrise Foods Inc,Business,NG,NGN,Tier2_Verified,2023-11-30,505.06
FLR-ACC-102782,Michael Williams,Individual,NG,NGN,Tier1_Basic,2026-02-12,97.45
FLR-ACC-102783,Kunle Fashola,Individual,NG,NGN,Tier1_Basic,2026-08-12,54.1
FLR-ACC-102784,Bluewave Retail LLC,Business,US,USD,Tier2_Verified,2023-10-31,533.28
FLR-ACC-102785,Silverline Textiles Ltd,Business,NG,NGN,Tier1_Basic,2026-07-01,316.95
FLR-ACC-102786,Funke Williams,Individual,NG,NGN,Tier2_Verified,2026-01-25,49.5
FLR-ACC-102787,Global Media Co.,Business,NG,NGN,Tier2_Verified,2024-05-13,1468.67
FLR-ACC-102788,John Hassan,Individual,NG,NGN,Tier1_Basic,2025-09-11,77.12
FLR-ACC-102789,Musa Green,Individual,NG,NGN,Tier3_Enhanced,2025-07-09,89.39
FLR-ACC-102790,Michael Taylor,Individual,NG,NGN,Tier2_Verified,2024-03-04,37.96
FLR-ACC-102791,Emeka Okoro,Individual,NG,NGN,Tier2_Verified,2025-09-02,16.65
FLR-ACC-102792,Aisha Brown,Individual,US,USD,Tier3_Enhanced,2024-09-14,30.54
FLR-ACC-102793,Apex Technologies LLC,Business,NG,NGN,Tier2_Verified,2026-06-18,363.4
FLR-ACC-102794,Sarah Yusuf,Individual,NG,NGN,Tier3_Enhanced,2023-04-17,117.02
FLR-ACC-102795,Yetunde Green,Individual,NG,NGN,Tier3_Enhanced,2023-11-11,64.99
FLR-ACC-102796,Ngozi Johnson,Individual,NG,NGN,Tier2_Verified,2025-05-25,43.69
FLR-ACC-102797,Kemi Ibrahim,Individual,NG,NGN,Tier3_Enhanced,2024-02-13,60.93
FLR-ACC-102798,Chioma Adeyemi,Individual,GB,GBP,Tier2_Verified,2023-06-30,74.18
FLR-ACC-102799,Global Trading LLC,Business,NG,NGN,Tier2_Verified,2025-05-13,628.29
FLR-ACC-102800,Metro Technologies Ltd,Business,US,USD,Tier2_Verified,2023-06-04,1048.39
FLR-ACC-102801,Global Foods LLC,Business,DE,EUR,Tier3_Enhanced,2025-09-02,601.7
FLR-ACC-102802,Apex Builders Inc,Business,NG,NGN,Tier3_Enhanced,2024-11-15,234.58
FLR-ACC-102803,Kemi Green,Individual,NG,NGN,Tier1_Basic,2023-06-01,21.56
FLR-ACC-102804,Funke Balogun,Individual,GB,GBP,Tier1_Basic,2026-05-25,28.91
FLR-ACC-102805,Blessing Fashola,Individual,NG,NGN,Tier2_Verified,2026-03-24,104.83
FLR-ACC-102806,Metro Technologies Co.,Business,DE,EUR,Tier2_Verified,2023-10-17,1626.31
FLR-ACC-102807,Mary Brown,Individual,NG,NGN,Tier2_Verified,2022-11-15,38.16
FLR-ACC-102808,Chuka Nwosu,Individual,NG,NGN,Tier3_Enhanced,2024-03-14,185.76
FLR-ACC-102809,Ben Okoro,Individual,NG,NGN,Tier2_Verified,2024-01-26,68.73
FLR-ACC-102810,Ben Green,Individual,FR,EUR,Tier3_Enhanced,2024-01-10,56.61
FLR-ACC-102811,Peter Green,Individual,US,USD,Tier2_Verified,2026-03-16,64.54
FLR-ACC-102812,Mary Balogun,Individual,NG,NGN,Tier2_Verified,2023-10-04,79.46
FLR-ACC-102813,Ben Adeyemi,Individual,GB,GBP,Tier1_Basic,2025-10-21,38.96
FLR-ACC-102814,Laura Nwosu,Individual,GB,GBP,Tier1_Basic,2025-02-02,58.53
FLR-ACC-102815,John Eze,Individual,DE,EUR,Tier3_Enhanced,2023-01-09,51.94
FLR-ACC-102816,David Johnson,Individual,NG,NGN,Tier3_Enhanced,2023-12-15,9.81
FLR-ACC-102817,Greenfield Consulting LLC,Business,DE,EUR,Tier2_Verified,2024-02-27,355.73
FLR-ACC-102818,John Bello,Individual,NG,NGN,Tier2_Verified,2023-05-04,157.29
FLR-ACC-102819,Global Technologies Inc,Business,NG,NGN,Tier3_Enhanced,2025-02-28,854.28
FLR-ACC-102820,Tunde Green,Individual,FR,EUR,Tier2_Verified,2025-11-26,38.2
FLR-ACC-102821,Silverline Retail Co.,Business,NG,NGN,Tier2_Verified,2025-11-17,517.3
FLR-ACC-102822,Chioma Brown,Individual,NG,NGN,Tier1_Basic,2024-02-27,85.89
FLR-ACC-102823,Urban Ventures Inc,Business,NG,NGN,Tier1_Basic,2026-04-11,314.34
FLR-ACC-102824,Greenfield Logistics Inc,Business,NG,NGN,Tier1_Basic,2024-09-16,778.91
FLR-ACC-102825,Femi Adeyemi,Individual,DE,EUR,Tier3_Enhanced,2024-05-07,47.82
FLR-ACC-102826,Ifeoma Nwosu,Individual,US,USD,Tier1_Basic,2026-07-19,23.4
FLR-ACC-102827,Chuka Fashola,Individual,GB,GBP,Tier1_Basic,2025-08-07,51.41
FLR-ACC-102828,Kunle Bello,Individual,DE,EUR,Tier2_Verified,2026-05-19,14.41
FLR-ACC-102829,James Smith,Individual,NG,NGN,Tier2_Verified,2025-04-04,42.77
FLR-ACC-102830,Tobi Yusuf,Individual,NG,NGN,Tier1_Basic,2025-05-11,23.3
FLR-ACC-102831,Daniel Taylor,Individual,NG,NGN,Tier2_Verified,2024-04-18,115.84
FLR-ACC-102832,Femi Okoro,Individual,US,USD,Tier1_Basic,2025-12-28,16.2
FLR-ACC-102833,Global Media Ltd,Business,FR,EUR,Tier1_Basic,2023-01-16,504.68
FLR-ACC-102834,Apex Consulting Inc,Business,US,USD,Tier3_Enhanced,2025-09-21,847.19
FLR-ACC-102835,Amaka Williams,Individual,US,USD,Tier1_Basic,2025-09-26,83.77
FLR-ACC-102836,Musa Obi,Individual,NG,NGN,Tier3_Enhanced,2025-01-17,23.28
FLR-ACC-102837,Blessing Johnson,Individual,DE,EUR,Tier1_Basic,2024-04-24,18.83
FLR-ACC-102838,John Bello,Individual,NG,NGN,Tier3_Enhanced,2024-03-21,107.74
FLR-ACC-102839,Ruth Okoro,Individual,NG,NGN,Tier1_Basic,2026-07-30,42.75
FLR-ACC-102840,Greenfield Trading Inc,Business,US,USD,Tier2_Verified,2025-06-13,307.05
FLR-ACC-102841,Prime Logistics Ltd,Business,NG,NGN,Tier2_Verified,2025-04-08,538.2
FLR-ACC-102842,Ngozi Okafor,Individual,NG,NGN,Tier2_Verified,2026-04-22,44.89
FLR-ACC-102843,Grace Johnson,Individual,NG,NGN,Tier3_Enhanced,2025-06-27,48.66
FLR-ACC-102844,Daniel Williams,Individual,DE,EUR,Tier3_Enhanced,2025-08-16,39.24
FLR-ACC-102845,Urban Builders Inc,Business,GB,GBP,Tier2_Verified,2024-05-15,343.85
FLR-ACC-102846,Bluewave Ventures Inc,Business,US,USD,Tier2_Verified,2026-03-22,58.51
FLR-ACC-102847,Metro Builders LLC,Business,NG,NGN,Tier3_Enhanced,2024-11-22,265.91
FLR-ACC-102848,Silverline Consulting Ltd,Business,GB,GBP,Tier2_Verified,2026-02-08,573.87
FLR-ACC-102849,Metro Builders Ltd,Business,DE,EUR,Tier2_Verified,2025-08-20,234.22
FLR-ACC-102850,Femi Smith,Individual,NG,NGN,Tier2_Verified,2024-06-12,40.81
FLR-ACC-102851,John Taylor,Individual,NG,NGN,Tier3_Enhanced,2024-04-17,98.39
FLR-ACC-102852,Silverline Technologies Co.,Business,US,USD,Tier3_Enhanced,2025-01-27,227.45
FLR-ACC-102853,Aisha Eze,Individual,NG,NGN,Tier2_Verified,2024-09-25,90.92
FLR-ACC-102854,Grace Brown,Individual,NG,NGN,Tier3_Enhanced,2024-02-10,97.98
FLR-ACC-102855,Amaka Chukwu,Individual,NG,NGN,Tier2_Verified,2025-11-21,94.73
FLR-ACC-102856,Yetunde Ibrahim,Individual,GB,GBP,Tier2_Verified,2024-05-08,85.27
FLR-ACC-102857,Kunle Nwosu,Individual,NG,NGN,Tier2_Verified,2025-01-03,29.39
FLR-ACC-102858,Tunde Fashola,Individual,DE,EUR,Tier2_Verified,2025-09-05,25.78
FLR-ACC-102859,Musa Johnson,Individual,GB,GBP,Tier1_Basic,2025-07-25,105.54
FLR-ACC-102860,Olu Ibrahim,Individual,US,USD,Tier3_Enhanced,2024-11-10,61.34
FLR-ACC-102861,North Ventures Ltd,Business,GB,GBP,Tier2_Verified,2024-03-03,2599.0
FLR-ACC-102862,Tobi Okoro,Individual,US,USD,Tier3_Enhanced,2026-01-06,126.74
FLR-ACC-102863,Kemi Brown,Individual,US,USD,Tier3_Enhanced,2024-12-25,84.01
FLR-ACC-102864,North Consulting Co.,Business,NG,NGN,Tier2_Verified,2026-06-12,541.93
FLR-ACC-102865,Ifeoma Hassan,Individual,NG,NGN,Tier2_Verified,2025-09-04,51.94
FLR-ACC-102866,Chuka Hassan,Individual,US,USD,Tier2_Verified,2025-04-16,62.19
FLR-ACC-102867,Mary Eze,Individual,FR,EUR,Tier2_Verified,2025-07-14,46.09
FLR-ACC-102868,Ifeoma Okoro,Individual,NG,NGN,Tier2_Verified,2025-09-09,53.79
FLR-ACC-102869,Ifeoma Taylor,Individual,DE,EUR,Tier1_Basic,2025-04-30,82.21
FLR-ACC-102870,Chidi Ibrahim,Individual,NG,NGN,Tier2_Verified,2025-01-03,73.74
FLR-ACC-102871,Musa Eze,Individual,NG,NGN,Tier2_Verified,2025-09-15,67.38
FLR-ACC-102872,Peter Okoro,Individual,DE,EUR,Tier1_Basic,2026-01-26,21.53
FLR-ACC-102873,Peter Adeyemi,Individual,NG,NGN,Tier2_Verified,2025-06-24,21.26
FLR-ACC-102874,Blessing Taylor,Individual,NG,NGN,Tier1_Basic,2026-01-30,30.03
FLR-ACC-102875,Emeka Okafor,Individual,NG,NGN,Tier1_Basic,2024-04-27,15.13
FLR-ACC-102876,Kemi Adeyemi,Individual,NG,NGN,Tier2_Verified,2025-05-31,25.39
FLR-ACC-102877,Daniel Nwosu,Individual,NG,NGN,Tier2_Verified,2025-02-17,34.23
FLR-ACC-102878,Kemi Fashola,Individual,US,USD,Tier3_Enhanced,2024-05-24,20.33
FLR-ACC-102879,Urban Technologies Inc,Business,US,USD,Tier3_Enhanced,2025-05-24,279.85
FLR-ACC-102880,Chioma Nwosu,Individual,NG,NGN,Tier2_Verified,2025-06-01,34.6
FLR-ACC-102881,Kemi Obi,Individual,NG,NGN,Tier3_Enhanced,2026-01-09,18.49
FLR-ACC-102882,Grace Ibrahim,Individual,US,USD,Tier2_Verified,2025-11-08,50.88
FLR-ACC-102883,Bluewave Media Inc,Business,GB,GBP,Tier3_Enhanced,2024-11-10,158.33
FLR-ACC-102884,Bluewave Retail Ltd,Business,US,USD,Tier2_Verified,2026-02-02,466.33
FLR-ACC-102885,Blessing Chukwu,Individual,GB,GBP,Tier2_Verified,2024-01-07,21.81
FLR-ACC-102886,Urban Retail LLC,Business,NG,NGN,Tier2_Verified,2026-02-11,265.46
FLR-ACC-102887,North Technologies LLC,Business,NG,NGN,Tier2_Verified,2024-10-22,765.83
FLR-ACC-102888,Femi Hassan,Individual,NG,NGN,Tier2_Verified,2025-09-06,27.87
FLR-ACC-102889,Metro Consulting Co.,Business,NG,NGN,Tier3_Enhanced,2023-12-06,716.23
FLR-ACC-102890,David Chukwu,Individual,NG,NGN,Tier2_Verified,2025-10-30,173.07
FLR-ACC-102891,Bluewave Foods Ltd,Business,NG,NGN,Tier3_Enhanced,2023-10-16,1015.19
FLR-ACC-102892,James Bello,Individual,NG,NGN,Tier2_Verified,2025-07-01,22.4
FLR-ACC-102893,Chuka Obi,Individual,FR,EUR,Tier3_Enhanced,2025-12-08,125.68
FLR-ACC-102894,Ifeoma Adeyemi,Individual,GB,GBP,Tier1_Basic,2025-06-25,171.41
FLR-ACC-102895,North Consulting Ltd,Business,NG,NGN,Tier3_Enhanced,2024-04-17,595.12
FLR-ACC-102896,Bluewave Technologies Inc,Business,NG,NGN,Tier3_Enhanced,2024-07-08,1807.21
FLR-ACC-102897,Femi Eze,Individual,NG,NGN,Tier2_Verified,2024-07-03,165.07
FLR-ACC-102898,Daniel Ibrahim,Individual,NG,NGN,Tier3_Enhanced,2023-01-07,18.33
FLR-ACC-102899,Ifeoma Bello,Individual,GB,GBP,Tier1_Basic,2025-08-05,82.46
FLR-ACC-102900,Musa Williams,Individual,NG,NGN,Tier2_Verified,2022-09-28,77.49
FLR-ACC-102901,Silverline Consulting LLC,Business,NG,NGN,Tier1_Basic,2025-08-09,367.24
FLR-ACC-102902,Sunrise Builders Inc,Business,US,USD,Tier2_Verified,2024-03-29,357.25
FLR-ACC-102903,Grace Adekunle,Individual,DE,EUR,Tier2_Verified,2025-06-18,84.79
FLR-ACC-102904,Amaka Hassan,Individual,FR,EUR,Tier2_Verified,2024-12-04,334.62
FLR-ACC-102905,Bluewave Logistics Ltd,Business,NG,NGN,Tier3_Enhanced,2024-09-23,397.47
FLR-ACC-102906,Tobi Eze,Individual,US,USD,Tier2_Verified,2025-07-04,120.0
FLR-ACC-102907,Global Technologies Co.,Business,FR,EUR,Tier1_Basic,2026-06-26,243.99
FLR-ACC-102908,Greenfield Textiles Co.,Business,NG,NGN,Tier2_Verified,2026-04-09,795.27
FLR-ACC-102909,Peter Eze,Individual,NG,NGN,Tier2_Verified,2024-10-06,99.01
FLR-ACC-102910,Sunrise Ventures LLC,Business,GB,GBP,Tier2_Verified,2026-01-02,164.93
FLR-ACC-102911,Grace Bello,Individual,GB,GBP,Tier2_Verified,2024-04-01,24.79
FLR-ACC-102912,Grace Williams,Individual,US,USD,Tier2_Verified,2024-12-25,114.72
FLR-ACC-102913,Femi Ibrahim,Individual,GB,GBP,Tier2_Verified,2025-10-18,88.29
FLR-ACC-102914,Michael Balogun,Individual,FR,EUR,Tier3_Enhanced,2025-06-06,100.56
FLR-ACC-102915,Laura Hassan,Individual,NG,NGN,Tier2_Verified,2026-02-07,185.06
FLR-ACC-102916,Funke Johnson,Individual,GB,GBP,Tier3_Enhanced,2024-10-19,53.04
FLR-ACC-102917,Prime Textiles LLC,Business,FR,EUR,Tier2_Verified,2025-03-25,1339.68
FLR-ACC-102918,Ben Ibrahim,Individual,NG,NGN,Tier2_Verified,2023-03-26,66.05
FLR-ACC-102919,Olu Adeyemi,Individual,US,USD,Tier2_Verified,2025-06-06,38.33
FLR-ACC-102920,North Logistics Ltd,Business,US,USD,Tier2_Verified,2025-06-25,369.94
FLR-ACC-102921,Sunrise Consulting Co.,Business,GB,GBP,Tier1_Basic,2024-11-01,845.27
FLR-ACC-102922,Sunrise Logistics LLC,Business,DE,EUR,Tier2_Verified,2024-09-19,277.06
FLR-ACC-102923,Urban Textiles Co.,Business,US,USD,Tier3_Enhanced,2025-04-14,359.03
FLR-ACC-102924,John Chukwu,Individual,GB,GBP,Tier2_Verified,2024-12-18,195.09
FLR-ACC-102925,Tobi Balogun,Individual,NG,NGN,Tier2_Verified,2026-02-07,48.59
FLR-ACC-102926,Femi Okoro,Individual,FR,EUR,Tier2_Verified,2025-01-01,93.72
FLR-ACC-102927,Yetunde Adeyemi,Individual,NG,NGN,Tier3_Enhanced,2024-12-25,112.09
FLR-ACC-102928,Olu Okafor,Individual,NG,NGN,Tier2_Verified,2024-12-07,51.56
FLR-ACC-102929,Sarah Yusuf,Individual,NG,NGN,Tier3_Enhanced,2024-05-31,54.67
FLR-ACC-102930,John Chukwu,Individual,US,USD,Tier3_Enhanced,2023-06-23,36.92
FLR-ACC-102931,Femi Chukwu,Individual,NG,NGN,Tier1_Basic,2025-12-12,27.94
FLR-ACC-102932,Prime Foods Ltd,Business,NG,NGN,Tier2_Verified,2025-05-03,914.07
FLR-ACC-102933,Mary Nwosu,Individual,NG,NGN,Tier2_Verified,2025-03-21,116.19
FLR-ACC-102934,Chuka Nwosu,Individual,NG,NGN,Tier3_Enhanced,2024-08-10,40.58
FLR-ACC-102935,Silverline Technologies Ltd,Business,NG,NGN,Tier2_Verified,2025-09-16,1576.72
FLR-ACC-102936,Daniel Chukwu,Individual,DE,EUR,Tier2_Verified,2025-01-13,65.12
FLR-ACC-102937,Bluewave Textiles Co.,Business,GB,GBP,Tier2_Verified,2025-12-06,155.38
FLR-ACC-102938,James Okoro,Individual,NG,NGN,Tier2_Verified,2024-03-26,32.75
FLR-ACC-102939,Yetunde Balogun,Individual,GB,GBP,Tier3_Enhanced,2022-12-26,93.97
FLR-ACC-102940,Yetunde Okafor,Individual,US,USD,Tier2_Verified,2025-06-09,14.47
FLR-ACC-102941,Metro Textiles Inc,Business,NG,NGN,Tier2_Verified,2024-12-13,769.78
FLR-ACC-102942,James Johnson,Individual,NG,NGN,Tier3_Enhanced,2023-01-10,83.4
FLR-ACC-102943,Sarah Bello,Individual,NG,NGN,Tier3_Enhanced,2024-05-30,132.31
FLR-ACC-102944,Musa Chukwu,Individual,NG,NGN,Tier3_Enhanced,2024-11-16,21.21
FLR-ACC-102945,Musa Okoro,Individual,FR,EUR,Tier2_Verified,2024-12-23,119.83
FLR-ACC-102946,Chuka Fashola,Individual,NG,NGN,Tier2_Verified,2025-02-09,124.01
FLR-ACC-102947,Ben Obi,Individual,NG,NGN,Tier2_Verified,2025-08-23,30.93
FLR-ACC-102948,Ngozi Taylor,Individual,NG,NGN,Tier3_Enhanced,2025-04-27,83.33
FLR-ACC-102949,Global Textiles Co.,Business,NG,NGN,Tier3_Enhanced,2025-03-02,528.35
FLR-ACC-102950,Global Retail Co.,Business,GB,GBP,Tier2_Verified,2025-08-19,152.63
FLR-ACC-102951,Musa Eze,Individual,GB,GBP,Tier2_Verified,2026-01-20,81.29
FLR-ACC-102952,Prime Foods Co.,Business,US,USD,Tier3_Enhanced,2024-01-25,434.27
FLR-ACC-102953,Mary Adeyemi,Individual,NG,NGN,Tier3_Enhanced,2024-08-30,21.41
FLR-ACC-102954,Sunrise Trading Inc,Business,NG,NGN,Tier1_Basic,2025-05-17,626.38
FLR-ACC-102955,Silverline Retail Ltd,Business,NG,NGN,Tier3_Enhanced,2025-08-12,434.39
FLR-ACC-102956,Sunrise Retail Co.,Business,GB,GBP,Tier2_Verified,2026-01-06,780.99
FLR-ACC-102957,Chuka Balogun,Individual,US,USD,Tier2_Verified,2023-04-28,76.06
FLR-ACC-102958,Greenfield Foods Ltd,Business,NG,NGN,Tier2_Verified,2026-02-23,314.79
FLR-ACC-102959,Musa Obi,Individual,FR,EUR,Tier3_Enhanced,2024-06-29,27.07
FLR-ACC-102960,Amaka Adekunle,Individual,GB,GBP,Tier2_Verified,2025-11-16,124.39
FLR-ACC-102961,Ifeoma Hassan,Individual,US,USD,Tier2_Verified,2024-09-05,140.42
FLR-ACC-102962,Ruth Fashola,Individual,NG,NGN,Tier3_Enhanced,2025-12-02,32.44
FLR-ACC-102963,Apex Textiles LLC,Business,NG,NGN,Tier3_Enhanced,2022-03-17,869.77
FLR-ACC-102964,Ben Fashola,Individual,US,USD,Tier1_Basic,2026-01-19,70.72
FLR-ACC-102965,Amaka Adeyemi,Individual,US,USD,Tier3_Enhanced,2025-01-06,57.66
FLR-ACC-102966,Urban Textiles LLC,Business,NG,NGN,Tier2_Verified,2024-03-30,857.08
FLR-ACC-102967,Femi Okoro,Individual,NG,NGN,Tier3_Enhanced,2025-07-21,53.38
FLR-ACC-102968,North Consulting Co.,Business,NG,NGN,Tier2_Verified,2022-09-01,3925.35
FLR-ACC-102969,David Nwosu,Individual,GB,GBP,Tier3_Enhanced,2024-03-05,37.98
FLR-ACC-102970,Urban Logistics Ltd,Business,NG,NGN,Tier1_Basic,2025-06-20,615.08
FLR-ACC-102971,Silverline Ventures Ltd,Business,NG,NGN,Tier3_Enhanced,2023-10-02,106.94
FLR-ACC-102972,Femi Johnson,Individual,NG,NGN,Tier2_Verified,2024-03-30,72.89
FLR-ACC-102973,Ruth Obi,Individual,NG,NGN,Tier2_Verified,2026-02-20,31.46
FLR-ACC-102974,Peter Chukwu,Individual,DE,EUR,Tier3_Enhanced,2023-05-13,8.81
FLR-ACC-102975,Grace Fashola,Individual,FR,EUR,Tier1_Basic,2026-06-04,47.35
FLR-ACC-102976,Femi Chukwu,Individual,US,USD,Tier2_Verified,2026-05-04,82.07
FLR-ACC-102977,Sunrise Consulting Co.,Business,DE,EUR,Tier2_Verified,2024-10-28,263.74
FLR-ACC-102978,Grace Taylor,Individual,NG,NGN,Tier2_Verified,2024-04-08,59.89
FLR-ACC-102979,Sunrise Textiles Ltd,Business,NG,NGN,Tier3_Enhanced,2025-04-06,328.27
FLR-ACC-102980,Grace Hassan,Individual,FR,EUR,Tier1_Basic,2026-08-22,59.64
FLR-ACC-102981,Peter Yusuf,Individual,NG,NGN,Tier2_Verified,2025-06-19,12.46
FLR-ACC-102982,Ngozi Hassan,Individual,NG,NGN,Tier3_Enhanced,2025-06-17,74.43
FLR-ACC-102983,Prime Media LLC,Business,NG,NGN,Tier2_Verified,2025-08-10,173.94
FLR-ACC-102984,Grace Balogun,Individual,NG,NGN,Tier1_Basic,2026-01-09,54.48
FLR-ACC-102985,John Balogun,Individual,NG,NGN,Tier1_Basic,2025-11-03,53.39
FLR-ACC-102986,Amaka Brown,Individual,NG,NGN,Tier2_Verified,2026-01-01,46.23
FLR-ACC-102987,Emeka Okafor,Individual,NG,NGN,Tier3_Enhanced,2025-08-08,91.12
FLR-ACC-102988,Ben Brown,Individual,GB,GBP,Tier2_Verified,2025-04-03,28.58
FLR-ACC-102989,Daniel Taylor,Individual,US,USD,Tier2_Verified,2025-11-04,41.44
FLR-ACC-102990,Blessing Chukwu,Individual,US,USD,Tier2_Verified,2025-04-27,265.82
FLR-ACC-102991,Metro Consulting Inc,Business,NG,NGN,Tier2_Verified,2026-02-08,1455.82
FLR-ACC-102992,Sunrise Ventures Co.,Business,GB,GBP,Tier1_Basic,2026-08-08,736.27
FLR-ACC-102993,Blessing Fashola,Individual,NG,NGN,Tier2_Verified,2025-02-24,73.17
FLR-ACC-102994,Funke Yusuf,Individual,GB,GBP,Tier2_Verified,2025-12-20,116.23
FLR-ACC-102995,Blessing Nwosu,Individual,NG,NGN,Tier2_Verified,2026-03-02,40.92
FLR-ACC-102996,Amaka Bello,Individual,NG,NGN,Tier2_Verified,2024-05-21,24.77
FLR-ACC-102997,Yetunde Eze,Individual,GB,GBP,Tier2_Verified,2025-05-28,49.05
FLR-ACC-102998,Sarah Adeyemi,Individual,US,USD,Tier2_Verified,2025-07-27,31.62
FLR-ACC-102999,Urban Retail Co.,Business,US,USD,Tier3_Enhanced,2023-02-22,658.05
FLR-ACC-103000,Kemi Obi,Individual,FR,EUR,Tier2_Verified,2023-06-18,23.53
FLR-ACC-103001,North Consulting Ltd,Business,FR,EUR,Tier1_Basic,2025-06-07,437.27
FLR-ACC-103002,North Technologies Co.,Business,NG,NGN,Tier2_Verified,2025-09-01,436.34
FLR-ACC-103003,Prime Trading Ltd,Business,NG,NGN,Tier1_Basic,2026-05-12,1123.75
FLR-ACC-103004,Global Foods Co.,Business,NG,NGN,Tier3_Enhanced,2023-11-02,653.47
FLR-ACC-103005,Michael Bello,Individual,GB,GBP,Tier2_Verified,2025-05-03,50.45
FLR-ACC-103006,Urban Logistics LLC,Business,NG,NGN,Tier2_Verified,2026-01-28,229.92
FLR-ACC-103007,Ruth Balogun,Individual,NG,NGN,Tier3_Enhanced,2024-01-21,200.72
FLR-ACC-103008,Bluewave Logistics LLC,Business,DE,EUR,Tier2_Verified,2024-05-17,480.86
FLR-ACC-103009,Global Logistics Co.,Business,NG,NGN,Tier3_Enhanced,2023-12-03,607.19
FLR-ACC-103010,Funke Obi,Individual,NG,NGN,Tier2_Verified,2025-01-31,55.26
FLR-ACC-103011,Mary Fashola,Individual,NG,NGN,Tier3_Enhanced,2025-06-18,62.96
FLR-ACC-103012,Blessing Yusuf,Individual,US,USD,Tier3_Enhanced,2024-09-01,39.23
FLR-ACC-103013,Chuka Smith,Individual,DE,EUR,Tier3_Enhanced,2024-09-26,136.32
FLR-ACC-103014,Kemi Johnson,Individual,US,USD,Tier3_Enhanced,2025-08-19,157.31
FLR-ACC-103015,Michael Obi,Individual,GB,GBP,Tier2_Verified,2024-04-11,53.33
FLR-ACC-103016,Funke Bello,Individual,NG,NGN,Tier2_Verified,2022-12-25,118.6
FLR-ACC-103017,North Ventures Ltd,Business,GB,GBP,Tier2_Verified,2025-04-15,456.14
FLR-ACC-103018,Laura Ibrahim,Individual,DE,EUR,Tier2_Verified,2025-02-19,34.07
FLR-ACC-103019,Sunrise Technologies Inc,Business,US,USD,Tier1_Basic,2025-06-26,593.04
FLR-ACC-103020,Michael Okoro,Individual,GB,GBP,Tier3_Enhanced,2024-11-09,179.94
FLR-ACC-103021,Ngozi Hassan,Individual,NG,NGN,Tier2_Verified,2023-12-01,90.97
FLR-ACC-103022,Greenfield Logistics Ltd,Business,NG,NGN,Tier2_Verified,2022-10-12,177.3
FLR-ACC-103023,Femi Adeyemi,Individual,US,USD,Tier2_Verified,2025-01-23,122.88
FLR-ACC-103024,Bluewave Ventures LLC,Business,NG,NGN,Tier1_Basic,2026-01-13,869.4
FLR-ACC-103025,David Taylor,Individual,US,USD,Tier1_Basic,2025-08-03,70.07
FLR-ACC-103026,Chidi Eze,Individual,DE,EUR,Tier1_Basic,2026-04-10,108.11
FLR-ACC-103027,Sarah Balogun,Individual,GB,GBP,Tier2_Verified,2025-11-25,35.53
FLR-ACC-103028,Femi Brown,Individual,GB,GBP,Tier3_Enhanced,2024-10-29,70.03
FLR-ACC-103029,Laura Green,Individual,NG,NGN,Tier2_Verified,2025-10-22,89.54
FLR-ACC-103030,Amaka Adeyemi,Individual,NG,NGN,Tier1_Basic,2025-08-30,41.53
FLR-ACC-103031,Bluewave Logistics Co.,Business,NG,NGN,Tier2_Verified,2025-12-19,238.29
FLR-ACC-103032,Femi Okoro,Individual,GB,GBP,Tier3_Enhanced,2024-04-13,86.81
FLR-ACC-103033,James Okafor,Individual,GB,GBP,Tier2_Verified,2026-03-09,255.78
FLR-ACC-103034,Olu Yusuf,Individual,GB,GBP,Tier2_Verified,2023-10-13,16.58
FLR-ACC-103035,Grace Chukwu,Individual,NG,NGN,Tier3_Enhanced,2023-01-23,46.25
FLR-ACC-103036,Mary Johnson,Individual,GB,GBP,Tier2_Verified,2026-03-01,17.63
FLR-ACC-103037,Chioma Fashola,Individual,NG,NGN,Tier2_Verified,2024-12-12,47.21
FLR-ACC-103038,Greenfield Consulting Ltd,Business,US,USD,Tier2_Verified,2025-04-12,147.71
FLR-ACC-103039,Tobi Obi,Individual,FR,EUR,Tier3_Enhanced,2025-01-08,52.37
FLR-ACC-103040,Laura Taylor,Individual,NG,NGN,Tier2_Verified,2024-08-17,26.02
FLR-ACC-103041,Greenfield Textiles Ltd,Business,US,USD,Tier1_Basic,2025-12-30,288.35
FLR-ACC-103042,Kemi Brown,Individual,FR,EUR,Tier2_Verified,2024-08-05,26.02
FLR-ACC-103043,Urban Builders Ltd,Business,FR,EUR,Tier2_Verified,2025-03-09,1418.95
FLR-ACC-103044,Metro Retail Inc,Business,US,USD,Tier2_Verified,2026-02-24,415.59
FLR-ACC-103045,Kunle Adekunle,Individual,NG,NGN,Tier1_Basic,2026-06-19,60.35
FLR-ACC-103046,Ngozi Brown,Individual,NG,NGN,Tier2_Verified,2025-02-12,42.73
FLR-ACC-103047,Sunrise Textiles Inc,Business,NG,NGN,Tier2_Verified,2024-12-08,468.28
FLR-ACC-103048,Peter Balogun,Individual,NG,NGN,Tier3_Enhanced,2025-02-24,36.22
FLR-ACC-103049,Urban Builders Inc,Business,NG,NGN,Tier3_Enhanced,2025-01-21,468.79
FLR-ACC-103050,Greenfield Builders Ltd,Business,GB,GBP,Tier1_Basic,2025-04-08,149.63
FLR-ACC-103051,Silverline Textiles LLC,Business,US,USD,Tier2_Verified,2025-04-24,1099.62
FLR-ACC-103052,Ruth Ibrahim,Individual,NG,NGN,Tier2_Verified,2024-07-22,48.21
FLR-ACC-103053,Urban Textiles LLC,Business,DE,EUR,Tier1_Basic,2025-04-24,322.02
FLR-ACC-103054,Funke Fashola,Individual,US,USD,Tier2_Verified,2023-07-09,79.73
FLR-ACC-103055,Amaka Brown,Individual,US,USD,Tier2_Verified,2025-07-07,68.93
FLR-ACC-103056,James Bello,Individual,US,USD,Tier2_Verified,2023-10-21,115.19
FLR-ACC-103057,Emeka Johnson,Individual,GB,GBP,Tier3_Enhanced,2025-10-06,29.92
FLR-ACC-103058,Apex Ventures LLC,Business,FR,EUR,Tier2_Verified,2025-01-24,264.19
FLR-ACC-103059,Tunde Smith,Individual,GB,GBP,Tier1_Basic,2026-08-25,25.8
FLR-ACC-103060,Ruth Smith,Individual,NG,NGN,Tier2_Verified,2023-04-24,12.27
FLR-ACC-103061,Apex Consulting Inc,Business,GB,GBP,Tier2_Verified,2023-06-20,292.72
FLR-ACC-103062,Grace Obi,Individual,NG,NGN,Tier3_Enhanced,2025-07-27,20.32
FLR-ACC-103063,Laura Brown,Individual,NG,NGN,Tier2_Verified,2024-06-09,62.52
FLR-ACC-103064,Mary Ibrahim,Individual,FR,EUR,Tier2_Verified,2025-04-04,11.45
FLR-ACC-103065,Chuka Yusuf,Individual,FR,EUR,Tier2_Verified,2024-01-17,69.49
FLR-ACC-103066,Daniel Yusuf,Individual,GB,GBP,Tier2_Verified,2025-12-31,85.06
FLR-ACC-103067,Global Consulting Ltd,Business,NG,NGN,Tier2_Verified,2025-03-30,140.9
FLR-ACC-103068,North Trading LLC,Business,DE,EUR,Tier2_Verified,2026-02-21,799.24
FLR-ACC-103069,Sunrise Foods LLC,Business,US,USD,Tier2_Verified,2024-08-12,344.29
FLR-ACC-103070,Kemi Adeyemi,Individual,US,USD,Tier2_Verified,2023-06-24,67.02
FLR-ACC-103071,Apex Consulting Co.,Business,GB,GBP,Tier2_Verified,2023-11-20,307.54
FLR-ACC-103072,Apex Builders Ltd,Business,US,USD,Tier3_Enhanced,2024-07-21,37.97
FLR-ACC-103073,Peter Yusuf,Individual,DE,EUR,Tier2_Verified,2025-05-20,23.76
FLR-ACC-103074,Funke Johnson,Individual,DE,EUR,Tier2_Verified,2022-11-23,148.27
FLR-ACC-103075,Chidi Adeyemi,Individual,DE,EUR,Tier1_Basic,2024-10-04,70.17
FLR-ACC-103076,Laura Taylor,Individual,NG,NGN,Tier2_Verified,2024-08-28,37.85
FLR-ACC-103077,Chidi Ibrahim,Individual,DE,EUR,Tier1_Basic,2025-07-29,49.08
FLR-ACC-103078,Global Technologies Inc,Business,NG,NGN,Tier2_Verified,2024-05-13,439.33
FLR-ACC-103079,Chuka Johnson,Individual,NG,NGN,Tier2_Verified,2022-12-22,73.02
FLR-ACC-103080,Ruth Ibrahim,Individual,NG,NGN,Tier1_Basic,2025-11-18,63.82
FLR-ACC-103081,Sarah Johnson,Individual,NG,NGN,Tier3_Enhanced,2023-05-31,42.06
FLR-ACC-103082,Urban Ventures Co.,Business,NG,NGN,Tier2_Verified,2022-12-19,1046.12
FLR-ACC-103083,Aisha Adekunle,Individual,NG,NGN,Tier1_Basic,2024-11-23,87.66
FLR-ACC-103084,Yetunde Eze,Individual,NG,NGN,Tier2_Verified,2022-12-09,33.48
FLR-ACC-103085,Apex Consulting Co.,Business,NG,NGN,Tier3_Enhanced,2024-05-07,380.33
FLR-ACC-103086,David Eze,Individual,GB,GBP,Tier2_Verified,2025-07-13,28.13
FLR-ACC-103087,Metro Media Co.,Business,US,USD,Tier2_Verified,2024-12-04,458.56
FLR-ACC-103088,Mary Chukwu,Individual,NG,NGN,Tier2_Verified,2026-01-01,18.26
FLR-ACC-103089,Sunrise Foods Co.,Business,GB,GBP,Tier3_Enhanced,2023-06-28,594.87
FLR-ACC-103090,North Builders Inc,Business,NG,NGN,Tier2_Verified,2024-09-30,4115.54
FLR-ACC-103091,Bluewave Media Inc,Business,NG,NGN,Tier1_Basic,2023-04-20,680.66
FLR-ACC-103092,James Green,Individual,GB,GBP,Tier1_Basic,2025-10-05,45.73
FLR-ACC-103093,Tunde Johnson,Individual,NG,NGN,Tier3_Enhanced,2024-07-26,25.86
FLR-ACC-103094,Aisha Johnson,Individual,DE,EUR,Tier2_Verified,2025-10-07,14.45
FLR-ACC-103095,Metro Media Co.,Business,NG,NGN,Tier3_Enhanced,2024-07-28,86.59
FLR-ACC-103096,Blessing Hassan,Individual,GB,GBP,Tier3_Enhanced,2025-10-24,27.11
FLR-ACC-103097,Aisha Green,Individual,GB,GBP,Tier1_Basic,2026-05-13,29.18
FLR-ACC-103098,Grace Yusuf,Individual,US,USD,Tier3_Enhanced,2025-02-17,83.28
FLR-ACC-103099,Urban Textiles Ltd,Business,NG,NGN,Tier3_Enhanced,2024-01-14,160.22
FLR-ACC-103100,Tobi Ibrahim,Individual,US,USD,Tier2_Verified,2024-01-22,33.03
FLR-ACC-103101,Tobi Hassan,Individual,NG,NGN,Tier2_Verified,2023-11-19,32.35
FLR-ACC-103102,Chioma Green,Individual,NG,NGN,Tier2_Verified,2025-04-13,85.52
FLR-ACC-103103,North Builders Inc,Business,US,USD,Tier2_Verified,2025-11-08,366.76
FLR-ACC-103104,Emeka Nwosu,Individual,NG,NGN,Tier2_Verified,2024-08-27,65.24
FLR-ACC-103105,Urban Retail Ltd,Business,FR,EUR,Tier3_Enhanced,2023-06-04,732.39
FLR-ACC-103106,North Ventures Co.,Business,NG,NGN,Tier2_Verified,2023-10-15,1367.02
FLR-ACC-103107,Femi Johnson,Individual,NG,NGN,Tier3_Enhanced,2024-05-02,58.42
FLR-ACC-103108,Prime Textiles Co.,Business,NG,NGN,Tier2_Verified,2025-01-06,315.12
FLR-ACC-103109,Mary Obi,Individual,NG,NGN,Tier2_Verified,2023-11-25,60.05
FLR-ACC-103110,Olu Balogun,Individual,US,USD,Tier2_Verified,2026-04-13,102.91
FLR-ACC-103111,Musa Yusuf,Individual,NG,NGN,Tier2_Verified,2024-05-18,48.79
FLR-ACC-103112,James Johnson,Individual,FR,EUR,Tier2_Verified,2023-12-28,163.13
FLR-ACC-103113,Funke Eze,Individual,NG,NGN,Tier2_Verified,2024-08-25,100.25
FLR-ACC-103114,Tobi Green,Individual,US,USD,Tier2_Verified,2024-05-11,39.27
FLR-ACC-103115,John Fashola,Individual,NG,NGN,Tier2_Verified,2022-12-18,65.04
FLR-ACC-103116,Global Consulting LLC,Business,FR,EUR,Tier2_Verified,2024-03-26,289.72
FLR-ACC-103117,Ruth Yusuf,Individual,NG,NGN,Tier2_Verified,2025-09-11,65.99
FLR-ACC-103118,Mary Brown,Individual,NG,NGN,Tier2_Verified,2025-12-25,89.8
FLR-ACC-103119,Daniel Okafor,Individual,FR,EUR,Tier3_Enhanced,2024-08-24,48.0
FLR-ACC-103120,Daniel Taylor,Individual,NG,NGN,Tier2_Verified,2023-07-05,100.87
FLR-ACC-103121,Yetunde Balogun,Individual,US,USD,Tier3_Enhanced,2025-04-04,8.83
FLR-ACC-103122,David Taylor,Individual,GB,GBP,Tier2_Verified,2025-07-25,49.93
FLR-ACC-103123,Yetunde Johnson,Individual,US,USD,Tier1_Basic,2025-09-08,52.58
FLR-ACC-103124,Musa Fashola,Individual,NG,NGN,Tier2_Verified,2025-09-06,13.68
FLR-ACC-103125,North Media LLC,Business,NG,NGN,Tier2_Verified,2024-12-31,330.26
FLR-ACC-103126,Sunrise Foods Co.,Business,NG,NGN,Tier1_Basic,2025-07-23,170.61
FLR-ACC-103127,Michael Williams,Individual,US,USD,Tier2_Verified,2025-04-28,35.11
FLR-ACC-103128,Bluewave Foods Co.,Business,DE,EUR,Tier1_Basic,2025-09-13,333.31
FLR-ACC-103129,Ifeoma Taylor,Individual,US,USD,Tier3_Enhanced,2023-12-25,167.04
FLR-ACC-103130,Laura Green,Individual,US,USD,Tier2_Verified,2025-05-01,29.42
FLR-ACC-103131,Sunrise Consulting Inc,Business,NG,NGN,Tier1_Basic,2025-09-09,154.08
FLR-ACC-103132,Emeka Fashola,Individual,GB,GBP,Tier3_Enhanced,2024-06-27,101.09
FLR-ACC-103133,Grace Bello,Individual,DE,EUR,Tier3_Enhanced,2023-03-02,108.67
FLR-ACC-103134,Amaka Ibrahim,Individual,NG,NGN,Tier1_Basic,2023-02-15,98.22
FLR-ACC-103135,Sunrise Consulting Ltd,Business,FR,EUR,Tier2_Verified,2023-06-12,107.74
FLR-ACC-103136,Ngozi Taylor,Individual,NG,NGN,Tier2_Verified,2025-06-05,59.57
FLR-ACC-103137,Femi Nwosu,Individual,US,USD,Tier3_Enhanced,2023-05-07,57.79
FLR-ACC-103138,Ifeoma Adeyemi,Individual,FR,EUR,Tier2_Verified,2025-12-20,118.57
FLR-ACC-103139,Femi Okafor,Individual,NG,NGN,Tier3_Enhanced,2023-04-07,36.71
FLR-ACC-103140,Ben Bello,Individual,NG,NGN,Tier2_Verified,2025-11-04,74.03
FLR-ACC-103141,John Taylor,Individual,GB,GBP,Tier2_Verified,2025-01-12,6.06
FLR-ACC-103142,Musa Hassan,Individual,NG,NGN,Tier2_Verified,2026-03-18,27.56
FLR-ACC-103143,John Bello,Individual,NG,NGN,Tier2_Verified,2024-12-28,46.11
FLR-ACC-103144,Kunle Nwosu,Individual,NG,NGN,Tier2_Verified,2022-08-03,28.85
FLR-ACC-103145,Sunrise Builders Co.,Business,NG,NGN,Tier2_Verified,2025-02-26,722.39
FLR-ACC-103146,Chioma Ibrahim,Individual,NG,NGN,Tier3_Enhanced,2025-05-31,30.18
FLR-ACC-103147,Urban Ventures Co.,Business,GB,GBP,Tier1_Basic,2025-11-30,345.32
FLR-ACC-103148,Peter Johnson,Individual,NG,NGN,Tier2_Verified,2023-11-19,76.01
FLR-ACC-103149,Daniel Williams,Individual,NG,NGN,Tier3_Enhanced,2024-12-28,49.42
FLR-ACC-103150,Ngozi Nwosu,Individual,GB,GBP,Tier3_Enhanced,2024-07-08,9.22
FLR-ACC-103151,Bluewave Media Co.,Business,NG,NGN,Tier3_Enhanced,2026-01-04,337.69
FLR-ACC-103152,Ben Okafor,Individual,NG,NGN,Tier1_Basic,2023-10-15,50.99
FLR-ACC-103153,Michael Smith,Individual,NG,NGN,Tier2_Verified,2025-05-27,52.73
FLR-ACC-103154,Sunrise Media Ltd,Business,NG,NGN,Tier2_Verified,2026-01-15,4092.14
FLR-ACC-103155,Tobi Johnson,Individual,NG,NGN,Tier2_Verified,2024-07-28,48.15
FLR-ACC-103156,Emeka Hassan,Individual,FR,EUR,Tier2_Verified,2026-01-31,100.47
FLR-ACC-103157,Metro Technologies Inc,Business,NG,NGN,Tier2_Verified,2026-01-25,492.58
FLR-ACC-103158,Musa Hassan,Individual,NG,NGN,Tier3_Enhanced,2025-03-11,49.09
FLR-ACC-103159,James Bello,Individual,US,USD,Tier1_Basic,2024-04-14,226.45
FLR-ACC-103160,Sunrise Foods LLC,Business,NG,NGN,Tier3_Enhanced,2026-06-21,280.45
FLR-ACC-103161,Peter Adekunle,Individual,GB,GBP,Tier2_Verified,2024-09-16,100.11
FLR-ACC-103162,John Nwosu,Individual,FR,EUR,Tier3_Enhanced,2023-06-10,34.01
FLR-ACC-103163,Sunrise Builders LLC,Business,NG,NGN,Tier3_Enhanced,2023-08-04,517.47
FLR-ACC-103164,John Nwosu,Individual,FR,EUR,Tier2_Verified,2024-08-26,45.15
FLR-ACC-103165,Grace Okoro,Individual,GB,GBP,Tier2_Verified,2026-01-23,97.43
FLR-ACC-103166,North Ventures Ltd,Business,FR,EUR,Tier2_Verified,2025-07-25,440.52
FLR-ACC-103167,Ruth Okafor,Individual,GB,GBP,Tier3_Enhanced,2026-03-12,144.31
FLR-ACC-103168,Prime Retail LLC,Business,FR,EUR,Tier2_Verified,2025-10-22,486.31
FLR-ACC-103169,Global Technologies Co.,Business,FR,EUR,Tier2_Verified,2024-12-18,309.87
FLR-ACC-103170,Greenfield Retail Ltd,Business,FR,EUR,Tier3_Enhanced,2024-02-07,449.11
FLR-ACC-103171,Blessing Adeyemi,Individual,NG,NGN,Tier3_Enhanced,2024-05-24,137.47
FLR-ACC-103172,Mary Okafor,Individual,NG,NGN,Tier2_Verified,2024-12-15,94.86
FLR-ACC-103173,Global Consulting Ltd,Business,NG,NGN,Tier2_Verified,2023-10-14,163.33
FLR-ACC-103174,Apex Media Ltd,Business,NG,NGN,Tier3_Enhanced,2024-11-13,1178.98
FLR-ACC-103175,Aisha Nwosu,Individual,NG,NGN,Tier3_Enhanced,2023-02-14,9.45
FLR-ACC-103176,Emeka Bello,Individual,GB,GBP,Tier2_Verified,2026-08-01,76.97
FLR-ACC-103177,Musa Okafor,Individual,NG,NGN,Tier2_Verified,2025-08-26,84.23
FLR-ACC-103178,Yetunde Obi,Individual,NG,NGN,Tier2_Verified,2026-03-20,57.98
FLR-ACC-103179,Peter Williams,Individual,GB,GBP,Tier1_Basic,2026-07-19,66.65
FLR-ACC-103180,Ifeoma Yusuf,Individual,NG,NGN,Tier3_Enhanced,2024-07-30,52.96
FLR-ACC-103181,Kemi Hassan,Individual,GB,GBP,Tier3_Enhanced,2025-08-24,38.18
FLR-ACC-103182,Michael Chukwu,Individual,NG,NGN,Tier3_Enhanced,2023-07-22,21.23
FLR-ACC-103183,Chuka Obi,Individual,NG,NGN,Tier2_Verified,2023-06-14,32.32
FLR-ACC-103184,Mary Johnson,Individual,NG,NGN,Tier3_Enhanced,2023-11-08,39.68
FLR-ACC-103185,Tobi Adeyemi,Individual,US,USD,Tier2_Verified,2025-07-25,44.91
FLR-ACC-103186,James Fashola,Individual,NG,NGN,Tier2_Verified,2024-07-15,14.68
FLR-ACC-103187,Sunrise Consulting Inc,Business,NG,NGN,Tier2_Verified,2025-07-28,1430.7
FLR-ACC-103188,Ifeoma Yusuf,Individual,NG,NGN,Tier3_Enhanced,2026-04-20,125.25
FLR-ACC-103189,Blessing Johnson,Individual,DE,EUR,Tier2_Verified,2024-10-19,221.34
FLR-ACC-103190,Global Consulting Co.,Business,FR,EUR,Tier1_Basic,2024-02-20,530.13
FLR-ACC-103191,North Consulting Co.,Business,US,USD,Tier2_Verified,2024-12-14,1299.84
FLR-ACC-103192,Sunrise Foods LLC,Business,NG,NGN,Tier2_Verified,2023-10-28,300.7
FLR-ACC-103193,Chidi Adeyemi,Individual,GB,GBP,Tier2_Verified,2025-09-25,73.16
FLR-ACC-103194,Peter Obi,Individual,NG,NGN,Tier2_Verified,2025-05-08,60.25
FLR-ACC-103195,David Adeyemi,Individual,US,USD,Tier3_Enhanced,2022-07-20,25.89
FLR-ACC-103196,Olu Balogun,Individual,NG,NGN,Tier3_Enhanced,2024-02-02,45.87
FLR-ACC-103197,Prime Media Co.,Business,NG,NGN,Tier3_Enhanced,2024-09-22,426.76
FLR-ACC-103198,Silverline Foods Ltd,Business,US,USD,Tier2_Verified,2025-11-05,189.27
FLR-ACC-103199,Peter Adeyemi,Individual,NG,NGN,Tier1_Basic,2025-05-06,74.16
FLR-ACC-103200,Silverline Technologies LLC,Business,NG,NGN,Tier2_Verified,2025-10-06,541.44
FLR-ACC-103201,Peter Bello,Individual,NG,NGN,Tier2_Verified,2023-12-13,31.89
FLR-ACC-103202,Bluewave Foods LLC,Business,NG,NGN,Tier3_Enhanced,2025-10-17,158.57
FLR-ACC-103203,Chioma Okoro,Individual,GB,GBP,Tier2_Verified,2025-12-16,114.32
FLR-ACC-103204,Laura Brown,Individual,DE,EUR,Tier3_Enhanced,2025-04-13,94.58
FLR-ACC-103205,Kemi Eze,Individual,GB,GBP,Tier2_Verified,2026-02-23,45.4
FLR-ACC-103206,Prime Ventures Co.,Business,NG,NGN,Tier2_Verified,2024-02-05,737.31
FLR-ACC-103207,Prime Retail Ltd,Business,GB,GBP,Tier2_Verified,2023-03-23,610.09
FLR-ACC-103208,Greenfield Textiles Co.,Business,DE,EUR,Tier2_Verified,2025-02-10,186.26
FLR-ACC-103209,North Consulting Co.,Business,US,USD,Tier1_Basic,2024-09-11,508.25
FLR-ACC-103210,Urban Consulting Co.,Business,US,USD,Tier2_Verified,2024-11-16,364.28
FLR-ACC-103211,Blessing Williams,Individual,NG,NGN,Tier2_Verified,2025-07-13,75.87
FLR-ACC-103212,North Logistics Co.,Business,NG,NGN,Tier2_Verified,2025-02-05,237.52
FLR-ACC-103213,Aisha Balogun,Individual,DE,EUR,Tier3_Enhanced,2023-03-05,22.55
FLR-ACC-103214,Chioma Taylor,Individual,NG,NGN,Tier2_Verified,2023-07-16,27.92
FLR-ACC-103215,Musa Okoro,Individual,US,USD,Tier1_Basic,2024-10-31,24.05
FLR-ACC-103216,Silverline Trading LLC,Business,US,USD,Tier2_Verified,2025-03-22,553.76
FLR-ACC-103217,Prime Builders Inc,Business,US,USD,Tier2_Verified,2025-12-04,123.5
FLR-ACC-103218,James Adekunle,Individual,GB,GBP,Tier2_Verified,2025-06-07,87.66
FLR-ACC-103219,Global Trading Co.,Business,NG,NGN,Tier3_Enhanced,2022-12-18,441.05
FLR-ACC-103220,Metro Ventures LLC,Business,US,USD,Tier2_Verified,2024-11-25,1333.63
FLR-ACC-103221,Blessing Brown,Individual,GB,GBP,Tier3_Enhanced,2022-10-21,114.2
FLR-ACC-103222,Ruth Williams,Individual,US,USD,Tier1_Basic,2025-05-03,34.75
FLR-ACC-103223,Amaka Ibrahim,Individual,NG,NGN,Tier3_Enhanced,2022-10-26,100.69
FLR-ACC-103224,Ben Hassan,Individual,NG,NGN,Tier3_Enhanced,2024-11-25,130.43
FLR-ACC-103225,Silverline Media LLC,Business,US,USD,Tier3_Enhanced,2024-12-18,836.83
FLR-ACC-103226,Silverline Ventures Inc,Business,NG,NGN,Tier2_Verified,2024-08-11,716.05
FLR-ACC-103227,Femi Taylor,Individual,DE,EUR,Tier2_Verified,2025-07-20,44.9
FLR-ACC-103228,Kemi Eze,Individual,NG,NGN,Tier1_Basic,2025-07-03,60.1
FLR-ACC-103229,Grace Okafor,Individual,FR,EUR,Tier2_Verified,2025-12-14,213.77
FLR-ACC-103230,Chuka Adekunle,Individual,FR,EUR,Tier3_Enhanced,2024-08-26,29.73
FLR-ACC-103231,Musa Adeyemi,Individual,NG,NGN,Tier3_Enhanced,2025-05-30,97.82
FLR-ACC-103232,Yetunde Obi,Individual,NG,NGN,Tier3_Enhanced,2025-01-30,50.3
FLR-ACC-103233,Amaka Adekunle,Individual,DE,EUR,Tier2_Verified,2025-02-02,21.8
FLR-ACC-103234,Musa Adekunle,Individual,FR,EUR,Tier2_Verified,2024-12-18,93.19
FLR-ACC-103235,Sunrise Retail Inc,Business,US,USD,Tier3_Enhanced,2023-06-07,2316.0
FLR-ACC-103236,Greenfield Foods LLC,Business,US,USD,Tier2_Verified,2025-11-26,1349.8
FLR-ACC-103237,Ifeoma Adekunle,Individual,GB,GBP,Tier3_Enhanced,2023-06-24,285.51
FLR-ACC-103238,Laura Fashola,Individual,US,USD,Tier2_Verified,2026-03-03,136.0
FLR-ACC-103239,Global Foods LLC,Business,NG,NGN,Tier2_Verified,2025-07-17,1771.24
FLR-ACC-103240,North Trading LLC,Business,DE,EUR,Tier3_Enhanced,2024-08-04,498.74
FLR-ACC-103241,Amaka Hassan,Individual,NG,NGN,Tier3_Enhanced,2026-01-24,52.04
FLR-ACC-103242,Tunde Green,Individual,FR,EUR,Tier2_Verified,2024-01-08,60.28
FLR-ACC-103243,North Textiles Ltd,Business,US,USD,Tier2_Verified,2025-10-06,514.65
FLR-ACC-103244,Kunle Green,Individual,NG,NGN,Tier1_Basic,2025-02-09,51.76
FLR-ACC-103245,John Chukwu,Individual,GB,GBP,Tier1_Basic,2025-04-27,52.29
FLR-ACC-103246,Sarah Okoro,Individual,US,USD,Tier3_Enhanced,2025-04-30,62.57
FLR-ACC-103247,Ngozi Chukwu,Individual,NG,NGN,Tier1_Basic,2026-06-11,51.58
FLR-ACC-103248,Apex Textiles LLC,Business,GB,GBP,Tier2_Verified,2026-01-19,168.19
FLR-ACC-103249,Funke Chukwu,Individual,DE,EUR,Tier2_Verified,2025-11-07,22.04
FLR-ACC-103250,Apex Consulting Ltd,Business,NG,NGN,Tier2_Verified,2023-10-10,392.0
FLR-ACC-103251,Ngozi Brown,Individual,US,USD,Tier1_Basic,2025-11-11,238.27
FLR-ACC-103252,Bluewave Media Ltd,Business,NG,NGN,Tier1_Basic,2023-02-13,1350.16
FLR-ACC-103253,Tunde Okoro,Individual,NG,NGN,Tier2_Verified,2026-03-07,57.38
FLR-ACC-103254,Emeka Johnson,Individual,DE,EUR,Tier3_Enhanced,2024-08-13,59.19
FLR-ACC-103255,Chidi Fashola,Individual,GB,GBP,Tier3_Enhanced,2025-08-25,112.27
FLR-ACC-103256,Emeka Okafor,Individual,US,USD,Tier3_Enhanced,2024-04-22,14.76
FLR-ACC-103257,Blessing Okafor,Individual,FR,EUR,Tier3_Enhanced,2024-10-03,186.33
FLR-ACC-103258,Tobi Nwosu,Individual,NG,NGN,Tier2_Verified,2025-07-21,12.81
FLR-ACC-103259,Mary Hassan,Individual,DE,EUR,Tier2_Verified,2024-06-25,72.68
FLR-ACC-103260,Yetunde Fashola,Individual,NG,NGN,Tier3_Enhanced,2024-04-01,25.05
FLR-ACC-103261,Ben Ibrahim,Individual,US,USD,Tier3_Enhanced,2024-01-28,208.46
FLR-ACC-103262,James Nwosu,Individual,US,USD,Tier1_Basic,2025-03-29,81.82
FLR-ACC-103263,Bluewave Builders Inc,Business,NG,NGN,Tier2_Verified,2025-11-11,1346.25
FLR-ACC-103264,Michael Nwosu,Individual,US,USD,Tier2_Verified,2025-12-14,15.01
FLR-ACC-103265,Greenfield Consulting Co.,Business,NG,NGN,Tier2_Verified,2025-10-22,362.49
FLR-ACC-103266,Global Consulting Inc,Business,DE,EUR,Tier3_Enhanced,2026-01-21,1311.85
FLR-ACC-103267,Daniel Adekunle,Individual,NG,NGN,Tier2_Verified,2025-02-03,19.91
FLR-ACC-103268,Urban Trading Co.,Business,NG,NGN,Tier3_Enhanced,2024-09-12,1735.36
FLR-ACC-103269,Amaka Green,Individual,NG,NGN,Tier2_Verified,2024-11-07,70.0
FLR-ACC-103270,David Nwosu,Individual,NG,NGN,Tier3_Enhanced,2025-11-11,53.82
FLR-ACC-103271,Apex Retail Inc,Business,US,USD,Tier2_Verified,2023-07-09,2908.83
FLR-ACC-103272,Apex Media Ltd,Business,FR,EUR,Tier1_Basic,2026-05-20,238.15
FLR-ACC-103273,Ben Nwosu,Individual,DE,EUR,Tier3_Enhanced,2025-03-05,67.08
FLR-ACC-103274,Bluewave Technologies Ltd,Business,GB,GBP,Tier3_Enhanced,2025-04-14,371.2
FLR-ACC-103275,Daniel Okoro,Individual,FR,EUR,Tier3_Enhanced,2024-04-11,29.42
FLR-ACC-103276,John Obi,Individual,DE,EUR,Tier3_Enhanced,2023-01-25,223.85
FLR-ACC-103277,Funke Okoro,Individual,GB,GBP,Tier2_Verified,2026-03-20,13.69
FLR-ACC-103278,Blessing Eze,Individual,NG,NGN,Tier3_Enhanced,2025-01-23,59.68
FLR-ACC-103279,Emeka Johnson,Individual,NG,NGN,Tier2_Verified,2025-12-01,101.11
FLR-ACC-103280,Grace Taylor,Individual,NG,NGN,Tier2_Verified,2025-12-30,17.67
FLR-ACC-103281,Grace Adeyemi,Individual,NG,NGN,Tier2_Verified,2026-01-29,56.75
FLR-ACC-103282,Apex Ventures LLC,Business,US,USD,Tier3_Enhanced,2023-07-04,375.88
FLR-ACC-103283,Global Technologies Ltd,Business,NG,NGN,Tier2_Verified,2026-07-22,330.07
FLR-ACC-103284,John Ibrahim,Individual,NG,NGN,Tier1_Basic,2026-02-27,29.44
FLR-ACC-103285,Amaka Yusuf,Individual,NG,NGN,Tier3_Enhanced,2023-08-12,292.72
FLR-ACC-103286,Amaka Okafor,Individual,GB,GBP,Tier3_Enhanced,2024-11-11,63.08
FLR-ACC-103287,John Chukwu,Individual,FR,EUR,Tier2_Verified,2025-12-15,75.51
FLR-ACC-103288,Tunde Chukwu,Individual,NG,NGN,Tier3_Enhanced,2022-12-06,6.88
FLR-ACC-103289,North Retail Ltd,Business,NG,NGN,Tier3_Enhanced,2023-10-09,177.05
FLR-ACC-103290,Michael Williams,Individual,FR,EUR,Tier3_Enhanced,2023-05-11,23.56
FLR-ACC-103291,Global Ventures Co.,Business,NG,NGN,Tier1_Basic,2026-06-13,251.36
FLR-ACC-103292,Metro Retail LLC,Business,DE,EUR,Tier2_Verified,2025-01-18,335.77
FLR-ACC-103293,Mary Smith,Individual,US,USD,Tier1_Basic,2024-01-25,160.04
FLR-ACC-103294,Ruth Johnson,Individual,NG,NGN,Tier2_Verified,2024-02-17,41.91
FLR-ACC-103295,David Adeyemi,Individual,NG,NGN,Tier3_Enhanced,2025-09-03,63.13
FLR-ACC-103296,Daniel Hassan,Individual,US,USD,Tier2_Verified,2023-02-18,82.94
FLR-ACC-103297,Apex Media Inc,Business,GB,GBP,Tier2_Verified,2025-05-05,10469.65
FLR-ACC-103298,Peter Chukwu,Individual,NG,NGN,Tier3_Enhanced,2025-01-27,38.66
FLR-ACC-103299,Chidi Balogun,Individual,GB,GBP,Tier3_Enhanced,2024-11-25,45.0
FLR-ACC-103300,Prime Ventures Inc,Business,NG,NGN,Tier3_Enhanced,2024-07-29,2983.62
FLR-ACC-103301,Chuka Okafor,Individual,NG,NGN,Tier3_Enhanced,2025-05-28,93.14
FLR-ACC-103302,Ben Obi,Individual,NG,NGN,Tier1_Basic,2025-01-28,36.94
FLR-ACC-103303,Ifeoma Obi,Individual,GB,GBP,Tier1_Basic,2025-06-04,70.71
FLR-ACC-103304,Chioma Smith,Individual,NG,NGN,Tier2_Verified,2025-11-02,37.98
FLR-ACC-103305,Apex Textiles Inc,Business,NG,NGN,Tier1_Basic,2025-11-06,945.14
FLR-ACC-103306,Kemi Hassan,Individual,DE,EUR,Tier2_Verified,2026-03-03,21.7
FLR-ACC-103307,Tunde Chukwu,Individual,GB,GBP,Tier3_Enhanced,2025-10-09,35.72
FLR-ACC-103308,Prime Technologies Co.,Business,US,USD,Tier3_Enhanced,2024-07-17,87.3
FLR-ACC-103309,Kemi Williams,Individual,NG,NGN,Tier3_Enhanced,2024-02-22,130.58
FLR-ACC-103310,Silverline Consulting LLC,Business,NG,NGN,Tier2_Verified,2024-08-24,1625.91
FLR-ACC-103311,Amaka Hassan,Individual,GB,GBP,Tier2_Verified,2024-09-19,179.42
FLR-ACC-103312,Laura Williams,Individual,NG,NGN,Tier3_Enhanced,2022-10-27,36.2
FLR-ACC-103313,Laura Balogun,Individual,NG,NGN,Tier2_Verified,2024-05-11,30.07
FLR-ACC-103314,Silverline Foods Inc,Business,US,USD,Tier2_Verified,2025-02-22,521.4
FLR-ACC-103315,Ruth Fashola,Individual,US,USD,Tier3_Enhanced,2024-11-25,47.42
FLR-ACC-103316,Kunle Nwosu,Individual,GB,GBP,Tier2_Verified,2025-08-29,145.06
FLR-ACC-103317,Ifeoma Bello,Individual,NG,NGN,Tier3_Enhanced,2023-08-27,142.66
FLR-ACC-103318,Funke Chukwu,Individual,GB,GBP,Tier3_Enhanced,2025-02-19,10.13
FLR-ACC-103319,Sarah Balogun,Individual,US,USD,Tier3_Enhanced,2024-02-14,63.07
FLR-ACC-103320,Olu Brown,Individual,NG,NGN,Tier3_Enhanced,2025-11-11,46.39
FLR-ACC-103321,Global Trading Co.,Business,NG,NGN,Tier1_Basic,2025-09-26,189.84
FLR-ACC-103322,Blessing Brown,Individual,NG,NGN,Tier1_Basic,2025-10-09,41.69
FLR-ACC-103323,Laura Green,Individual,NG,NGN,Tier3_Enhanced,2023-06-17,60.48
FLR-ACC-103324,Kunle Ibrahim,Individual,FR,EUR,Tier2_Verified,2025-12-12,60.43
FLR-ACC-103325,Daniel Balogun,Individual,NG,NGN,Tier3_Enhanced,2025-03-25,32.09
FLR-ACC-103326,Apex Builders Ltd,Business,GB,GBP,Tier2_Verified,2024-07-27,45.15
FLR-ACC-103327,Daniel Johnson,Individual,FR,EUR,Tier2_Verified,2023-11-17,32.99
FLR-ACC-103328,Prime Consulting Co.,Business,NG,NGN,Tier2_Verified,2024-09-30,142.51
FLR-ACC-103329,Aisha Williams,Individual,GB,GBP,Tier2_Verified,2026-01-05,137.22
FLR-ACC-103330,Silverline Builders Inc,Business,NG,NGN,Tier3_Enhanced,2026-03-19,1996.64
FLR-ACC-103331,Greenfield Textiles Co.,Business,US,USD,Tier3_Enhanced,2023-08-28,346.62
FLR-ACC-103332,Daniel Okafor,Individual,NG,NGN,Tier3_Enhanced,2026-02-06,33.65
FLR-ACC-103333,Greenfield Trading LLC,Business,NG,NGN,Tier2_Verified,2026-07-24,519.23
FLR-ACC-103334,Apex Consulting Ltd,Business,NG,NGN,Tier1_Basic,2024-07-13,1546.55
FLR-ACC-103335,Tobi Brown,Individual,GB,GBP,Tier2_Verified,2025-09-08,50.82
FLR-ACC-103336,Tobi Bello,Individual,NG,NGN,Tier2_Verified,2025-07-01,23.64
FLR-ACC-103337,James Chukwu,Individual,NG,NGN,Tier2_Verified,2025-04-04,96.43
FLR-ACC-103338,Sarah Taylor,Individual,NG,NGN,Tier2_Verified,2025-12-02,13.13
FLR-ACC-103339,Greenfield Textiles Co.,Business,NG,NGN,Tier2_Verified,2024-10-17,103.49
FLR-ACC-103340,Prime Consulting Co.,Business,FR,EUR,Tier2_Verified,2026-07-30,403.21
FLR-ACC-103341,Musa Fashola,Individual,NG,NGN,Tier3_Enhanced,2025-07-04,43.39
FLR-ACC-103342,Michael Okafor,Individual,FR,EUR,Tier3_Enhanced,2023-06-17,44.0
FLR-ACC-103343,Peter Obi,Individual,GB,GBP,Tier3_Enhanced,2025-12-11,91.68
FLR-ACC-103344,Ngozi Balogun,Individual,NG,NGN,Tier2_Verified,2026-04-11,227.02
FLR-ACC-103345,Ruth Eze,Individual,US,USD,Tier1_Basic,2025-05-14,118.22
FLR-ACC-103346,Bluewave Ventures Co.,Business,FR,EUR,Tier1_Basic,2026-05-20,797.52
FLR-ACC-103347,Sunrise Consulting Co.,Business,NG,NGN,Tier2_Verified,2025-02-04,1187.39
FLR-ACC-103348,Metro Foods Co.,Business,US,USD,Tier1_Basic,2026-05-06,723.15
FLR-ACC-103349,Emeka Chukwu,Individual,US,USD,Tier1_Basic,2026-05-06,201.09
FLR-ACC-103350,Greenfield Retail LLC,Business,GB,GBP,Tier2_Verified,2025-06-10,473.9
FLR-ACC-103351,Global Textiles Inc,Business,NG,NGN,Tier2_Verified,2024-05-05,1042.6
FLR-ACC-103352,Ifeoma Smith,Individual,NG,NGN,Tier3_Enhanced,2024-03-13,146.94
FLR-ACC-103353,Daniel Nwosu,Individual,US,USD,Tier3_Enhanced,2023-08-30,72.5
FLR-ACC-103354,Blessing Chukwu,Individual,US,USD,Tier3_Enhanced,2025-03-16,100.44
FLR-ACC-103355,Metro Consulting LLC,Business,US,USD,Tier2_Verified,2025-09-03,408.43
FLR-ACC-103356,Olu Hassan,Individual,NG,NGN,Tier3_Enhanced,2024-03-28,67.98
FLR-ACC-103357,Global Foods Inc,Business,US,USD,Tier2_Verified,2024-10-02,111.22
FLR-ACC-103358,Chuka Williams,Individual,NG,NGN,Tier3_Enhanced,2023-09-11,53.22
FLR-ACC-103359,Ngozi Hassan,Individual,DE,EUR,Tier1_Basic,2026-01-04,53.17
FLR-ACC-103360,North Foods Co.,Business,NG,NGN,Tier2_Verified,2024-11-18,354.13
FLR-ACC-103361,Bluewave Retail Ltd,Business,GB,GBP,Tier3_Enhanced,2025-02-15,108.38
FLR-ACC-103362,Metro Consulting LLC,Business,GB,GBP,Tier2_Verified,2025-07-01,134.8
FLR-ACC-103363,Olu Taylor,Individual,DE,EUR,Tier3_Enhanced,2023-12-23,31.25
FLR-ACC-103364,Prime Foods Co.,Business,US,USD,Tier3_Enhanced,2023-08-02,473.14
FLR-ACC-103365,John Eze,Individual,GB,GBP,Tier2_Verified,2024-11-02,24.96
FLR-ACC-103366,Kunle Bello,Individual,NG,NGN,Tier1_Basic,2026-06-17,31.17
FLR-ACC-103367,Silverline Media LLC,Business,NG,NGN,Tier2_Verified,2026-05-27,890.08
FLR-ACC-103368,Greenfield Retail Ltd,Business,NG,NGN,Tier3_Enhanced,2024-07-16,1043.76
FLR-ACC-103369,Metro Foods Ltd,Business,NG,NGN,Tier2_Verified,2026-01-04,501.83
FLR-ACC-103370,Tunde Johnson,Individual,NG,NGN,Tier3_Enhanced,2023-12-25,17.27
FLR-ACC-103371,Funke Obi,Individual,GB,GBP,Tier2_Verified,2025-12-01,25.09
FLR-ACC-103372,Metro Foods Ltd,Business,DE,EUR,Tier2_Verified,2023-07-24,286.76
FLR-ACC-103373,Mary Taylor,Individual,GB,GBP,Tier3_Enhanced,2025-07-31,28.41
FLR-ACC-103374,Funke Chukwu,Individual,US,USD,Tier3_Enhanced,2025-11-09,64.17
FLR-ACC-103375,Silverline Media LLC,Business,NG,NGN,Tier2_Verified,2025-09-06,912.93
FLR-ACC-103376,Olu Hassan,Individual,FR,EUR,Tier3_Enhanced,2024-08-22,60.11
FLR-ACC-103377,Greenfield Builders Ltd,Business,NG,NGN,Tier3_Enhanced,2024-12-03,1051.66
FLR-ACC-103378,Silverline Trading LLC,Business,NG,NGN,Tier2_Verified,2025-02-07,529.62
FLR-ACC-103379,Global Ventures Co.,Business,NG,NGN,Tier3_Enhanced,2025-03-02,335.43
FLR-ACC-103380,Greenfield Ventures Inc,Business,DE,EUR,Tier3_Enhanced,2024-12-24,245.42
FLR-ACC-103381,North Media Co.,Business,NG,NGN,Tier2_Verified,2024-04-29,1031.25
FLR-ACC-103382,North Media LLC,Business,NG,NGN,Tier3_Enhanced,2026-03-12,475.39
FLR-ACC-103383,Grace Smith,Individual,NG,NGN,Tier3_Enhanced,2023-11-02,84.37
FLR-ACC-103384,Sarah Green,Individual,US,USD,Tier2_Verified,2025-07-28,66.27
FLR-ACC-103385,Silverline Builders LLC,Business,NG,NGN,Tier2_Verified,2025-03-16,223.34
FLR-ACC-103386,Prime Trading LLC,Business,NG,NGN,Tier2_Verified,2024-02-26,7204.1
FLR-ACC-103387,Grace Balogun,Individual,GB,GBP,Tier2_Verified,2025-08-05,111.29
FLR-ACC-103388,Aisha Johnson,Individual,US,USD,Tier1_Basic,2025-09-17,85.15
FLR-ACC-103389,Ruth Johnson,Individual,NG,NGN,Tier2_Verified,2024-06-25,37.36
FLR-ACC-103390,James Fashola,Individual,NG,NGN,Tier3_Enhanced,2025-02-19,15.92
FLR-ACC-103391,Urban Media Inc,Business,NG,NGN,Tier2_Verified,2022-08-12,750.51
FLR-ACC-103392,Global Consulting Co.,Business,NG,NGN,Tier1_Basic,2026-03-04,1539.65
FLR-ACC-103393,Femi Adekunle,Individual,US,USD,Tier1_Basic,2025-05-21,71.05
FLR-ACC-103394,Ifeoma Green,Individual,NG,NGN,Tier2_Verified,2025-03-18,82.99
FLR-ACC-103395,Kunle Chukwu,Individual,NG,NGN,Tier3_Enhanced,2024-03-02,62.43
FLR-ACC-103396,Aisha Bello,Individual,US,USD,Tier2_Verified,2022-06-17,21.9
FLR-ACC-103397,Chidi Nwosu,Individual,NG,NGN,Tier2_Verified,2025-05-13,118.74
FLR-ACC-103398,Yetunde Ibrahim,Individual,US,USD,Tier2_Verified,2025-06-21,56.68
FLR-ACC-103399,Chidi Green,Individual,US,USD,Tier2_Verified,2024-05-26,98.27
FLR-ACC-103400,Urban Technologies LLC,Business,US,USD,Tier2_Verified,2024-10-19,2073.59
FLR-ACC-103401,Blessing Hassan,Individual,US,USD,Tier1_Basic,2025-06-06,169.02
FLR-ACC-103402,North Media Co.,Business,NG,NGN,Tier1_Basic,2026-04-04,380.24
FLR-ACC-103403,Mary Yusuf,Individual,US,USD,Tier3_Enhanced,2024-04-22,94.97
FLR-ACC-103404,James Hassan,Individual,NG,NGN,Tier2_Verified,2025-07-07,32.51
FLR-ACC-103405,North Trading Inc,Business,FR,EUR,Tier1_Basic,2025-11-24,201.88
FLR-ACC-103406,Ben Eze,Individual,FR,EUR,Tier3_Enhanced,2024-08-26,19.82
FLR-ACC-103407,Urban Media Inc,Business,FR,EUR,Tier2_Verified,2025-05-12,470.72
FLR-ACC-103408,North Builders LLC,Business,NG,NGN,Tier2_Verified,2025-01-04,1382.95
FLR-ACC-103409,North Builders LLC,Business,NG,NGN,Tier3_Enhanced,2022-11-26,906.76
FLR-ACC-103410,Kemi Obi,Individual,US,USD,Tier3_Enhanced,2025-02-17,24.64
FLR-ACC-103411,Grace Yusuf,Individual,GB,GBP,Tier2_Verified,2024-10-19,108.86
FLR-ACC-103412,Bluewave Trading LLC,Business,NG,NGN,Tier2_Verified,2025-09-18,628.59
FLR-ACC-103413,Prime Builders LLC,Business,US,USD,Tier3_Enhanced,2024-12-19,569.85
FLR-ACC-103414,Yetunde Adeyemi,Individual,US,USD,Tier2_Verified,2025-10-24,279.53
FLR-ACC-103415,Funke Brown,Individual,NG,NGN,Tier2_Verified,2024-06-02,86.83
FLR-ACC-103416,Silverline Trading Co.,Business,NG,NGN,Tier2_Verified,2025-09-20,781.81
FLR-ACC-103417,Chidi Nwosu,Individual,NG,NGN,Tier3_Enhanced,2022-12-30,106.6
FLR-ACC-103418,Amaka Smith,Individual,GB,GBP,Tier2_Verified,2025-03-22,79.39
FLR-ACC-103419,James Smith,Individual,US,USD,Tier3_Enhanced,2023-11-10,37.11
FLR-ACC-103420,Ruth Johnson,Individual,NG,NGN,Tier2_Verified,2025-04-29,15.55
FLR-ACC-103421,Ruth Chukwu,Individual,DE,EUR,Tier3_Enhanced,2025-03-13,44.83
FLR-ACC-103422,Prime Logistics LLC,Business,NG,NGN,Tier1_Basic,2025-12-24,413.35
FLR-ACC-103423,Global Consulting Inc,Business,US,USD,Tier2_Verified,2025-07-14,81.75
FLR-ACC-103424,Aisha Okoro,Individual,NG,NGN,Tier2_Verified,2025-07-11,28.76
FLR-ACC-103425,Bluewave Media Co.,Business,DE,EUR,Tier2_Verified,2024-06-05,648.98
FLR-ACC-103426,Global Logistics LLC,Business,NG,NGN,Tier2_Verified,2024-04-17,277.84
FLR-ACC-103427,North Foods Co.,Business,GB,GBP,Tier2_Verified,2024-04-16,217.4
FLR-ACC-103428,Metro Textiles Ltd,Business,NG,NGN,Tier1_Basic,2026-03-20,390.15
FLR-ACC-103429,Ngozi Eze,Individual,NG,NGN,Tier2_Verified,2024-02-29,35.07
FLR-ACC-103430,Ruth Obi,Individual,DE,EUR,Tier2_Verified,2024-12-02,49.4
FLR-ACC-103431,Metro Consulting Co.,Business,GB,GBP,Tier3_Enhanced,2024-01-05,806.93
FLR-ACC-103432,Femi Okafor,Individual,NG,NGN,Tier2_Verified,2024-04-29,75.39
FLR-ACC-103433,Chuka Nwosu,Individual,NG,NGN,Tier2_Verified,2024-09-26,68.96
FLR-ACC-103434,Sunrise Technologies LLC,Business,NG,NGN,Tier1_Basic,2025-11-29,869.55
FLR-ACC-103435,Sunrise Builders LLC,Business,NG,NGN,Tier2_Verified,2025-10-19,949.29
FLR-ACC-103436,Greenfield Technologies LLC,Business,NG,NGN,Tier2_Verified,2025-09-20,303.26
FLR-ACC-103437,Ngozi Johnson,Individual,NG,NGN,Tier1_Basic,2026-02-22,85.03
FLR-ACC-103438,Ifeoma Brown,Individual,NG,NGN,Tier2_Verified,2025-08-04,98.82
FLR-ACC-103439,Urban Trading Inc,Business,US,USD,Tier2_Verified,2024-12-21,775.89
FLR-ACC-103440,Olu Chukwu,Individual,US,USD,Tier2_Verified,2025-01-27,184.63
FLR-ACC-103441,Ruth Adekunle,Individual,NG,NGN,Tier2_Verified,2025-03-09,87.83
FLR-ACC-103442,Metro Logistics LLC,Business,US,USD,Tier2_Verified,2024-03-29,391.21
FLR-ACC-103443,Global Technologies Inc,Business,NG,NGN,Tier2_Verified,2025-08-30,995.62
FLR-ACC-103444,Urban Builders Ltd,Business,US,USD,Tier3_Enhanced,2025-01-19,1030.88
FLR-ACC-103445,Ben Balogun,Individual,GB,GBP,Tier2_Verified,2024-02-06,46.03
FLR-ACC-103446,John Hassan,Individual,NG,NGN,Tier3_Enhanced,2024-10-03,18.64
FLR-ACC-103447,Silverline Consulting Ltd,Business,US,USD,Tier1_Basic,2026-03-06,349.28
FLR-ACC-103448,Bluewave Retail LLC,Business,NG,NGN,Tier3_Enhanced,2024-09-23,787.0
FLR-ACC-103449,Femi Adekunle,Individual,US,USD,Tier2_Verified,2023-10-03,33.78
FLR-ACC-103450,Tunde Okoro,Individual,NG,NGN,Tier2_Verified,2023-03-22,43.04
FLR-ACC-103451,John Obi,Individual,US,USD,Tier1_Basic,2026-05-18,74.1
FLR-ACC-103452,Kunle Green,Individual,NG,NGN,Tier3_Enhanced,2024-10-13,24.63
FLR-ACC-103453,Greenfield Retail Ltd,Business,US,USD,Tier3_Enhanced,2025-04-13,1533.32
FLR-ACC-103454,Femi Chukwu,Individual,GB,GBP,Tier2_Verified,2025-07-03,49.2
FLR-ACC-103455,Metro Textiles Inc,Business,US,USD,Tier2_Verified,2025-07-27,1086.14
FLR-ACC-103456,North Foods Ltd,Business,US,USD,Tier2_Verified,2024-03-09,1017.61
FLR-ACC-103457,Kunle Johnson,Individual,US,USD,Tier3_Enhanced,2025-03-23,44.79
FLR-ACC-103458,Apex Consulting Inc,Business,NG,NGN,Tier2_Verified,2025-12-13,396.49
FLR-ACC-103459,Michael Fashola,Individual,DE,EUR,Tier2_Verified,2025-02-15,162.41
FLR-ACC-103460,Ben Yusuf,Individual,DE,EUR,Tier2_Verified,2024-08-04,100.02
FLR-ACC-103461,David Johnson,Individual,NG,NGN,Tier2_Verified,2026-07-02,34.98
FLR-ACC-103462,Aisha Williams,Individual,DE,EUR,Tier2_Verified,2025-05-11,45.53
FLR-ACC-103463,Sunrise Technologies LLC,Business,US,USD,Tier3_Enhanced,2024-01-19,462.73
FLR-ACC-103464,Global Ventures Ltd,Business,NG,NGN,Tier2_Verified,2024-07-01,253.65
FLR-ACC-103465,Chuka Adeyemi,Individual,NG,NGN,Tier3_Enhanced,2025-05-24,165.36
FLR-ACC-103466,Chidi Brown,Individual,NG,NGN,Tier1_Basic,2023-03-08,105.56
FLR-ACC-103467,Sunrise Foods LLC,Business,NG,NGN,Tier2_Verified,2024-08-01,1746.57
FLR-ACC-103468,Olu Balogun,Individual,NG,NGN,Tier1_Basic,2026-07-31,102.5
FLR-ACC-103469,Daniel Okafor,Individual,US,USD,Tier1_Basic,2023-11-06,78.18
FLR-ACC-103470,Ifeoma Bello,Individual,NG,NGN,Tier3_Enhanced,2025-03-21,124.06
FLR-ACC-103471,Global Retail Ltd,Business,NG,NGN,Tier2_Verified,2024-07-24,6029.82
FLR-ACC-103472,Femi Adeyemi,Individual,GB,GBP,Tier2_Verified,2025-08-04,82.98
FLR-ACC-103473,Aisha Balogun,Individual,NG,NGN,Tier2_Verified,2025-11-12,49.5
FLR-ACC-103474,Ifeoma Eze,Individual,US,USD,Tier2_Verified,2024-12-18,35.19
FLR-ACC-103475,Global Technologies Inc,Business,NG,NGN,Tier3_Enhanced,2024-12-21,208.45
FLR-ACC-103476,Kunle Yusuf,Individual,US,USD,Tier2_Verified,2024-05-31,41.4
FLR-ACC-103477,Blessing Adekunle,Individual,NG,NGN,Tier3_Enhanced,2025-01-10,55.36
FLR-ACC-103478,Chuka Balogun,Individual,NG,NGN,Tier2_Verified,2025-08-17,23.94
FLR-ACC-103479,Prime Technologies Co.,Business,US,USD,Tier3_Enhanced,2024-03-06,130.32
FLR-ACC-103480,Sarah Adeyemi,Individual,NG,NGN,Tier2_Verified,2025-03-28,35.14
FLR-ACC-103481,Mary Green,Individual,DE,EUR,Tier3_Enhanced,2024-08-18,35.97
FLR-ACC-103482,Peter Taylor,Individual,US,USD,Tier2_Verified,2025-03-20,73.55
FLR-ACC-103483,Ruth Fashola,Individual,US,USD,Tier2_Verified,2023-04-06,92.69
FLR-ACC-103484,Greenfield Technologies Ltd,Business,US,USD,Tier1_Basic,2025-09-09,988.26
FLR-ACC-103485,Funke Bello,Individual,NG,NGN,Tier2_Verified,2025-04-16,21.25
FLR-ACC-103486,Ben Williams,Individual,NG,NGN,Tier2_Verified,2023-12-13,50.49
FLR-ACC-103487,Kemi Taylor,Individual,NG,NGN,Tier2_Verified,2025-03-23,81.82
FLR-ACC-103488,Mary Taylor,Individual,NG,NGN,Tier2_Verified,2022-07-16,24.48
FLR-ACC-103489,Chidi Okoro,Individual,NG,NGN,Tier1_Basic,2025-06-10,60.56
FLR-ACC-103490,Chidi Hassan,Individual,DE,EUR,Tier3_Enhanced,2024-01-21,25.57
FLR-ACC-103491,James Ibrahim,Individual,NG,NGN,Tier3_Enhanced,2024-08-29,45.23
FLR-ACC-103492,Silverline Technologies Co.,Business,NG,NGN,Tier3_Enhanced,2023-08-12,4543.62
FLR-ACC-103493,Kemi Ibrahim,Individual,NG,NGN,Tier3_Enhanced,2026-01-14,71.47
FLR-ACC-103494,Musa Taylor,Individual,NG,NGN,Tier2_Verified,2022-10-11,18.71
FLR-ACC-103495,Olu Balogun,Individual,NG,NGN,Tier2_Verified,2024-02-12,37.87
FLR-ACC-103496,Femi Balogun,Individual,NG,NGN,Tier2_Verified,2025-03-05,66.23
FLR-ACC-103497,Kemi Nwosu,Individual,NG,NGN,Tier1_Basic,2022-11-13,78.42
FLR-ACC-103498,Bluewave Builders LLC,Business,NG,NGN,Tier3_Enhanced,2024-09-13,248.23
FLR-ACC-103499,Mary Williams,Individual,FR,EUR,Tier3_Enhanced,2023-02-01,71.97
FLR-ACC-103500,Ngozi Bello,Individual,DE,EUR,Tier3_Enhanced,2025-05-03,90.84
FLR-ACC-103501,Silverline Ventures Inc,Business,NG,NGN,Tier1_Basic,2024-03-03,485.1
FLR-ACC-103502,Prime Technologies LLC,Business,GB,GBP,Tier3_Enhanced,2024-09-12,107.76
FLR-ACC-103503,Greenfield Foods Inc,Business,NG,NGN,Tier2_Verified,2025-08-18,121.16
FLR-ACC-103504,Daniel Okoro,Individual,US,USD,Tier3_Enhanced,2025-10-22,40.5
FLR-ACC-103505,Metro Builders Inc,Business,GB,GBP,Tier3_Enhanced,2023-12-08,656.15
FLR-ACC-103506,Global Logistics LLC,Business,NG,NGN,Tier3_Enhanced,2024-09-29,335.37
FLR-ACC-103507,Emeka Hassan,Individual,US,USD,Tier3_Enhanced,2024-07-18,144.09
FLR-ACC-103508,Silverline Media Inc,Business,GB,GBP,Tier3_Enhanced,2025-09-27,2539.76
FLR-ACC-103509,Ben Ibrahim,Individual,NG,NGN,Tier3_Enhanced,2026-01-04,33.78
FLR-ACC-103510,Yetunde Okafor,Individual,NG,NGN,Tier2_Verified,2024-11-16,42.94
FLR-ACC-103511,Kemi Bello,Individual,GB,GBP,Tier2_Verified,2024-04-26,28.0
FLR-ACC-103512,Kemi Green,Individual,GB,GBP,Tier3_Enhanced,2024-06-21,59.4
FLR-ACC-103513,Peter Nwosu,Individual,NG,NGN,Tier2_Verified,2025-04-27,43.88
FLR-ACC-103514,Bluewave Retail LLC,Business,US,USD,Tier3_Enhanced,2024-09-20,759.58
FLR-ACC-103515,Mary Bello,Individual,NG,NGN,Tier1_Basic,2022-10-31,68.4
FLR-ACC-103516,Urban Media Inc,Business,DE,EUR,Tier2_Verified,2024-07-12,301.97
FLR-ACC-103517,Olu Green,Individual,NG,NGN,Tier3_Enhanced,2024-09-21,110.26
FLR-ACC-103518,Mary Chukwu,Individual,GB,GBP,Tier3_Enhanced,2025-07-28,54.35
FLR-ACC-103519,David Brown,Individual,NG,NGN,Tier3_Enhanced,2024-02-24,31.33
FLR-ACC-103520,Metro Textiles Ltd,Business,NG,NGN,Tier3_Enhanced,2025-10-19,83.04
FLR-ACC-103521,John Adeyemi,Individual,NG,NGN,Tier3_Enhanced,2024-05-07,31.93
FLR-ACC-103522,Greenfield Textiles Ltd,Business,GB,GBP,Tier3_Enhanced,2023-12-23,1035.92
FLR-ACC-103523,Chidi Eze,Individual,NG,NGN,Tier2_Verified,2025-12-02,44.65
FLR-ACC-103524,Apex Media Inc,Business,US,USD,Tier3_Enhanced,2023-12-29,1090.54
FLR-ACC-103525,Silverline Consulting Ltd,Business,NG,NGN,Tier2_Verified,2025-11-30,170.28
FLR-ACC-103526,Laura Williams,Individual,US,USD,Tier2_Verified,2026-01-22,35.19
FLR-ACC-103527,Kemi Brown,Individual,DE,EUR,Tier2_Verified,2024-10-16,17.66
FLR-ACC-103528,Sarah Eze,Individual,NG,NGN,Tier1_Basic,2025-07-24,49.25
FLR-ACC-103529,Chuka Brown,Individual,US,USD,Tier1_Basic,2026-05-19,13.59
FLR-ACC-103530,Emeka Obi,Individual,NG,NGN,Tier3_Enhanced,2025-02-11,32.95
FLR-ACC-103531,Silverline Builders Inc,Business,GB,GBP,Tier2_Verified,2025-09-14,935.33
FLR-ACC-103532,Ifeoma Taylor,Individual,US,USD,Tier3_Enhanced,2025-08-18,155.82
FLR-ACC-103533,Kunle Brown,Individual,DE,EUR,Tier2_Verified,2026-01-16,182.0
FLR-ACC-103534,Michael Ibrahim,Individual,GB,GBP,Tier2_Verified,2026-06-05,27.65
FLR-ACC-103535,Sunrise Textiles Co.,Business,FR,EUR,Tier3_Enhanced,2024-10-07,701.98
FLR-ACC-103536,Tunde Williams,Individual,GB,GBP,Tier3_Enhanced,2024-06-12,46.14
FLR-ACC-103537,Ben Okoro,Individual,NG,NGN,Tier2_Verified,2026-01-29,47.1
FLR-ACC-103538,Funke Taylor,Individual,US,USD,Tier3_Enhanced,2025-04-28,96.98
FLR-ACC-103539,Chuka Adeyemi,Individual,GB,GBP,Tier2_Verified,2024-02-18,31.49
FLR-ACC-103540,Chioma Okafor,Individual,GB,GBP,Tier3_Enhanced,2022-08-19,9.93
FLR-ACC-103541,Ruth Okoro,Individual,US,USD,Tier2_Verified,2026-05-14,133.27
FLR-ACC-103542,Olu Okafor,Individual,GB,GBP,Tier3_Enhanced,2024-09-22,144.77
FLR-ACC-103543,Sarah Adekunle,Individual,NG,NGN,Tier2_Verified,2026-05-10,20.41
FLR-ACC-103544,Prime Retail LLC,Business,NG,NGN,Tier3_Enhanced,2023-03-14,473.06
FLR-ACC-103545,Michael Fashola,Individual,US,USD,Tier3_Enhanced,2024-01-25,83.03
FLR-ACC-103546,James Williams,Individual,GB,GBP,Tier2_Verified,2025-12-11,133.2
FLR-ACC-103547,Ngozi Brown,Individual,NG,NGN,Tier2_Verified,2025-07-28,63.93
FLR-ACC-103548,Peter Taylor,Individual,NG,NGN,Tier2_Verified,2023-11-01,47.64
FLR-ACC-103549,Greenfield Ventures Ltd,Business,NG,NGN,Tier3_Enhanced,2024-03-21,650.7
FLR-ACC-103550,Chidi Balogun,Individual,NG,NGN,Tier2_Verified,2024-03-10,90.4
FLR-ACC-103551,Chioma Bello,Individual,NG,NGN,Tier1_Basic,2025-09-05,64.77
FLR-ACC-103552,Ben Hassan,Individual,US,USD,Tier2_Verified,2024-12-12,91.51
FLR-ACC-103553,Grace Chukwu,Individual,US,USD,Tier2_Verified,2025-05-13,118.51
FLR-ACC-103554,Bluewave Ventures Ltd,Business,NG,NGN,Tier3_Enhanced,2026-03-27,901.54
FLR-ACC-103555,James Johnson,Individual,NG,NGN,Tier3_Enhanced,2026-03-29,240.33
FLR-ACC-103556,Tobi Adekunle,Individual,NG,NGN,Tier2_Verified,2025-09-21,104.54
FLR-ACC-103557,Emeka Fashola,Individual,NG,NGN,Tier3_Enhanced,2025-01-06,13.86
FLR-ACC-103558,Bluewave Retail LLC,Business,FR,EUR,Tier1_Basic,2026-05-29,520.62
FLR-ACC-103559,Mary Taylor,Individual,NG,NGN,Tier3_Enhanced,2025-02-08,81.41
FLR-ACC-103560,Prime Consulting Co.,Business,NG,NGN,Tier3_Enhanced,2024-02-20,521.73
FLR-ACC-103561,Apex Retail Ltd,Business,NG,NGN,Tier1_Basic,2024-12-26,386.82
FLR-ACC-103562,Daniel Taylor,Individual,NG,NGN,Tier1_Basic,2023-12-10,41.21
FLR-ACC-103563,Tunde Fashola,Individual,GB,GBP,Tier2_Verified,2024-01-04,34.79
FLR-ACC-103564,Sunrise Retail Inc,Business,NG,NGN,Tier2_Verified,2025-09-05,534.91
FLR-ACC-103565,James Chukwu,Individual,NG,NGN,Tier3_Enhanced,2025-11-06,47.26
FLR-ACC-103566,John Taylor,Individual,DE,EUR,Tier2_Verified,2026-01-27,48.56
FLR-ACC-103567,Laura Adekunle,Individual,NG,NGN,Tier3_Enhanced,2025-03-24,35.36
FLR-ACC-103568,John Taylor,Individual,US,USD,Tier3_Enhanced,2024-08-29,49.4
FLR-ACC-103569,Apex Retail Inc,Business,NG,NGN,Tier2_Verified,2026-02-23,473.35
FLR-ACC-103570,North Ventures Ltd,Business,NG,NGN,Tier2_Verified,2024-10-17,659.02
FLR-ACC-103571,Tunde Fashola,Individual,GB,GBP,Tier3_Enhanced,2025-06-18,41.23
FLR-ACC-103572,Kunle Williams,Individual,DE,EUR,Tier2_Verified,2026-04-02,20.31
FLR-ACC-103573,Urban Consulting Co.,Business,NG,NGN,Tier3_Enhanced,2025-06-11,546.87
FLR-ACC-103574,Global Logistics Inc,Business,US,USD,Tier2_Verified,2025-07-10,363.15
FLR-ACC-103575,Bluewave Media Co.,Business,NG,NGN,Tier2_Verified,2023-04-08,516.25
FLR-ACC-103576,Bluewave Technologies Ltd,Business,GB,GBP,Tier2_Verified,2025-05-13,152.64
FLR-ACC-103577,Metro Trading Ltd,Business,NG,NGN,Tier3_Enhanced,2023-11-26,124.05
FLR-ACC-103578,Sunrise Technologies Co.,Business,NG,NGN,Tier2_Verified,2025-10-19,96.19
FLR-ACC-103579,Chioma Okoro,Individual,NG,NGN,Tier3_Enhanced,2025-12-11,28.57
FLR-ACC-103580,Kunle Taylor,Individual,NG,NGN,Tier1_Basic,2026-06-30,39.54
FLR-ACC-103581,James Brown,Individual,GB,GBP,Tier2_Verified,2024-10-02,11.32
FLR-ACC-103582,Bluewave Retail Co.,Business,NG,NGN,Tier1_Basic,2026-02-24,163.26
FLR-ACC-103583,Metro Ventures Ltd,Business,US,USD,Tier3_Enhanced,2023-02-15,365.29
FLR-ACC-103584,Ifeoma Green,Individual,NG,NGN,Tier3_Enhanced,2023-11-25,30.47
FLR-ACC-103585,James Bello,Individual,NG,NGN,Tier2_Verified,2023-09-14,25.98
FLR-ACC-103586,Peter Adeyemi,Individual,NG,NGN,Tier2_Verified,2023-09-28,167.59
FLR-ACC-103587,Musa Nwosu,Individual,US,USD,Tier2_Verified,2024-05-21,85.35
FLR-ACC-103588,Michael Adeyemi,Individual,US,USD,Tier1_Basic,2026-07-20,39.65
FLR-ACC-103589,John Green,Individual,NG,NGN,Tier2_Verified,2024-11-24,59.15
FLR-ACC-103590,David Williams,Individual,FR,EUR,Tier2_Verified,2024-10-08,81.89
FLR-ACC-103591,Daniel Adeyemi,Individual,DE,EUR,Tier2_Verified,2025-05-23,31.37
FLR-ACC-103592,Bluewave Ventures Ltd,Business,US,USD,Tier1_Basic,2024-10-13,80.27
FLR-ACC-103593,Laura Smith,Individual,GB,GBP,Tier2_Verified,2024-05-02,129.82
FLR-ACC-103594,Funke Obi,Individual,GB,GBP,Tier2_Verified,2025-03-23,47.48
FLR-ACC-103595,Daniel Brown,Individual,NG,NGN,Tier3_Enhanced,2023-05-12,39.78
FLR-ACC-103596,Femi Green,Individual,NG,NGN,Tier3_Enhanced,2023-07-08,210.85
FLR-ACC-103597,Tunde Green,Individual,GB,GBP,Tier2_Verified,2025-08-19,81.22
FLR-ACC-103598,Kemi Brown,Individual,US,USD,Tier1_Basic,2025-04-03,38.82
FLR-ACC-103599,North Trading Co.,Business,FR,EUR,Tier2_Verified,2025-05-20,629.68
FLR-ACC-103600,Funke Adekunle,Individual,NG,NGN,Tier2_Verified,2025-06-21,47.98
FLR-ACC-103601,Michael Green,Individual,NG,NGN,Tier2_Verified,2025-03-09,21.07
FLR-ACC-103602,Greenfield Textiles Co.,Business,DE,EUR,Tier3_Enhanced,2023-04-01,4860.62
FLR-ACC-103603,Prime Media Ltd,Business,NG,NGN,Tier2_Verified,2025-02-05,168.05
FLR-ACC-103604,Silverline Builders LLC,Business,US,USD,Tier1_Basic,2026-02-24,280.73
FLR-ACC-103605,Olu Green,Individual,US,USD,Tier2_Verified,2026-02-09,53.59
FLR-ACC-103606,Amaka Hassan,Individual,NG,NGN,Tier2_Verified,2025-04-10,223.37
FLR-ACC-103607,Tunde Johnson,Individual,NG,NGN,Tier3_Enhanced,2024-01-05,178.62
FLR-ACC-103608,Silverline Consulting Co.,Business,US,USD,Tier1_Basic,2026-05-26,531.77
FLR-ACC-103609,Ifeoma Chukwu,Individual,US,USD,Tier2_Verified,2025-12-16,71.52
FLR-ACC-103610,Chuka Chukwu,Individual,NG,NGN,Tier3_Enhanced,2024-02-17,377.0
FLR-ACC-103611,Sarah Chukwu,Individual,FR,EUR,Tier3_Enhanced,2024-03-29,221.37
FLR-ACC-103612,Sunrise Retail LLC,Business,NG,NGN,Tier2_Verified,2025-01-04,298.24
FLR-ACC-103613,Tunde Okafor,Individual,DE,EUR,Tier2_Verified,2025-09-13,59.16
FLR-ACC-103614,John Adekunle,Individual,NG,NGN,Tier3_Enhanced,2025-03-07,39.45
FLR-ACC-103615,Prime Consulting Co.,Business,DE,EUR,Tier2_Verified,2025-11-23,290.32
FLR-ACC-103616,Greenfield Technologies LLC,Business,US,USD,Tier2_Verified,2025-07-05,561.53
FLR-ACC-103617,Greenfield Ventures LLC,Business,FR,EUR,Tier3_Enhanced,2023-04-19,1819.52
FLR-ACC-103618,Michael Yusuf,Individual,NG,NGN,Tier2_Verified,2025-02-05,31.77
FLR-ACC-103619,Yetunde Johnson,Individual,US,USD,Tier3_Enhanced,2026-01-10,9.97
FLR-ACC-103620,North Consulting Inc,Business,NG,NGN,Tier1_Basic,2024-11-29,97.34
FLR-ACC-103621,Ifeoma Nwosu,Individual,NG,NGN,Tier2_Verified,2025-06-28,13.96
FLR-ACC-103622,Ngozi Adekunle,Individual,DE,EUR,Tier2_Verified,2026-01-01,37.38
FLR-ACC-103623,Peter Eze,Individual,FR,EUR,Tier3_Enhanced,2025-08-26,55.24
FLR-ACC-103624,Silverline Textiles Inc,Business,US,USD,Tier2_Verified,2026-01-19,75.53
FLR-ACC-103625,Urban Foods Ltd,Business,NG,NGN,Tier3_Enhanced,2024-08-10,50.28
FLR-ACC-103626,James Ibrahim,Individual,FR,EUR,Tier1_Basic,2026-07-09,65.46
FLR-ACC-103627,Ngozi Fashola,Individual,NG,NGN,Tier2_Verified,2025-06-07,60.0
FLR-ACC-103628,Funke Adeyemi,Individual,NG,NGN,Tier1_Basic,2023-11-22,27.3
FLR-ACC-103629,Global Media Co.,Business,NG,NGN,Tier2_Verified,2025-06-01,349.33
FLR-ACC-103630,Ifeoma Bello,Individual,NG,NGN,Tier2_Verified,2025-09-20,42.47
FLR-ACC-103631,Apex Retail LLC,Business,DE,EUR,Tier2_Verified,2024-10-12,787.64
FLR-ACC-103632,Sunrise Trading LLC,Business,FR,EUR,Tier2_Verified,2025-07-17,1020.07
FLR-ACC-103633,Apex Consulting Ltd,Business,GB,GBP,Tier2_Verified,2025-04-09,48.59
FLR-ACC-103634,Femi Okoro,Individual,GB,GBP,Tier2_Verified,2025-08-08,24.66
FLR-ACC-103635,Peter Bello,Individual,NG,NGN,Tier1_Basic,2025-09-07,96.9
FLR-ACC-103636,Apex Ventures LLC,Business,US,USD,Tier3_Enhanced,2025-01-28,657.02
FLR-ACC-103637,Bluewave Consulting Ltd,Business,NG,NGN,Tier2_Verified,2025-03-17,241.52
FLR-ACC-103638,Metro Trading Inc,Business,NG,NGN,Tier3_Enhanced,2024-11-18,345.74
FLR-ACC-103639,John Okafor,Individual,GB,GBP,Tier2_Verified,2025-08-01,40.76
FLR-ACC-103640,James Balogun,Individual,NG,NGN,Tier2_Verified,2023-11-20,29.79
FLR-ACC-103641,Grace Brown,Individual,NG,NGN,Tier2_Verified,2023-11-06,29.3
FLR-ACC-103642,Metro Ventures Inc,Business,NG,NGN,Tier2_Verified,2025-11-03,149.88
FLR-ACC-103643,Chidi Chukwu,Individual,GB,GBP,Tier3_Enhanced,2025-03-07,18.91
FLR-ACC-103644,Chidi Chukwu,Individual,US,USD,Tier3_Enhanced,2023-09-25,41.52
FLR-ACC-103645,Femi Johnson,Individual,NG,NGN,Tier2_Verified,2025-03-30,34.39
FLR-ACC-103646,Greenfield Trading Co.,Business,NG,NGN,Tier2_Verified,2024-08-21,740.96
FLR-ACC-103647,Olu Eze,Individual,NG,NGN,Tier1_Basic,2025-12-31,31.16
FLR-ACC-103648,John Okoro,Individual,GB,GBP,Tier3_Enhanced,2024-12-11,11.14
FLR-ACC-103649,North Consulting LLC,Business,NG,NGN,Tier2_Verified,2024-09-08,537.57
FLR-ACC-103650,Funke Williams,Individual,NG,NGN,Tier2_Verified,2023-12-15,25.47
FLR-ACC-103651,Tobi Yusuf,Individual,NG,NGN,Tier1_Basic,2023-05-25,55.25
FLR-ACC-103652,Tunde Ibrahim,Individual,NG,NGN,Tier3_Enhanced,2025-11-15,46.33
FLR-ACC-103653,Ngozi Chukwu,Individual,GB,GBP,Tier3_Enhanced,2026-03-24,22.07
FLR-ACC-103654,James Johnson,Individual,NG,NGN,Tier1_Basic,2025-12-27,19.28
FLR-ACC-103655,Emeka Balogun,Individual,NG,NGN,Tier2_Verified,2023-12-25,85.94
FLR-ACC-103656,Michael Green,Individual,NG,NGN,Tier2_Verified,2024-01-12,19.56
FLR-ACC-103657,Ruth Taylor,Individual,NG,NGN,Tier2_Verified,2023-08-21,64.6
FLR-ACC-103658,Sunrise Media Inc,Business,NG,NGN,Tier3_Enhanced,2024-10-07,785.04
FLR-ACC-103659,Global Logistics Ltd,Business,NG,NGN,Tier1_Basic,2026-01-10,216.09
FLR-ACC-103660,Daniel Green,Individual,NG,NGN,Tier3_Enhanced,2024-02-18,30.04
FLR-ACC-103661,Amaka Brown,Individual,FR,EUR,Tier3_Enhanced,2024-04-18,41.27
FLR-ACC-103662,Prime Builders LLC,Business,NG,NGN,Tier3_Enhanced,2023-07-12,312.47
FLR-ACC-103663,Blessing Nwosu,Individual,NG,NGN,Tier2_Verified,2025-04-03,49.18
FLR-ACC-103664,Laura Hassan,Individual,DE,EUR,Tier3_Enhanced,2023-01-30,20.6
FLR-ACC-103665,Ifeoma Obi,Individual,GB,GBP,Tier3_Enhanced,2024-07-24,36.99
FLR-ACC-103666,Femi Williams,Individual,US,USD,Tier3_Enhanced,2023-08-12,36.23
FLR-ACC-103667,Ngozi Brown,Individual,NG,NGN,Tier2_Verified,2025-07-12,67.47
FLR-ACC-103668,Grace Adekunle,Individual,NG,NGN,Tier2_Verified,2023-11-07,60.64
FLR-ACC-103669,Laura Chukwu,Individual,GB,GBP,Tier2_Verified,2026-02-25,19.12
FLR-ACC-103670,Yetunde Adekunle,Individual,DE,EUR,Tier2_Verified,2025-09-09,57.72
FLR-ACC-103671,Sarah Williams,Individual,GB,GBP,Tier3_Enhanced,2025-05-15,21.44
FLR-ACC-103672,Emeka Okoro,Individual,GB,GBP,Tier2_Verified,2025-01-14,21.99
FLR-ACC-103673,David Hassan,Individual,GB,GBP,Tier2_Verified,2025-04-20,55.37
FLR-ACC-103674,Funke Okoro,Individual,DE,EUR,Tier3_Enhanced,2024-10-22,7.03
FLR-ACC-103675,John Green,Individual,GB,GBP,Tier2_Verified,2025-12-17,35.03
FLR-ACC-103676,Tobi Chukwu,Individual,FR,EUR,Tier3_Enhanced,2023-12-15,51.79
FLR-ACC-103677,Kemi Bello,Individual,DE,EUR,Tier2_Verified,2025-11-13,55.95
FLR-ACC-103678,North Technologies Co.,Business,NG,NGN,Tier2_Verified,2025-11-08,852.93
FLR-ACC-103679,North Consulting LLC,Business,GB,GBP,Tier3_Enhanced,2024-03-16,544.01
FLR-ACC-103680,Grace Adeyemi,Individual,NG,NGN,Tier2_Verified,2025-04-22,45.74
FLR-ACC-103681,Ruth Eze,Individual,FR,EUR,Tier3_Enhanced,2023-03-22,60.36
FLR-ACC-103682,North Consulting Inc,Business,NG,NGN,Tier3_Enhanced,2025-02-04,337.53
FLR-ACC-103683,Olu Taylor,Individual,NG,NGN,Tier3_Enhanced,2024-07-29,37.33
FLR-ACC-103684,Global Consulting LLC,Business,FR,EUR,Tier2_Verified,2025-06-20,435.41
FLR-ACC-103685,Daniel Green,Individual,NG,NGN,Tier2_Verified,2026-01-24,75.51
FLR-ACC-103686,Emeka Eze,Individual,US,USD,Tier3_Enhanced,2024-09-05,176.71
FLR-ACC-103687,Prime Ventures Ltd,Business,GB,GBP,Tier2_Verified,2023-01-10,720.62
FLR-ACC-103688,Chidi Taylor,Individual,GB,GBP,Tier2_Verified,2024-11-04,75.8
FLR-ACC-103689,Greenfield Technologies Co.,Business,NG,NGN,Tier2_Verified,2025-07-22,333.19
FLR-ACC-103690,Silverline Textiles Ltd,Business,FR,EUR,Tier3_Enhanced,2023-03-05,244.18
FLR-ACC-103691,Funke Chukwu,Individual,NG,NGN,Tier3_Enhanced,2024-03-04,24.51
FLR-ACC-103692,Laura Williams,Individual,NG,NGN,Tier2_Verified,2025-11-16,41.4
FLR-ACC-103693,North Ventures Inc,Business,NG,NGN,Tier2_Verified,2025-01-31,866.5
FLR-ACC-103694,Tunde Adekunle,Individual,DE,EUR,Tier1_Basic,2025-10-11,100.54
FLR-ACC-103695,Femi Green,Individual,US,USD,Tier2_Verified,2025-05-20,52.06
FLR-ACC-103696,Silverline Logistics Inc,Business,US,USD,Tier3_Enhanced,2024-11-15,162.01
FLR-ACC-103697,Olu Green,Individual,NG,NGN,Tier2_Verified,2024-02-18,64.51
FLR-ACC-103698,Sarah Chukwu,Individual,US,USD,Tier3_Enhanced,2024-09-24,64.28
FLR-ACC-103699,David Hassan,Individual,US,USD,Tier2_Verified,2025-03-08,49.25
FLR-ACC-103700,Daniel Brown,Individual,NG,NGN,Tier3_Enhanced,2024-07-02,102.55
FLR-ACC-103701,Tobi Ibrahim,Individual,US,USD,Tier2_Verified,2025-09-23,127.53
FLR-ACC-103702,Yetunde Balogun,Individual,NG,NGN,Tier3_Enhanced,2024-03-05,139.66
FLR-ACC-103703,Bluewave Textiles LLC,Business,US,USD,Tier2_Verified,2025-10-31,721.53
FLR-ACC-103704,James Ibrahim,Individual,NG,NGN,Tier3_Enhanced,2024-10-04,238.85
FLR-ACC-103705,Chuka Williams,Individual,US,USD,Tier2_Verified,2024-06-12,53.34
FLR-ACC-103706,Chidi Johnson,Individual,FR,EUR,Tier2_Verified,2025-07-01,51.29
FLR-ACC-103707,Peter Smith,Individual,NG,NGN,Tier1_Basic,2025-11-09,53.98
FLR-ACC-103708,Bluewave Textiles Ltd,Business,US,USD,Tier3_Enhanced,2023-11-19,165.95
FLR-ACC-103709,Olu Ibrahim,Individual,DE,EUR,Tier2_Verified,2024-10-24,66.56
FLR-ACC-103710,Sunrise Textiles Inc,Business,DE,EUR,Tier2_Verified,2024-08-02,763.36
FLR-ACC-103711,Aisha Eze,Individual,NG,NGN,Tier2_Verified,2025-10-28,40.21
FLR-ACC-103712,Sarah Williams,Individual,NG,NGN,Tier2_Verified,2024-12-06,37.96
FLR-ACC-103713,Sunrise Media Ltd,Business,NG,NGN,Tier1_Basic,2026-06-15,61.72
FLR-ACC-103714,Femi Okoro,Individual,US,USD,Tier1_Basic,2024-02-14,183.29
FLR-ACC-103715,Tunde Balogun,Individual,GB,GBP,Tier2_Verified,2025-11-27,33.07
FLR-ACC-103716,Femi Chukwu,Individual,NG,NGN,Tier3_Enhanced,2023-08-31,61.51
FLR-ACC-103717,Laura Smith,Individual,NG,NGN,Tier2_Verified,2025-07-25,113.01
FLR-ACC-103718,Amaka Bello,Individual,GB,GBP,Tier2_Verified,2024-10-31,45.92
FLR-ACC-103719,Chuka Balogun,Individual,DE,EUR,Tier2_Verified,2025-05-26,93.1
FLR-ACC-103720,Femi Ibrahim,Individual,NG,NGN,Tier2_Verified,2022-12-25,87.23
FLR-ACC-103721,Yetunde Obi,Individual,NG,NGN,Tier2_Verified,2023-02-08,41.7
FLR-ACC-103722,Kunle Green,Individual,US,USD,Tier1_Basic,2026-03-26,102.81
FLR-ACC-103723,Amaka Fashola,Individual,NG,NGN,Tier3_Enhanced,2024-11-08,134.1
FLR-ACC-103724,John Okafor,Individual,NG,NGN,Tier1_Basic,2025-07-27,62.39
FLR-ACC-103725,Global Media Co.,Business,NG,NGN,Tier3_Enhanced,2025-08-22,888.05
FLR-ACC-103726,Peter Okoro,Individual,GB,GBP,Tier1_Basic,2026-07-31,75.42
FLR-ACC-103727,Metro Builders LLC,Business,NG,NGN,Tier3_Enhanced,2024-12-09,1098.85
FLR-ACC-103728,Mary Green,Individual,US,USD,Tier3_Enhanced,2025-08-11,59.72
FLR-ACC-103729,Apex Technologies Inc,Business,NG,NGN,Tier3_Enhanced,2024-05-29,320.69
FLR-ACC-103730,Ben Okafor,Individual,NG,NGN,Tier2_Verified,2022-06-28,27.29
FLR-ACC-103731,Tobi Chukwu,Individual,NG,NGN,Tier1_Basic,2025-06-22,45.24
FLR-ACC-103732,Aisha Yusuf,Individual,NG,NGN,Tier1_Basic,2024-12-01,126.74
FLR-ACC-103733,Apex Media Inc,Business,US,USD,Tier2_Verified,2025-12-15,1019.91
FLR-ACC-103734,Chioma Chukwu,Individual,US,USD,Tier3_Enhanced,2024-05-02,37.27
FLR-ACC-103735,Global Ventures Co.,Business,NG,NGN,Tier3_Enhanced,2024-02-18,493.6
FLR-ACC-103736,Prime Builders Ltd,Business,US,USD,Tier2_Verified,2024-07-22,177.29
FLR-ACC-103737,Tobi Taylor,Individual,US,USD,Tier3_Enhanced,2025-10-22,35.24
FLR-ACC-103738,Grace Taylor,Individual,US,USD,Tier2_Verified,2024-11-17,27.3
FLR-ACC-103739,Funke Nwosu,Individual,NG,NGN,Tier3_Enhanced,2024-12-14,15.13
FLR-ACC-103740,Olu Okoro,Individual,GB,GBP,Tier2_Verified,2026-02-13,21.98
FLR-ACC-103741,Greenfield Textiles LLC,Business,GB,GBP,Tier2_Verified,2023-08-03,171.32
FLR-ACC-103742,Ben Green,Individual,GB,GBP,Tier2_Verified,2022-07-06,28.51
FLR-ACC-103743,Apex Builders Inc,Business,GB,GBP,Tier2_Verified,2025-05-23,771.92
FLR-ACC-103744,Ben Eze,Individual,NG,NGN,Tier3_Enhanced,2024-02-05,44.76
FLR-ACC-103745,Grace Yusuf,Individual,GB,GBP,Tier3_Enhanced,2024-05-13,30.09
FLR-ACC-103746,Global Technologies Inc,Business,US,USD,Tier2_Verified,2026-03-26,742.69
FLR-ACC-103747,John Eze,Individual,NG,NGN,Tier3_Enhanced,2024-05-09,53.12
FLR-ACC-103748,Sunrise Media Ltd,Business,NG,NGN,Tier2_Verified,2025-05-25,109.09
FLR-ACC-103749,Daniel Adekunle,Individual,GB,GBP,Tier2_Verified,2025-02-10,92.81
FLR-ACC-103750,Olu Nwosu,Individual,FR,EUR,Tier2_Verified,2024-04-23,44.94
FLR-ACC-103751,Ruth Balogun,Individual,NG,NGN,Tier2_Verified,2025-12-02,51.36
FLR-ACC-103752,Daniel Nwosu,Individual,NG,NGN,Tier3_Enhanced,2024-10-01,45.49
FLR-ACC-103753,Silverline Textiles Co.,Business,GB,GBP,Tier2_Verified,2025-09-14,266.06
FLR-ACC-103754,Laura Taylor,Individual,NG,NGN,Tier3_Enhanced,2024-03-06,63.07
FLR-ACC-103755,Ifeoma Johnson,Individual,NG,NGN,Tier2_Verified,2026-07-04,49.99
FLR-ACC-103756,Bluewave Logistics Inc,Business,DE,EUR,Tier3_Enhanced,2024-05-25,115.77
FLR-ACC-103757,Metro Builders Inc,Business,GB,GBP,Tier3_Enhanced,2023-07-26,818.74
FLR-ACC-103758,Amaka Okoro,Individual,NG,NGN,Tier1_Basic,2025-05-14,70.98
FLR-ACC-103759,Urban Builders LLC,Business,GB,GBP,Tier3_Enhanced,2025-03-12,113.99
FLR-ACC-103760,Daniel Adeyemi,Individual,NG,NGN,Tier1_Basic,2026-06-18,54.04
FLR-ACC-103761,Kemi Bello,Individual,US,USD,Tier3_Enhanced,2024-07-26,24.69
FLR-ACC-103762,Ifeoma Adekunle,Individual,NG,NGN,Tier2_Verified,2024-08-18,87.32
FLR-ACC-103763,Emeka Brown,Individual,US,USD,Tier1_Basic,2025-05-27,19.22
FLR-ACC-103764,Musa Okoro,Individual,US,USD,Tier3_Enhanced,2024-12-15,118.12
FLR-ACC-103765,Chidi Williams,Individual,FR,EUR,Tier1_Basic,2025-12-03,24.85
FLR-ACC-103766,Kunle Obi,Individual,US,USD,Tier2_Verified,2024-11-14,79.35
FLR-ACC-103767,Silverline Retail Inc,Business,DE,EUR,Tier3_Enhanced,2023-12-25,977.51
FLR-ACC-103768,Silverline Logistics Inc,Business,NG,NGN,Tier3_Enhanced,2026-02-23,2286.47
FLR-ACC-103769,Chuka Bello,Individual,FR,EUR,Tier3_Enhanced,2025-01-05,65.18
FLR-ACC-103770,Tobi Nwosu,Individual,NG,NGN,Tier3_Enhanced,2026-03-29,60.82
FLR-ACC-103771,Yetunde Eze,Individual,GB,GBP,Tier2_Verified,2024-02-09,77.06
FLR-ACC-103772,Kunle Taylor,Individual,US,USD,Tier1_Basic,2025-11-08,130.04
FLR-ACC-103773,John Yusuf,Individual,NG,NGN,Tier2_Verified,2025-06-23,65.62
FLR-ACC-103774,Tunde Okafor,Individual,NG,NGN,Tier3_Enhanced,2024-01-29,84.58
FLR-ACC-103775,North Retail LLC,Business,NG,NGN,Tier3_Enhanced,2025-02-26,4031.09
FLR-ACC-103776,Bluewave Media Co.,Business,NG,NGN,Tier3_Enhanced,2025-01-29,1220.48
FLR-ACC-103777,Global Ventures LLC,Business,NG,NGN,Tier3_Enhanced,2024-11-15,488.37
FLR-ACC-103778,Urban Builders Ltd,Business,NG,NGN,Tier2_Verified,2025-06-17,1401.67
FLR-ACC-103779,Chuka Ibrahim,Individual,GB,GBP,Tier2_Verified,2025-09-05,78.54
FLR-ACC-103780,Global Textiles Co.,Business,DE,EUR,Tier1_Basic,2025-12-07,615.99
FLR-ACC-103781,Apex Technologies LLC,Business,US,USD,Tier3_Enhanced,2024-10-19,605.7
FLR-ACC-103782,Ngozi Adekunle,Individual,GB,GBP,Tier2_Verified,2026-04-23,20.02
FLR-ACC-103783,Sunrise Builders Co.,Business,NG,NGN,Tier3_Enhanced,2025-03-30,529.89
FLR-ACC-103784,Kunle Green,Individual,NG,NGN,Tier3_Enhanced,2024-06-11,59.88
FLR-ACC-103785,Metro Textiles LLC,Business,NG,NGN,Tier3_Enhanced,2023-04-30,1312.82
FLR-ACC-103786,Urban Logistics Ltd,Business,NG,NGN,Tier3_Enhanced,2024-04-02,1451.51
FLR-ACC-103787,Prime Retail Co.,Business,NG,NGN,Tier3_Enhanced,2025-11-20,126.42
FLR-ACC-103788,Apex Foods Inc,Business,NG,NGN,Tier3_Enhanced,2023-06-03,299.3
FLR-ACC-103789,Bluewave Consulting Co.,Business,NG,NGN,Tier2_Verified,2024-09-25,290.76
FLR-ACC-103790,David Brown,Individual,NG,NGN,Tier2_Verified,2025-09-12,65.78
FLR-ACC-103791,Yetunde Smith,Individual,FR,EUR,Tier3_Enhanced,2024-11-02,44.51
FLR-ACC-103792,Peter Smith,Individual,US,USD,Tier1_Basic,2024-09-25,97.15
FLR-ACC-103793,Ifeoma Smith,Individual,GB,GBP,Tier2_Verified,2025-09-04,13.13
FLR-ACC-103794,Tobi Brown,Individual,DE,EUR,Tier2_Verified,2025-12-02,78.79
FLR-ACC-103795,Kunle Bello,Individual,NG,NGN,Tier2_Verified,2025-02-17,73.43
FLR-ACC-103796,Blessing Obi,Individual,NG,NGN,Tier3_Enhanced,2024-09-03,70.8
FLR-ACC-103797,Emeka Chukwu,Individual,NG,NGN,Tier3_Enhanced,2025-06-29,125.08
FLR-ACC-103798,Grace Okoro,Individual,NG,NGN,Tier2_Verified,2023-10-09,22.58
FLR-ACC-103799,Greenfield Logistics Ltd,Business,GB,GBP,Tier3_Enhanced,2024-11-26,171.14
FLR-ACC-103800,Laura Fashola,Individual,NG,NGN,Tier2_Verified,2024-08-24,44.03
FLR-ACC-103801,Bluewave Textiles Co.,Business,DE,EUR,Tier2_Verified,2025-10-07,750.04
FLR-ACC-103802,Urban Foods Ltd,Business,NG,NGN,Tier2_Verified,2024-10-04,823.76
FLR-ACC-103803,Musa Bello,Individual,US,USD,Tier3_Enhanced,2026-03-04,32.0
FLR-ACC-103804,Aisha Smith,Individual,NG,NGN,Tier3_Enhanced,2024-06-18,53.38
FLR-ACC-103805,Ruth Nwosu,Individual,GB,GBP,Tier2_Verified,2025-09-06,48.63
FLR-ACC-103806,Chidi Johnson,Individual,NG,NGN,Tier3_Enhanced,2024-05-14,19.2
FLR-ACC-103807,Ngozi Okoro,Individual,NG,NGN,Tier1_Basic,2024-07-04,136.28
FLR-ACC-103808,Femi Brown,Individual,GB,GBP,Tier1_Basic,2023-01-27,101.83
FLR-ACC-103809,Emeka Hassan,Individual,US,USD,Tier2_Verified,2025-05-02,103.08
FLR-ACC-103810,Chioma Hassan,Individual,NG,NGN,Tier1_Basic,2026-03-30,22.62
FLR-ACC-103811,Ruth Williams,Individual,US,USD,Tier2_Verified,2025-01-19,48.98
FLR-ACC-103812,Greenfield Textiles Ltd,Business,NG,NGN,Tier3_Enhanced,2024-05-27,302.66
FLR-ACC-103813,Musa Hassan,Individual,FR,EUR,Tier2_Verified,2026-03-15,83.73
FLR-ACC-103814,Emeka Adekunle,Individual,NG,NGN,Tier2_Verified,2025-12-15,16.64
FLR-ACC-103815,Chioma Brown,Individual,US,USD,Tier3_Enhanced,2024-07-05,82.01
FLR-ACC-103816,Tunde Yusuf,Individual,NG,NGN,Tier3_Enhanced,2023-07-06,54.53
FLR-ACC-103817,Blessing Hassan,Individual,GB,GBP,Tier2_Verified,2024-02-28,120.41
FLR-ACC-103818,David Eze,Individual,NG,NGN,Tier3_Enhanced,2024-07-19,37.25
FLR-ACC-103819,Musa Brown,Individual,NG,NGN,Tier2_Verified,2024-02-01,65.63
FLR-ACC-103820,Yetunde Adeyemi,Individual,GB,GBP,Tier3_Enhanced,2025-09-15,38.17
FLR-ACC-103821,North Trading LLC,Business,DE,EUR,Tier2_Verified,2024-01-16,91.52
FLR-ACC-103822,Chidi Balogun,Individual,NG,NGN,Tier3_Enhanced,2025-01-12,36.29
FLR-ACC-103823,North Technologies Ltd,Business,US,USD,Tier3_Enhanced,2024-06-26,763.59
FLR-ACC-103824,Ruth Obi,Individual,NG,NGN,Tier3_Enhanced,2024-07-28,104.07
FLR-ACC-103825,Ifeoma Johnson,Individual,NG,NGN,Tier1_Basic,2025-08-21,40.07
FLR-ACC-103826,Michael Williams,Individual,GB,GBP,Tier3_Enhanced,2022-12-12,40.55
FLR-ACC-103827,Laura Williams,Individual,FR,EUR,Tier3_Enhanced,2023-05-21,45.87
FLR-ACC-103828,Musa Adeyemi,Individual,NG,NGN,Tier2_Verified,2026-07-26,57.65
FLR-ACC-103829,Femi Brown,Individual,NG,NGN,Tier3_Enhanced,2024-02-21,49.61
FLR-ACC-103830,North Builders Co.,Business,US,USD,Tier2_Verified,2025-04-25,294.75
FLR-ACC-103831,Emeka Ibrahim,Individual,NG,NGN,Tier2_Verified,2025-01-11,67.22
FLR-ACC-103832,Ruth Adeyemi,Individual,NG,NGN,Tier2_Verified,2026-02-06,286.95
FLR-ACC-103833,Funke Yusuf,Individual,NG,NGN,Tier2_Verified,2024-06-11,65.1
FLR-ACC-103834,Urban Builders Ltd,Business,NG,NGN,Tier1_Basic,2026-01-04,1137.04
FLR-ACC-103835,Bluewave Media Ltd,Business,GB,GBP,Tier2_Verified,2026-05-11,89.11
FLR-ACC-103836,David Hassan,Individual,NG,NGN,Tier3_Enhanced,2023-09-16,69.2
FLR-ACC-103837,Chidi Yusuf,Individual,FR,EUR,Tier2_Verified,2023-08-19,31.67
FLR-ACC-103838,David Taylor,Individual,GB,GBP,Tier1_Basic,2023-10-24,174.95
FLR-ACC-103839,Silverline Retail LLC,Business,NG,NGN,Tier1_Basic,2026-04-26,861.39
FLR-ACC-103840,Kemi Williams,Individual,NG,NGN,Tier2_Verified,2025-12-04,124.69
FLR-ACC-103841,Bluewave Media Inc,Business,US,USD,Tier2_Verified,2024-04-04,416.32
FLR-ACC-103842,Greenfield Textiles Ltd,Business,NG,NGN,Tier3_Enhanced,2025-05-15,633.92
FLR-ACC-103843,Grace Balogun,Individual,NG,NGN,Tier2_Verified,2025-04-19,15.32
FLR-ACC-103844,Kunle Green,Individual,GB,GBP,Tier3_Enhanced,2024-07-16,53.73
FLR-ACC-103845,Ngozi Green,Individual,NG,NGN,Tier2_Verified,2024-12-07,22.74
FLR-ACC-103846,David Ibrahim,Individual,DE,EUR,Tier1_Basic,2025-08-19,90.09
FLR-ACC-103847,Femi Fashola,Individual,US,USD,Tier2_Verified,2025-10-02,45.03
FLR-ACC-103848,Amaka Williams,Individual,NG,NGN,Tier2_Verified,2024-01-23,11.57
FLR-ACC-103849,Bluewave Logistics Inc,Business,NG,NGN,Tier2_Verified,2026-02-11,46.2
FLR-ACC-103850,Sarah Balogun,Individual,NG,NGN,Tier1_Basic,2026-01-29,23.57
FLR-ACC-103851,Ifeoma Hassan,Individual,GB,GBP,Tier2_Verified,2026-01-17,73.49
FLR-ACC-103852,Laura Smith,Individual,GB,GBP,Tier3_Enhanced,2024-10-29,71.55
FLR-ACC-103853,Sunrise Media Co.,Business,NG,NGN,Tier3_Enhanced,2024-05-08,107.15
FLR-ACC-103854,David Okoro,Individual,NG,NGN,Tier2_Verified,2023-11-02,30.48
FLR-ACC-103855,Yetunde Bello,Individual,NG,NGN,Tier2_Verified,2024-11-17,127.54
FLR-ACC-103856,Daniel Green,Individual,NG,NGN,Tier2_Verified,2024-09-19,59.42
FLR-ACC-103857,Emeka Okoro,Individual,FR,EUR,Tier2_Verified,2024-08-27,74.26
FLR-ACC-103858,Funke Green,Individual,DE,EUR,Tier2_Verified,2025-01-04,76.72
FLR-ACC-103859,Blessing Bello,Individual,NG,NGN,Tier2_Verified,2025-12-13,112.21
FLR-ACC-103860,Femi Okafor,Individual,NG,NGN,Tier3_Enhanced,2024-10-26,104.13
FLR-ACC-103861,David Chukwu,Individual,GB,GBP,Tier2_Verified,2025-05-23,349.04
FLR-ACC-103862,Femi Balogun,Individual,DE,EUR,Tier2_Verified,2025-02-17,30.31
FLR-ACC-103863,Peter Smith,Individual,NG,NGN,Tier3_Enhanced,2024-10-27,44.41
FLR-ACC-103864,Kemi Okafor,Individual,NG,NGN,Tier2_Verified,2025-10-27,58.61
FLR-ACC-103865,Musa Nwosu,Individual,NG,NGN,Tier3_Enhanced,2025-09-19,35.76
FLR-ACC-103866,Laura Williams,Individual,DE,EUR,Tier2_Verified,2024-07-01,69.44
FLR-ACC-103867,Emeka Williams,Individual,NG,NGN,Tier2_Verified,2025-08-08,36.69
FLR-ACC-103868,Peter Okoro,Individual,NG,NGN,Tier2_Verified,2024-07-11,231.83
FLR-ACC-103869,Funke Obi,Individual,US,USD,Tier3_Enhanced,2023-12-27,72.96
FLR-ACC-103870,North Logistics Co.,Business,NG,NGN,Tier3_Enhanced,2025-02-21,399.04
FLR-ACC-103871,Olu Green,Individual,US,USD,Tier2_Verified,2024-03-27,82.83
FLR-ACC-103872,Mary Brown,Individual,NG,NGN,Tier1_Basic,2025-04-27,20.36
FLR-ACC-103873,Sunrise Consulting LLC,Business,FR,EUR,Tier2_Verified,2025-11-11,687.08
FLR-ACC-103874,Global Trading LLC,Business,NG,NGN,Tier3_Enhanced,2024-01-19,819.24
FLR-ACC-103875,John Okafor,Individual,NG,NGN,Tier3_Enhanced,2022-09-27,50.34
FLR-ACC-103876,Grace Balogun,Individual,US,USD,Tier3_Enhanced,2024-02-26,12.12
FLR-ACC-103877,Kemi Johnson,Individual,NG,NGN,Tier2_Verified,2025-05-07,59.19
FLR-ACC-103878,Yetunde Okafor,Individual,GB,GBP,Tier3_Enhanced,2022-07-06,43.7
FLR-ACC-103879,Funke Bello,Individual,GB,GBP,Tier3_Enhanced,2022-12-24,49.6
FLR-ACC-103880,David Obi,Individual,FR,EUR,Tier3_Enhanced,2025-02-25,103.23
FLR-ACC-103881,Laura Chukwu,Individual,US,USD,Tier2_Verified,2023-04-06,48.51
FLR-ACC-103882,James Chukwu,Individual,US,USD,Tier3_Enhanced,2025-02-23,371.88
FLR-ACC-103883,Metro Technologies Inc,Business,NG,NGN,Tier2_Verified,2023-06-16,780.29
FLR-ACC-103884,Emeka Balogun,Individual,NG,NGN,Tier2_Verified,2025-11-29,93.35
FLR-ACC-103885,Michael Adeyemi,Individual,NG,NGN,Tier2_Verified,2023-09-23,80.73
FLR-ACC-103886,Bluewave Trading Ltd,Business,NG,NGN,Tier2_Verified,2024-01-05,2591.66
FLR-ACC-103887,Sarah Adeyemi,Individual,GB,GBP,Tier3_Enhanced,2024-08-11,44.07
FLR-ACC-103888,David Yusuf,Individual,NG,NGN,Tier1_Basic,2025-07-25,26.34
FLR-ACC-103889,Femi Adekunle,Individual,GB,GBP,Tier2_Verified,2026-06-04,73.59
FLR-ACC-103890,Musa Johnson,Individual,DE,EUR,Tier2_Verified,2026-01-07,70.88
FLR-ACC-103891,Sarah Adekunle,Individual,US,USD,Tier2_Verified,2024-10-25,22.16
FLR-ACC-103892,Aisha Okoro,Individual,DE,EUR,Tier1_Basic,2026-08-05,172.97
FLR-ACC-103893,Prime Media Inc,Business,NG,NGN,Tier3_Enhanced,2025-02-20,3250.74
FLR-ACC-103894,Kemi Ibrahim,Individual,NG,NGN,Tier2_Verified,2025-11-21,77.48
FLR-ACC-103895,Kemi Smith,Individual,NG,NGN,Tier3_Enhanced,2025-10-29,101.61
FLR-ACC-103896,Laura Williams,Individual,GB,GBP,Tier2_Verified,2022-11-12,28.24
FLR-ACC-103897,Sunrise Textiles Co.,Business,NG,NGN,Tier3_Enhanced,2024-10-21,145.08
FLR-ACC-103898,Sarah Okoro,Individual,FR,EUR,Tier1_Basic,2026-06-04,42.35
FLR-ACC-103899,Femi Ibrahim,Individual,NG,NGN,Tier1_Basic,2026-05-04,99.95
FLR-ACC-103900,Emeka Green,Individual,DE,EUR,Tier2_Verified,2026-01-23,25.13
FLR-ACC-103901,Apex Ventures Inc,Business,NG,NGN,Tier3_Enhanced,2025-03-22,292.44
FLR-ACC-103902,Laura Taylor,Individual,US,USD,Tier2_Verified,2024-03-28,114.99
FLR-ACC-103903,Blessing Okafor,Individual,GB,GBP,Tier1_Basic,2026-04-25,44.82
FLR-ACC-103904,Tunde Fashola,Individual,GB,GBP,Tier2_Verified,2024-02-02,68.99
FLR-ACC-103905,Ngozi Johnson,Individual,US,USD,Tier3_Enhanced,2025-02-24,26.15
FLR-ACC-103906,Greenfield Builders Co.,Business,NG,NGN,Tier2_Verified,2025-10-05,1155.35
FLR-ACC-103907,David Eze,Individual,NG,NGN,Tier2_Verified,2025-02-27,91.73
FLR-ACC-103908,John Hassan,Individual,NG,NGN,Tier2_Verified,2024-12-15,43.56
FLR-ACC-103909,Greenfield Media Inc,Business,NG,NGN,Tier3_Enhanced,2024-08-09,176.36
FLR-ACC-103910,James Obi,Individual,US,USD,Tier3_Enhanced,2024-03-06,65.53
FLR-ACC-103911,Yetunde Chukwu,Individual,NG,NGN,Tier1_Basic,2026-05-22,49.02
FLR-ACC-103912,Bluewave Logistics Inc,Business,GB,GBP,Tier2_Verified,2025-03-06,465.01
FLR-ACC-103913,Metro Textiles Inc,Business,US,USD,Tier3_Enhanced,2025-05-19,903.43
FLR-ACC-103914,Ifeoma Ibrahim,Individual,US,USD,Tier1_Basic,2025-09-24,73.79
FLR-ACC-103915,Laura Balogun,Individual,GB,GBP,Tier3_Enhanced,2025-02-10,45.48
FLR-ACC-103916,Grace Nwosu,Individual,NG,NGN,Tier2_Verified,2025-04-20,34.92
FLR-ACC-103917,Michael Okafor,Individual,DE,EUR,Tier2_Verified,2025-08-02,110.89
FLR-ACC-103918,Femi Chukwu,Individual,NG,NGN,Tier1_Basic,2025-05-21,170.9
FLR-ACC-103919,Ngozi Yusuf,Individual,NG,NGN,Tier2_Verified,2023-08-11,29.96
FLR-ACC-103920,Sunrise Trading LLC,Business,NG,NGN,Tier2_Verified,2023-06-01,1085.17
FLR-ACC-103921,Musa Fashola,Individual,NG,NGN,Tier1_Basic,2024-09-07,179.12
FLR-ACC-103922,Bluewave Trading Ltd,Business,US,USD,Tier2_Verified,2024-11-02,232.74
FLR-ACC-103923,Ben Adekunle,Individual,NG,NGN,Tier3_Enhanced,2025-02-08,26.21
FLR-ACC-103924,Yetunde Hassan,Individual,NG,NGN,Tier2_Verified,2024-10-09,41.93
FLR-ACC-103925,Laura Ibrahim,Individual,NG,NGN,Tier2_Verified,2025-12-11,120.91
FLR-ACC-103926,David Yusuf,Individual,NG,NGN,Tier2_Verified,2025-08-11,22.36
FLR-ACC-103927,David Balogun,Individual,US,USD,Tier3_Enhanced,2025-03-15,75.11
FLR-ACC-103928,Aisha Fashola,Individual,NG,NGN,Tier3_Enhanced,2024-12-19,37.53
FLR-ACC-103929,Funke Bello,Individual,GB,GBP,Tier1_Basic,2025-01-08,116.07
FLR-ACC-103930,Ngozi Adeyemi,Individual,NG,NGN,Tier3_Enhanced,2024-06-13,24.93
FLR-ACC-103931,Funke Johnson,Individual,US,USD,Tier2_Verified,2023-09-06,196.65
FLR-ACC-103932,Chuka Taylor,Individual,NG,NGN,Tier3_Enhanced,2022-09-02,73.54
FLR-ACC-103933,Aisha Williams,Individual,GB,GBP,Tier2_Verified,2026-07-16,68.73
FLR-ACC-103934,Metro Logistics Ltd,Business,GB,GBP,Tier1_Basic,2026-01-11,530.05
FLR-ACC-103935,Sunrise Builders Co.,Business,FR,EUR,Tier2_Verified,2024-05-17,2685.25
FLR-ACC-103936,Aisha Brown,Individual,FR,EUR,Tier2_Verified,2024-12-16,19.99
FLR-ACC-103937,North Consulting Inc,Business,DE,EUR,Tier2_Verified,2025-04-06,1114.54
FLR-ACC-103938,Yetunde Johnson,Individual,NG,NGN,Tier1_Basic,2024-10-10,153.29
FLR-ACC-103939,Ngozi Chukwu,Individual,NG,NGN,Tier2_Verified,2025-12-07,26.02
FLR-ACC-103940,Michael Eze,Individual,NG,NGN,Tier3_Enhanced,2025-07-14,44.19
FLR-ACC-103941,Metro Consulting Ltd,Business,NG,NGN,Tier2_Verified,2025-11-08,325.37
FLR-ACC-103942,David Johnson,Individual,DE,EUR,Tier3_Enhanced,2023-06-26,42.51
FLR-ACC-103943,Chioma Bello,Individual,US,USD,Tier2_Verified,2022-11-14,61.42
FLR-ACC-103944,Laura Adekunle,Individual,NG,NGN,Tier2_Verified,2023-04-30,315.12
FLR-ACC-103945,Apex Trading LLC,Business,NG,NGN,Tier2_Verified,2024-05-12,320.46
FLR-ACC-103946,Metro Technologies Inc,Business,NG,NGN,Tier2_Verified,2025-02-07,204.54
FLR-ACC-103947,Chidi Balogun,Individual,NG,NGN,Tier3_Enhanced,2023-11-10,217.26
FLR-ACC-103948,John Okoro,Individual,NG,NGN,Tier2_Verified,2023-08-14,54.65
FLR-ACC-103949,Grace Yusuf,Individual,NG,NGN,Tier2_Verified,2024-02-18,25.84
FLR-ACC-103950,Funke Chukwu,Individual,NG,NGN,Tier2_Verified,2024-08-24,129.02
FLR-ACC-103951,Chidi Ibrahim,Individual,NG,NGN,Tier2_Verified,2025-11-17,90.43
FLR-ACC-103952,Silverline Textiles Ltd,Business,NG,NGN,Tier1_Basic,2024-05-17,434.75
FLR-ACC-103953,Peter Hassan,Individual,NG,NGN,Tier2_Verified,2025-09-18,49.23
FLR-ACC-103954,Grace Chukwu,Individual,US,USD,Tier3_Enhanced,2025-10-09,65.81
FLR-ACC-103955,David Adekunle,Individual,NG,NGN,Tier3_Enhanced,2025-02-11,69.82
FLR-ACC-103956,Peter Okafor,Individual,US,USD,Tier1_Basic,2026-05-07,51.85
FLR-ACC-103957,Ifeoma Adekunle,Individual,US,USD,Tier1_Basic,2025-05-02,205.28
FLR-ACC-103958,Global Media Inc,Business,NG,NGN,Tier2_Verified,2025-11-27,195.91
FLR-ACC-103959,John Eze,Individual,FR,EUR,Tier2_Verified,2024-07-25,42.09
FLR-ACC-103960,Apex Builders Ltd,Business,US,USD,Tier1_Basic,2026-06-25,257.74
FLR-ACC-103961,Metro Trading Co.,Business,GB,GBP,Tier3_Enhanced,2024-08-11,522.44
FLR-ACC-103962,Ruth Eze,Individual,US,USD,Tier2_Verified,2026-07-01,34.1
FLR-ACC-103963,Sunrise Foods Co.,Business,FR,EUR,Tier2_Verified,2024-09-18,2238.41
FLR-ACC-103964,Urban Retail LLC,Business,NG,NGN,Tier2_Verified,2026-01-15,1185.59
FLR-ACC-103965,James Adekunle,Individual,NG,NGN,Tier2_Verified,2025-07-26,129.88
FLR-ACC-103966,Aisha Okoro,Individual,GB,GBP,Tier2_Verified,2025-01-16,38.54
FLR-ACC-103967,Chioma Hassan,Individual,US,USD,Tier2_Verified,2023-03-21,76.09
FLR-ACC-103968,Ifeoma Williams,Individual,GB,GBP,Tier2_Verified,2024-10-30,44.4
FLR-ACC-103969,Sunrise Consulting Co.,Business,FR,EUR,Tier2_Verified,2025-05-22,1357.11
FLR-ACC-103970,Urban Textiles LLC,Business,NG,NGN,Tier2_Verified,2025-08-14,303.24
FLR-ACC-103971,Chidi Obi,Individual,NG,NGN,Tier3_Enhanced,2025-01-11,26.74
FLR-ACC-103972,Grace Ibrahim,Individual,NG,NGN,Tier3_Enhanced,2024-03-06,24.06
FLR-ACC-103973,Daniel Yusuf,Individual,NG,NGN,Tier1_Basic,2026-05-11,58.77
FLR-ACC-103974,Metro Ventures Inc,Business,DE,EUR,Tier2_Verified,2026-05-13,699.13
FLR-ACC-103975,Kunle Ibrahim,Individual,FR,EUR,Tier1_Basic,2025-07-26,40.42
FLR-ACC-103976,Bluewave Builders Inc,Business,FR,EUR,Tier1_Basic,2024-12-24,215.79
FLR-ACC-103977,Greenfield Media Inc,Business,GB,GBP,Tier1_Basic,2026-07-27,2842.26
FLR-ACC-103978,Femi Ibrahim,Individual,US,USD,Tier3_Enhanced,2025-03-03,47.82
FLR-ACC-103979,Amaka Brown,Individual,FR,EUR,Tier2_Verified,2024-03-21,110.87
FLR-ACC-103980,Chioma Smith,Individual,FR,EUR,Tier2_Verified,2024-09-19,32.2
FLR-ACC-103981,Urban Media Ltd,Business,US,USD,Tier2_Verified,2025-10-17,180.01
FLR-ACC-103982,Ruth Chukwu,Individual,NG,NGN,Tier1_Basic,2026-06-09,113.06
FLR-ACC-103983,Mary Green,Individual,NG,NGN,Tier1_Basic,2025-11-18,48.8
FLR-ACC-103984,Ben Ibrahim,Individual,US,USD,Tier3_Enhanced,2025-11-05,37.46
FLR-ACC-103985,Amaka Taylor,Individual,NG,NGN,Tier2_Verified,2025-08-06,30.11
FLR-ACC-103986,Kemi Chukwu,Individual,US,USD,Tier2_Verified,2023-02-01,48.28
FLR-ACC-103987,Olu Fashola,Individual,US,USD,Tier2_Verified,2025-09-06,40.26
FLR-ACC-103988,James Johnson,Individual,US,USD,Tier3_Enhanced,2024-02-03,137.42
FLR-ACC-103989,John Okoro,Individual,FR,EUR,Tier2_Verified,2025-05-02,65.16
FLR-ACC-103990,Silverline Logistics LLC,Business,NG,NGN,Tier1_Basic,2025-09-15,760.03
FLR-ACC-103991,Metro Consulting Inc,Business,GB,GBP,Tier2_Verified,2022-11-01,377.76
FLR-ACC-103992,Blessing Chukwu,Individual,NG,NGN,Tier2_Verified,2025-01-14,11.26
FLR-ACC-103993,Chuka Brown,Individual,NG,NGN,Tier2_Verified,2024-02-21,74.52
FLR-ACC-103994,North Builders Ltd,Business,NG,NGN,Tier2_Verified,2024-06-24,966.64
FLR-ACC-103995,Kemi Green,Individual,NG,NGN,Tier2_Verified,2023-03-06,35.05
FLR-ACC-103996,Kemi Johnson,Individual,NG,NGN,Tier2_Verified,2025-02-15,80.86
FLR-ACC-103997,James Green,Individual,NG,NGN,Tier2_Verified,2024-10-09,27.18
FLR-ACC-103998,Tobi Balogun,Individual,NG,NGN,Tier3_Enhanced,2025-08-20,165.81
FLR-ACC-103999,Sarah Taylor,Individual,NG,NGN,Tier2_Verified,2024-07-31,73.35
FLR-ACC-104000,Greenfield Media Ltd,Business,NG,NGN,Tier3_Enhanced,2021-12-25,4764.74
FLR-ACC-104001,Funke Chukwu,Individual,NG,NGN,Tier2_Verified,2024-04-08,116.16
FLR-ACC-104002,Tunde Okoro,Individual,GB,GBP,Tier3_Enhanced,2023-02-23,34.33
FLR-ACC-104003,Ruth Adeyemi,Individual,US,USD,Tier2_Verified,2025-09-03,31.11
FLR-ACC-104004,Kunle Adeyemi,Individual,GB,GBP,Tier2_Verified,2025-09-23,29.01
FLR-ACC-104005,North Logistics LLC,Business,NG,NGN,Tier1_Basic,2026-01-09,1318.24
FLR-ACC-104006,James Nwosu,Individual,NG,NGN,Tier3_Enhanced,2024-01-18,23.69
FLR-ACC-104007,Ifeoma Okoro,Individual,US,USD,Tier3_Enhanced,2025-01-05,57.18
FLR-ACC-104008,Metro Foods Co.,Business,NG,NGN,Tier2_Verified,2023-07-22,349.54
FLR-ACC-104009,Sarah Green,Individual,NG,NGN,Tier3_Enhanced,2024-11-27,31.72
FLR-ACC-104010,Silverline Consulting Ltd,Business,NG,NGN,Tier3_Enhanced,2024-05-25,479.12
FLR-ACC-104011,Musa Brown,Individual,US,USD,Tier2_Verified,2023-02-26,47.42
FLR-ACC-104012,Chioma Taylor,Individual,US,USD,Tier2_Verified,2025-02-09,146.72
FLR-ACC-104013,North Retail Co.,Business,NG,NGN,Tier2_Verified,2024-06-18,670.04
FLR-ACC-104014,Funke Obi,Individual,FR,EUR,Tier1_Basic,2025-06-16,197.42
FLR-ACC-104015,Prime Builders Inc,Business,GB,GBP,Tier2_Verified,2024-09-24,1038.82
FLR-ACC-104016,Ngozi Obi,Individual,GB,GBP,Tier2_Verified,2026-04-26,39.27
FLR-ACC-104017,Chidi Smith,Individual,DE,EUR,Tier2_Verified,2024-05-20,49.89
FLR-ACC-104018,Metro Technologies Inc,Business,DE,EUR,Tier2_Verified,2025-10-26,134.48
FLR-ACC-104019,John Obi,Individual,NG,NGN,Tier2_Verified,2025-10-24,45.17
FLR-ACC-104020,Musa Smith,Individual,US,USD,Tier2_Verified,2023-10-22,15.34
FLR-ACC-104021,Emeka Green,Individual,NG,NGN,Tier1_Basic,2025-04-01,31.79
FLR-ACC-104022,Global Ventures Inc,Business,NG,NGN,Tier2_Verified,2024-07-17,498.2
FLR-ACC-104023,Ngozi Brown,Individual,NG,NGN,Tier3_Enhanced,2025-03-08,64.48
FLR-ACC-104024,Aisha Eze,Individual,NG,NGN,Tier3_Enhanced,2025-11-30,75.55
FLR-ACC-104025,Greenfield Consulting Inc,Business,NG,NGN,Tier2_Verified,2025-10-19,348.54
FLR-ACC-104026,Amaka Okoro,Individual,NG,NGN,Tier1_Basic,2024-10-20,43.82
FLR-ACC-104027,Urban Foods LLC,Business,NG,NGN,Tier2_Verified,2025-07-19,659.72
FLR-ACC-104028,Prime Retail Inc,Business,NG,NGN,Tier3_Enhanced,2025-09-24,1042.86
FLR-ACC-104029,Chuka Eze,Individual,FR,EUR,Tier2_Verified,2025-08-20,65.75
FLR-ACC-104030,Silverline Foods Ltd,Business,NG,NGN,Tier2_Verified,2024-12-28,2068.98
FLR-ACC-104031,Aisha Smith,Individual,NG,NGN,Tier2_Verified,2025-11-17,37.99
FLR-ACC-104032,Daniel Obi,Individual,NG,NGN,Tier2_Verified,2026-08-04,130.11
FLR-ACC-104033,Michael Okafor,Individual,NG,NGN,Tier2_Verified,2026-05-08,75.16
FLR-ACC-104034,Blessing Green,Individual,NG,NGN,Tier3_Enhanced,2024-07-28,101.89
FLR-ACC-104035,Grace Eze,Individual,NG,NGN,Tier3_Enhanced,2026-01-06,198.49
FLR-ACC-104036,Prime Trading Inc,Business,NG,NGN,Tier3_Enhanced,2025-01-30,523.77
FLR-ACC-104037,Daniel Ibrahim,Individual,US,USD,Tier2_Verified,2025-07-29,45.03
FLR-ACC-104038,Olu Green,Individual,NG,NGN,Tier2_Verified,2026-03-05,57.46
FLR-ACC-104039,Silverline Consulting Ltd,Business,GB,GBP,Tier3_Enhanced,2024-12-16,305.24
FLR-ACC-104040,Ifeoma Chukwu,Individual,NG,NGN,Tier2_Verified,2025-04-12,14.74
FLR-ACC-104041,Emeka Fashola,Individual,US,USD,Tier1_Basic,2026-02-26,20.14
FLR-ACC-104042,Funke Fashola,Individual,DE,EUR,Tier2_Verified,2024-09-24,60.31
FLR-ACC-104043,Aisha Fashola,Individual,DE,EUR,Tier2_Verified,2025-09-01,26.6
FLR-ACC-104044,Greenfield Retail Inc,Business,FR,EUR,Tier3_Enhanced,2025-11-17,793.84
FLR-ACC-104045,Daniel Eze,Individual,US,USD,Tier2_Verified,2026-08-10,53.68
FLR-ACC-104046,Michael Okafor,Individual,US,USD,Tier2_Verified,2026-03-22,58.05
FLR-ACC-104047,Tobi Adekunle,Individual,US,USD,Tier2_Verified,2025-04-29,229.0
FLR-ACC-104048,Kemi Adekunle,Individual,US,USD,Tier3_Enhanced,2024-08-13,43.25
FLR-ACC-104049,Peter Yusuf,Individual,NG,NGN,Tier2_Verified,2026-01-06,120.04
FLR-ACC-104050,Chuka Green,Individual,US,USD,Tier2_Verified,2023-07-14,91.88
FLR-ACC-104051,Amaka Brown,Individual,FR,EUR,Tier1_Basic,2025-06-20,94.91
FLR-ACC-104052,James Balogun,Individual,NG,NGN,Tier3_Enhanced,2022-11-07,26.3
FLR-ACC-104053,Metro Consulting LLC,Business,GB,GBP,Tier2_Verified,2024-03-17,246.17
FLR-ACC-104054,Daniel Okoro,Individual,NG,NGN,Tier2_Verified,2023-11-24,39.82
FLR-ACC-104055,Tunde Balogun,Individual,US,USD,Tier2_Verified,2025-12-10,25.74
FLR-ACC-104056,John Johnson,Individual,GB,GBP,Tier3_Enhanced,2026-03-03,24.79
FLR-ACC-104057,Chidi Adeyemi,Individual,NG,NGN,Tier2_Verified,2024-09-04,56.61
FLR-ACC-104058,Urban Trading Co.,Business,NG,NGN,Tier2_Verified,2023-04-27,751.67
FLR-ACC-104059,Chidi Smith,Individual,NG,NGN,Tier3_Enhanced,2024-01-16,85.17
FLR-ACC-104060,Michael Obi,Individual,NG,NGN,Tier2_Verified,2024-02-29,203.35
FLR-ACC-104061,Kemi Green,Individual,NG,NGN,Tier2_Verified,2024-10-27,36.11
FLR-ACC-104062,Tunde Yusuf,Individual,US,USD,Tier1_Basic,2023-12-08,51.83
FLR-ACC-104063,Ben Bello,Individual,NG,NGN,Tier3_Enhanced,2025-01-05,24.06
FLR-ACC-104064,James Okoro,Individual,NG,NGN,Tier3_Enhanced,2025-02-01,81.12
FLR-ACC-104065,North Consulting Inc,Business,GB,GBP,Tier3_Enhanced,2023-01-19,573.45
FLR-ACC-104066,Blessing Yusuf,Individual,NG,NGN,Tier2_Verified,2024-09-05,70.3
FLR-ACC-104067,Metro Ventures LLC,Business,NG,NGN,Tier3_Enhanced,2024-08-06,1102.12
FLR-ACC-104068,Emeka Adeyemi,Individual,NG,NGN,Tier2_Verified,2023-08-29,30.74
FLR-ACC-104069,Yetunde Brown,Individual,NG,NGN,Tier2_Verified,2025-11-24,16.16
FLR-ACC-104070,Apex Retail LLC,Business,US,USD,Tier3_Enhanced,2024-08-02,3289.29
FLR-ACC-104071,Sunrise Consulting LLC,Business,FR,EUR,Tier2_Verified,2023-04-17,184.66
FLR-ACC-104072,Sarah Adeyemi,Individual,DE,EUR,Tier1_Basic,2025-05-12,36.88
FLR-ACC-104073,Greenfield Builders LLC,Business,GB,GBP,Tier2_Verified,2024-11-30,148.18
FLR-ACC-104074,Laura Hassan,Individual,NG,NGN,Tier2_Verified,2024-05-15,35.45
FLR-ACC-104075,Ifeoma Johnson,Individual,FR,EUR,Tier2_Verified,2023-07-26,16.84
FLR-ACC-104076,David Adeyemi,Individual,NG,NGN,Tier2_Verified,2023-10-29,56.24
FLR-ACC-104077,James Balogun,Individual,NG,NGN,Tier3_Enhanced,2023-12-30,45.28
FLR-ACC-104078,Greenfield Technologies Co.,Business,NG,NGN,Tier2_Verified,2024-01-09,185.66
FLR-ACC-104079,Ruth Fashola,Individual,GB,GBP,Tier2_Verified,2022-11-11,29.97
FLR-ACC-104080,Kemi Okoro,Individual,GB,GBP,Tier3_Enhanced,2026-01-11,96.02
FLR-ACC-104081,North Retail Co.,Business,NG,NGN,Tier1_Basic,2026-04-08,412.72
FLR-ACC-104082,Kunle Brown,Individual,US,USD,Tier3_Enhanced,2024-02-06,138.23
FLR-ACC-104083,Silverline Technologies Inc,Business,NG,NGN,Tier2_Verified,2025-01-17,1522.01
FLR-ACC-104084,Kunle Brown,Individual,NG,NGN,Tier2_Verified,2025-05-15,93.89
FLR-ACC-104085,Tobi Williams,Individual,NG,NGN,Tier3_Enhanced,2024-06-15,150.5
FLR-ACC-104086,Tobi Smith,Individual,FR,EUR,Tier2_Verified,2025-08-15,29.26
FLR-ACC-104087,Mary Nwosu,Individual,NG,NGN,Tier2_Verified,2026-03-03,27.13
FLR-ACC-104088,John Bello,Individual,NG,NGN,Tier2_Verified,2023-05-04,54.82
FLR-ACC-104089,Michael Eze,Individual,NG,NGN,Tier1_Basic,2025-07-20,60.64
FLR-ACC-104090,Michael Williams,Individual,DE,EUR,Tier2_Verified,2025-03-20,14.23
FLR-ACC-104091,Chioma Okafor,Individual,GB,GBP,Tier3_Enhanced,2024-07-16,28.87
FLR-ACC-104092,Global Ventures LLC,Business,NG,NGN,Tier2_Verified,2026-06-30,317.8
FLR-ACC-104093,Chioma Eze,Individual,US,USD,Tier2_Verified,2025-12-20,40.63
FLR-ACC-104094,Ben Williams,Individual,NG,NGN,Tier3_Enhanced,2025-02-26,226.33
FLR-ACC-104095,Kunle Adeyemi,Individual,NG,NGN,Tier1_Basic,2026-05-26,144.07
FLR-ACC-104096,David Balogun,Individual,GB,GBP,Tier3_Enhanced,2025-12-11,33.09
FLR-ACC-104097,Michael Williams,Individual,DE,EUR,Tier3_Enhanced,2022-09-20,37.14
FLR-ACC-104098,Aisha Balogun,Individual,US,USD,Tier3_Enhanced,2024-06-21,50.11
FLR-ACC-104099,North Foods Co.,Business,NG,NGN,Tier2_Verified,2026-04-23,439.96
FLR-ACC-104100,Amaka Green,Individual,NG,NGN,Tier3_Enhanced,2024-10-22,12.8
FLR-ACC-104101,Olu Fashola,Individual,FR,EUR,Tier1_Basic,2023-06-04,30.6
FLR-ACC-104102,Apex Ventures Inc,Business,US,USD,Tier2_Verified,2025-07-22,237.77
FLR-ACC-104103,John Hassan,Individual,US,USD,Tier3_Enhanced,2024-09-15,12.79
FLR-ACC-104104,Laura Smith,Individual,NG,NGN,Tier1_Basic,2025-11-10,151.43
FLR-ACC-104105,Kemi Green,Individual,NG,NGN,Tier2_Verified,2024-10-18,67.84
FLR-ACC-104106,Kemi Yusuf,Individual,US,USD,Tier2_Verified,2023-09-04,62.57
FLR-ACC-104107,Yetunde Williams,Individual,FR,EUR,Tier3_Enhanced,2024-02-06,210.52
FLR-ACC-104108,Sunrise Retail Co.,Business,DE,EUR,Tier1_Basic,2025-10-28,3116.75
FLR-ACC-104109,Daniel Fashola,Individual,NG,NGN,Tier1_Basic,2026-04-21,27.83
FLR-ACC-104110,Olu Nwosu,Individual,GB,GBP,Tier2_Verified,2024-02-19,109.13
FLR-ACC-104111,Greenfield Logistics Ltd,Business,NG,NGN,Tier2_Verified,2025-04-29,393.92
FLR-ACC-104112,Yetunde Obi,Individual,NG,NGN,Tier3_Enhanced,2025-01-01,47.76
FLR-ACC-104113,Amaka Hassan,Individual,GB,GBP,Tier3_Enhanced,2025-03-30,18.83
FLR-ACC-104114,Yetunde Chukwu,Individual,NG,NGN,Tier2_Verified,2023-07-04,19.25
FLR-ACC-104115,Grace Balogun,Individual,NG,NGN,Tier2_Verified,2025-03-26,198.57
FLR-ACC-104116,Silverline Foods Ltd,Business,NG,NGN,Tier2_Verified,2024-11-13,274.38
FLR-ACC-104117,Tunde Obi,Individual,FR,EUR,Tier2_Verified,2025-12-20,40.57
FLR-ACC-104118,Chioma Obi,Individual,FR,EUR,Tier3_Enhanced,2025-03-15,85.51
FLR-ACC-104119,Prime Logistics Ltd,Business,FR,EUR,Tier2_Verified,2025-09-09,642.25
FLR-ACC-104120,Chidi Nwosu,Individual,NG,NGN,Tier1_Basic,2023-07-21,77.96
FLR-ACC-104121,Prime Consulting LLC,Business,US,USD,Tier2_Verified,2026-06-25,483.88
FLR-ACC-104122,Femi Eze,Individual,GB,GBP,Tier2_Verified,2025-04-04,118.64
FLR-ACC-104123,Ifeoma Green,Individual,US,USD,Tier2_Verified,2023-09-29,56.25
FLR-ACC-104124,Ngozi Obi,Individual,NG,NGN,Tier3_Enhanced,2024-05-26,103.99
FLR-ACC-104125,Grace Green,Individual,NG,NGN,Tier3_Enhanced,2023-10-26,35.5
FLR-ACC-104126,Urban Retail Ltd,Business,NG,NGN,Tier3_Enhanced,2025-06-27,1468.82
FLR-ACC-104127,Tunde Bello,Individual,DE,EUR,Tier2_Verified,2024-03-04,72.99
FLR-ACC-104128,Chuka Brown,Individual,NG,NGN,Tier3_Enhanced,2023-05-01,36.42
FLR-ACC-104129,Metro Trading Inc,Business,US,USD,Tier1_Basic,2026-04-27,294.23
FLR-ACC-104130,Femi Okafor,Individual,NG,NGN,Tier1_Basic,2026-06-25,60.05
FLR-ACC-104131,Laura Taylor,Individual,US,USD,Tier2_Verified,2025-09-14,160.09
FLR-ACC-104132,Ngozi Taylor,Individual,US,USD,Tier2_Verified,2025-08-13,23.78
FLR-ACC-104133,James Chukwu,Individual,NG,NGN,Tier1_Basic,2024-10-22,78.82
FLR-ACC-104134,Ben Ibrahim,Individual,GB,GBP,Tier2_Verified,2025-12-10,31.63
FLR-ACC-104135,Ifeoma Williams,Individual,US,USD,Tier3_Enhanced,2024-06-17,58.32
FLR-ACC-104136,North Logistics LLC,Business,US,USD,Tier2_Verified,2025-10-18,1017.25
FLR-ACC-104137,Silverline Textiles Inc,Business,NG,NGN,Tier1_Basic,2025-05-12,71.75
FLR-ACC-104138,Kemi Fashola,Individual,NG,NGN,Tier2_Verified,2024-10-11,19.24
FLR-ACC-104139,Prime Retail Ltd,Business,NG,NGN,Tier3_Enhanced,2025-11-01,712.08
FLR-ACC-104140,Sunrise Textiles Co.,Business,NG,NGN,Tier3_Enhanced,2024-11-11,208.73
FLR-ACC-104141,Ngozi Eze,Individual,GB,GBP,Tier1_Basic,2024-12-19,48.52
FLR-ACC-104142,Aisha Adeyemi,Individual,NG,NGN,Tier2_Verified,2025-11-28,63.69
FLR-ACC-104143,Chuka Adeyemi,Individual,NG,NGN,Tier2_Verified,2024-04-23,445.12
FLR-ACC-104144,Peter Adekunle,Individual,NG,NGN,Tier1_Basic,2025-08-23,40.33
FLR-ACC-104145,Grace Balogun,Individual,GB,GBP,Tier1_Basic,2026-06-16,39.96
FLR-ACC-104146,North Ventures Inc,Business,NG,NGN,Tier3_Enhanced,2023-11-21,245.2
FLR-ACC-104147,Metro Textiles Co.,Business,US,USD,Tier3_Enhanced,2023-05-25,1051.09
FLR-ACC-104148,Grace Adeyemi,Individual,NG,NGN,Tier2_Verified,2024-06-26,36.37
FLR-ACC-104149,Tobi Chukwu,Individual,NG,NGN,Tier1_Basic,2026-06-18,42.11
FLR-ACC-104150,Funke Adeyemi,Individual,FR,EUR,Tier3_Enhanced,2026-03-19,50.15
FLR-ACC-104151,Ngozi Yusuf,Individual,NG,NGN,Tier1_Basic,2026-05-08,45.94
FLR-ACC-104152,Urban Foods Inc,Business,NG,NGN,Tier2_Verified,2024-09-18,516.07
FLR-ACC-104153,Laura Yusuf,Individual,NG,NGN,Tier2_Verified,2026-02-03,100.17
FLR-ACC-104154,Michael Hassan,Individual,US,USD,Tier2_Verified,2026-07-06,118.54
FLR-ACC-104155,Olu Johnson,Individual,GB,GBP,Tier3_Enhanced,2025-09-30,26.27
FLR-ACC-104156,Amaka Adeyemi,Individual,US,USD,Tier3_Enhanced,2025-02-17,54.92
FLR-ACC-104157,Sunrise Consulting Co.,Business,NG,NGN,Tier3_Enhanced,2024-05-22,415.57
FLR-ACC-104158,Emeka Chukwu,Individual,NG,NGN,Tier2_Verified,2023-12-14,35.8
FLR-ACC-104159,Emeka Brown,Individual,FR,EUR,Tier2_Verified,2025-08-03,16.96
FLR-ACC-104160,Tobi Nwosu,Individual,US,USD,Tier3_Enhanced,2025-02-27,22.2
FLR-ACC-104161,Emeka Balogun,Individual,NG,NGN,Tier2_Verified,2025-04-07,249.08
FLR-ACC-104162,Laura Brown,Individual,NG,NGN,Tier1_Basic,2025-01-18,80.59
FLR-ACC-104163,Ben Chukwu,Individual,GB,GBP,Tier2_Verified,2023-11-07,47.52
FLR-ACC-104164,Olu Obi,Individual,NG,NGN,Tier2_Verified,2025-01-03,43.37
FLR-ACC-104165,Grace Chukwu,Individual,GB,GBP,Tier1_Basic,2024-02-06,11.98
FLR-ACC-104166,Chidi Bello,Individual,NG,NGN,Tier3_Enhanced,2025-09-08,54.16
FLR-ACC-104167,Prime Logistics Ltd,Business,DE,EUR,Tier2_Verified,2025-06-27,412.77
FLR-ACC-104168,Prime Builders LLC,Business,NG,NGN,Tier3_Enhanced,2025-01-24,343.34
FLR-ACC-104169,Prime Foods Co.,Business,US,USD,Tier3_Enhanced,2023-08-02,185.23
FLR-ACC-104170,Global Technologies Inc,Business,NG,NGN,Tier2_Verified,2025-03-06,741.31
FLR-ACC-104171,Silverline Trading Co.,Business,NG,NGN,Tier3_Enhanced,2024-11-29,115.29
FLR-ACC-104172,Kunle Hassan,Individual,NG,NGN,Tier2_Verified,2025-05-06,22.61
FLR-ACC-104173,Ifeoma Balogun,Individual,US,USD,Tier2_Verified,2024-01-18,73.15
FLR-ACC-104174,Mary Green,Individual,DE,EUR,Tier1_Basic,2025-12-09,36.08
FLR-ACC-104175,Ngozi Fashola,Individual,US,USD,Tier2_Verified,2025-06-28,141.17
FLR-ACC-104176,Funke Johnson,Individual,US,USD,Tier2_Verified,2025-02-11,69.19
FLR-ACC-104177,Kemi Obi,Individual,US,USD,Tier3_Enhanced,2024-07-14,46.64
FLR-ACC-104178,Emeka Johnson,Individual,GB,GBP,Tier2_Verified,2025-07-29,201.49
FLR-ACC-104179,Amaka Eze,Individual,GB,GBP,Tier2_Verified,2026-01-16,104.68
FLR-ACC-104180,Global Technologies Ltd,Business,NG,NGN,Tier2_Verified,2025-07-03,1446.0
FLR-ACC-104181,Sarah Eze,Individual,US,USD,Tier2_Verified,2025-10-10,49.98
FLR-ACC-104182,James Williams,Individual,NG,NGN,Tier3_Enhanced,2025-08-20,28.34
FLR-ACC-104183,Ruth Bello,Individual,NG,NGN,Tier3_Enhanced,2022-11-02,25.23
FLR-ACC-104184,Musa Balogun,Individual,DE,EUR,Tier2_Verified,2026-02-16,41.16
FLR-ACC-104185,Metro Consulting Ltd,Business,GB,GBP,Tier1_Basic,2026-06-20,953.62
FLR-ACC-104186,John Hassan,Individual,US,USD,Tier2_Verified,2026-02-07,112.03
FLR-ACC-104187,Ruth Balogun,Individual,DE,EUR,Tier2_Verified,2025-01-14,35.06
FLR-ACC-104188,Ruth Yusuf,Individual,NG,NGN,Tier2_Verified,2023-09-26,125.25
FLR-ACC-104189,Chidi Taylor,Individual,US,USD,Tier2_Verified,2025-02-28,46.63
FLR-ACC-104190,Silverline Logistics LLC,Business,FR,EUR,Tier2_Verified,2025-08-11,1304.76
FLR-ACC-104191,Emeka Balogun,Individual,NG,NGN,Tier3_Enhanced,2022-10-13,36.01
FLR-ACC-104192,Amaka Williams,Individual,NG,NGN,Tier3_Enhanced,2024-03-14,53.13
FLR-ACC-104193,Emeka Williams,Individual,DE,EUR,Tier2_Verified,2026-01-13,22.2
FLR-ACC-104194,Mary Nwosu,Individual,NG,NGN,Tier2_Verified,2024-11-02,325.55
FLR-ACC-104195,Femi Adekunle,Individual,DE,EUR,Tier3_Enhanced,2024-05-17,31.24
FLR-ACC-104196,North Technologies LLC,Business,NG,NGN,Tier2_Verified,2023-03-31,544.29
FLR-ACC-104197,Tunde Nwosu,Individual,NG,NGN,Tier3_Enhanced,2025-01-17,38.41
FLR-ACC-104198,Global Foods Inc,Business,NG,NGN,Tier3_Enhanced,2025-01-11,470.87
FLR-ACC-104199,Sarah Yusuf,Individual,NG,NGN,Tier1_Basic,2026-07-16,51.16
FLR-ACC-104200,Prime Builders LLC,Business,US,USD,Tier3_Enhanced,2025-04-10,791.27
FLR-ACC-104201,Olu Taylor,Individual,GB,GBP,Tier1_Basic,2023-06-12,36.94
FLR-ACC-104202,Funke Eze,Individual,GB,GBP,Tier1_Basic,2026-03-16,109.96
FLR-ACC-104203,Funke Brown,Individual,GB,GBP,Tier1_Basic,2024-10-11,125.72
FLR-ACC-104204,Urban Media Co.,Business,NG,NGN,Tier2_Verified,2025-07-31,241.96
FLR-ACC-104205,Kemi Bello,Individual,NG,NGN,Tier3_Enhanced,2025-09-02,100.82
FLR-ACC-104206,John Smith,Individual,US,USD,Tier3_Enhanced,2025-09-03,70.54
FLR-ACC-104207,Yetunde Fashola,Individual,GB,GBP,Tier1_Basic,2026-03-30,16.42
FLR-ACC-104208,James Smith,Individual,US,USD,Tier2_Verified,2025-04-26,97.71
FLR-ACC-104209,Grace Eze,Individual,GB,GBP,Tier1_Basic,2025-12-08,45.01
FLR-ACC-104210,Chioma Chukwu,Individual,GB,GBP,Tier2_Verified,2024-11-19,83.47
FLR-ACC-104211,North Media Inc,Business,GB,GBP,Tier2_Verified,2025-08-01,389.02
FLR-ACC-104212,Urban Logistics Co.,Business,DE,EUR,Tier2_Verified,2025-05-01,536.75
FLR-ACC-104213,Ngozi Okoro,Individual,US,USD,Tier3_Enhanced,2024-04-01,96.05
FLR-ACC-104214,Amaka Adekunle,Individual,NG,NGN,Tier1_Basic,2026-03-13,92.92
FLR-ACC-104215,Kemi Nwosu,Individual,US,USD,Tier2_Verified,2025-11-16,38.65
FLR-ACC-104216,Femi Yusuf,Individual,GB,GBP,Tier3_Enhanced,2025-02-25,18.95
FLR-ACC-104217,Peter Williams,Individual,US,USD,Tier3_Enhanced,2024-05-08,47.68
FLR-ACC-104218,Bluewave Foods Co.,Business,US,USD,Tier3_Enhanced,2023-04-01,568.33
FLR-ACC-104219,Mary Okafor,Individual,GB,GBP,Tier1_Basic,2026-03-29,53.53
FLR-ACC-104220,Prime Foods LLC,Business,NG,NGN,Tier2_Verified,2025-10-02,217.77
FLR-ACC-104221,Mary Okoro,Individual,US,USD,Tier2_Verified,2025-09-03,71.46
FLR-ACC-104222,Yetunde Ibrahim,Individual,NG,NGN,Tier2_Verified,2025-08-18,230.46
FLR-ACC-104223,Tobi Taylor,Individual,NG,NGN,Tier2_Verified,2025-11-25,12.03
FLR-ACC-104224,John Okafor,Individual,GB,GBP,Tier2_Verified,2025-09-25,27.77
FLR-ACC-104225,Global Ventures Ltd,Business,DE,EUR,Tier3_Enhanced,2023-06-09,423.43
FLR-ACC-104226,Prime Retail LLC,Business,NG,NGN,Tier1_Basic,2025-10-28,925.41
FLR-ACC-104227,Bluewave Technologies LLC,Business,US,USD,Tier2_Verified,2025-09-20,929.57
FLR-ACC-104228,Emeka Johnson,Individual,NG,NGN,Tier2_Verified,2025-02-15,106.21
FLR-ACC-104229,Chidi Chukwu,Individual,GB,GBP,Tier3_Enhanced,2024-07-18,144.98
FLR-ACC-104230,Aisha Ibrahim,Individual,NG,NGN,Tier2_Verified,2025-03-05,165.16
FLR-ACC-104231,Bluewave Consulting LLC,Business,NG,NGN,Tier3_Enhanced,2025-12-23,486.53
FLR-ACC-104232,Chuka Fashola,Individual,NG,NGN,Tier2_Verified,2025-04-25,45.56
FLR-ACC-104233,Sunrise Builders Inc,Business,FR,EUR,Tier2_Verified,2026-04-27,94.68
FLR-ACC-104234,Ifeoma Williams,Individual,NG,NGN,Tier3_Enhanced,2023-01-07,96.4
FLR-ACC-104235,Urban Ventures LLC,Business,NG,NGN,Tier2_Verified,2024-07-29,1283.73
FLR-ACC-104236,Tunde Eze,Individual,NG,NGN,Tier3_Enhanced,2023-12-07,54.08
FLR-ACC-104237,Greenfield Textiles Co.,Business,US,USD,Tier3_Enhanced,2023-11-01,1022.43
FLR-ACC-104238,Sunrise Foods LLC,Business,DE,EUR,Tier1_Basic,2026-06-11,342.8
FLR-ACC-104239,Funke Eze,Individual,NG,NGN,Tier3_Enhanced,2023-11-18,64.47
FLR-ACC-104240,Emeka Green,Individual,GB,GBP,Tier3_Enhanced,2025-04-15,30.87
FLR-ACC-104241,Peter Balogun,Individual,NG,NGN,Tier2_Verified,2026-05-30,229.22
FLR-ACC-104242,Ruth Nwosu,Individual,DE,EUR,Tier3_Enhanced,2024-05-31,176.37
FLR-ACC-104243,Peter Yusuf,Individual,NG,NGN,Tier1_Basic,2025-08-16,19.67
FLR-ACC-104244,Tobi Green,Individual,GB,GBP,Tier2_Verified,2025-04-29,68.17
FLR-ACC-104245,Amaka Smith,Individual,NG,NGN,Tier3_Enhanced,2024-05-26,57.81
FLR-ACC-104246,Tunde Bello,Individual,NG,NGN,Tier2_Verified,2024-11-15,61.58
FLR-ACC-104247,Tobi Bello,Individual,US,USD,Tier3_Enhanced,2024-08-31,112.26
FLR-ACC-104248,Sunrise Ventures Ltd,Business,NG,NGN,Tier2_Verified,2025-06-19,377.42
FLR-ACC-104249,Ruth Adekunle,Individual,NG,NGN,Tier2_Verified,2024-07-11,87.68
FLR-ACC-104250,Prime Logistics LLC,Business,US,USD,Tier1_Basic,2025-05-05,352.75
FLR-ACC-104251,Amaka Okoro,Individual,US,USD,Tier2_Verified,2025-06-12,292.31
FLR-ACC-104252,Sarah Yusuf,Individual,FR,EUR,Tier3_Enhanced,2023-07-06,39.71
FLR-ACC-104253,Sunrise Foods Ltd,Business,NG,NGN,Tier2_Verified,2024-01-31,182.97
FLR-ACC-104254,Funke Balogun,Individual,FR,EUR,Tier3_Enhanced,2024-09-07,74.66
FLR-ACC-104255,Ruth Bello,Individual,GB,GBP,Tier2_Verified,2025-08-19,25.57
FLR-ACC-104256,Tobi Green,Individual,NG,NGN,Tier3_Enhanced,2024-02-12,34.95
FLR-ACC-104257,Urban Foods Inc,Business,GB,GBP,Tier3_Enhanced,2024-11-23,353.04
FLR-ACC-104258,Ruth Okoro,Individual,US,USD,Tier3_Enhanced,2025-04-08,54.07
FLR-ACC-104259,Funke Okoro,Individual,FR,EUR,Tier2_Verified,2024-07-05,63.51
FLR-ACC-104260,Ben Brown,Individual,NG,NGN,Tier1_Basic,2026-02-02,61.24
FLR-ACC-104261,Amaka Johnson,Individual,GB,GBP,Tier1_Basic,2024-07-22,53.38
FLR-ACC-104262,Bluewave Consulting Ltd,Business,NG,NGN,Tier3_Enhanced,2022-04-16,997.72
FLR-ACC-104263,Ngozi Bello,Individual,NG,NGN,Tier3_Enhanced,2024-12-13,53.79
FLR-ACC-104264,Funke Johnson,Individual,GB,GBP,Tier2_Verified,2025-04-14,96.3
FLR-ACC-104265,Apex Logistics Inc,Business,NG,NGN,Tier3_Enhanced,2025-02-22,654.7
FLR-ACC-104266,Tobi Obi,Individual,GB,GBP,Tier3_Enhanced,2025-08-23,79.66
FLR-ACC-104267,David Okoro,Individual,US,USD,Tier2_Verified,2026-06-24,21.85
FLR-ACC-104268,Chioma Okafor,Individual,FR,EUR,Tier3_Enhanced,2024-03-12,38.15
FLR-ACC-104269,David Okafor,Individual,US,USD,Tier2_Verified,2025-05-04,94.12
FLR-ACC-104270,Ben Balogun,Individual,NG,NGN,Tier1_Basic,2025-06-16,54.63
FLR-ACC-104271,Yetunde Yusuf,Individual,GB,GBP,Tier2_Verified,2024-07-08,26.09
FLR-ACC-104272,Chioma Green,Individual,NG,NGN,Tier1_Basic,2026-06-25,98.53
FLR-ACC-104273,North Technologies Co.,Business,NG,NGN,Tier2_Verified,2024-06-26,789.69
FLR-ACC-104274,Daniel Williams,Individual,GB,GBP,Tier3_Enhanced,2024-11-14,68.99
FLR-ACC-104275,Urban Technologies Ltd,Business,US,USD,Tier3_Enhanced,2024-04-12,323.33
FLR-ACC-104276,Chioma Chukwu,Individual,NG,NGN,Tier2_Verified,2026-07-04,95.39
FLR-ACC-104277,Grace Yusuf,Individual,NG,NGN,Tier3_Enhanced,2024-05-26,50.41
FLR-ACC-104278,Chioma Adeyemi,Individual,FR,EUR,Tier2_Verified,2025-07-09,42.98
FLR-ACC-104279,Ruth Adeyemi,Individual,US,USD,Tier3_Enhanced,2024-02-19,79.33
FLR-ACC-104280,Chioma Yusuf,Individual,NG,NGN,Tier2_Verified,2026-03-06,37.24
FLR-ACC-104281,Greenfield Trading Inc,Business,FR,EUR,Tier2_Verified,2026-01-04,830.58
FLR-ACC-104282,Greenfield Retail LLC,Business,DE,EUR,Tier3_Enhanced,2024-12-19,394.42
FLR-ACC-104283,Musa Fashola,Individual,NG,NGN,Tier2_Verified,2024-12-12,81.24
FLR-ACC-104284,Global Media LLC,Business,US,USD,Tier2_Verified,2023-12-07,144.12
FLR-ACC-104285,Tobi Adeyemi,Individual,US,USD,Tier2_Verified,2024-02-26,40.04
FLR-ACC-104286,James Fashola,Individual,NG,NGN,Tier2_Verified,2024-11-27,31.29
FLR-ACC-104287,David Okafor,Individual,US,USD,Tier3_Enhanced,2023-11-27,21.32
FLR-ACC-104288,Urban Technologies LLC,Business,US,USD,Tier2_Verified,2025-09-18,1391.73
FLR-ACC-104289,Ben Adeyemi,Individual,GB,GBP,Tier2_Verified,2025-10-14,40.95
FLR-ACC-104290,Global Retail Co.,Business,NG,NGN,Tier2_Verified,2026-01-19,692.08
FLR-ACC-104291,Emeka Hassan,Individual,GB,GBP,Tier1_Basic,2024-02-23,25.16
FLR-ACC-104292,Bluewave Logistics Co.,Business,US,USD,Tier3_Enhanced,2024-06-25,297.62
FLR-ACC-104293,Daniel Williams,Individual,NG,NGN,Tier3_Enhanced,2024-10-13,201.24
FLR-ACC-104294,John Eze,Individual,DE,EUR,Tier3_Enhanced,2022-11-02,200.27
FLR-ACC-104295,Metro Textiles Inc,Business,NG,NGN,Tier1_Basic,2024-04-27,546.23
FLR-ACC-104296,Grace Okafor,Individual,DE,EUR,Tier1_Basic,2026-04-17,81.63
FLR-ACC-104297,Daniel Adekunle,Individual,NG,NGN,Tier3_Enhanced,2023-12-06,18.43
FLR-ACC-104298,Metro Retail Ltd,Business,NG,NGN,Tier3_Enhanced,2024-09-23,850.75
FLR-ACC-104299,Funke Nwosu,Individual,US,USD,Tier1_Basic,2025-05-01,95.34
FLR-ACC-104300,Kunle Balogun,Individual,DE,EUR,Tier2_Verified,2025-06-14,102.41
FLR-ACC-104301,Ifeoma Taylor,Individual,NG,NGN,Tier2_Verified,2025-07-15,67.42
FLR-ACC-104302,Sarah Fashola,Individual,NG,NGN,Tier2_Verified,2026-01-03,37.68
FLR-ACC-104303,Ruth Fashola,Individual,NG,NGN,Tier2_Verified,2025-12-31,26.73
FLR-ACC-104304,Ngozi Smith,Individual,NG,NGN,Tier2_Verified,2026-01-13,30.17
FLR-ACC-104305,Ruth Green,Individual,US,USD,Tier2_Verified,2023-04-21,30.18
FLR-ACC-104306,Urban Builders Inc,Business,GB,GBP,Tier2_Verified,2024-06-17,904.9
FLR-ACC-104307,Prime Trading Ltd,Business,DE,EUR,Tier2_Verified,2024-06-17,1480.41
FLR-ACC-104308,Aisha Hassan,Individual,US,USD,Tier2_Verified,2026-06-09,19.47
FLR-ACC-104309,Yetunde Green,Individual,NG,NGN,Tier2_Verified,2024-02-14,36.99
FLR-ACC-104310,Metro Media Ltd,Business,GB,GBP,Tier2_Verified,2025-08-09,301.19
FLR-ACC-104311,Greenfield Foods Inc,Business,NG,NGN,Tier2_Verified,2025-06-07,267.15
FLR-ACC-104312,Apex Builders Co.,Business,NG,NGN,Tier1_Basic,2025-01-26,775.92
FLR-ACC-104313,David Hassan,Individual,GB,GBP,Tier2_Verified,2024-03-26,105.27
FLR-ACC-104314,John Bello,Individual,NG,NGN,Tier2_Verified,2023-06-09,68.52
FLR-ACC-104315,Global Textiles LLC,Business,NG,NGN,Tier1_Basic,2026-05-03,254.08
FLR-ACC-104316,James Ibrahim,Individual,FR,EUR,Tier1_Basic,2023-03-25,60.54
FLR-ACC-104317,Amaka Eze,Individual,FR,EUR,Tier2_Verified,2026-04-23,26.49
FLR-ACC-104318,Global Ventures LLC,Business,NG,NGN,Tier3_Enhanced,2023-03-13,166.09
FLR-ACC-104319,Funke Hassan,Individual,NG,NGN,Tier2_Verified,2025-07-02,58.55
FLR-ACC-104320,Metro Foods Ltd,Business,US,USD,Tier2_Verified,2024-06-02,660.95
FLR-ACC-104321,Peter Smith,Individual,GB,GBP,Tier1_Basic,2026-02-20,37.14
FLR-ACC-104322,Ifeoma Yusuf,Individual,NG,NGN,Tier3_Enhanced,2024-06-02,62.22
FLR-ACC-104323,Aisha Eze,Individual,NG,NGN,Tier2_Verified,2025-08-30,81.23
FLR-ACC-104324,Apex Technologies Ltd,Business,GB,GBP,Tier1_Basic,2026-04-08,1149.33
FLR-ACC-104325,Tobi Fashola,Individual,GB,GBP,Tier1_Basic,2026-07-01,45.63
FLR-ACC-104326,Silverline Textiles Inc,Business,US,USD,Tier3_Enhanced,2024-06-14,274.96
FLR-ACC-104327,James Okoro,Individual,DE,EUR,Tier3_Enhanced,2024-05-22,51.95
FLR-ACC-104328,Bluewave Builders Inc,Business,GB,GBP,Tier2_Verified,2025-06-27,623.12
FLR-ACC-104329,John Adekunle,Individual,NG,NGN,Tier3_Enhanced,2023-12-27,30.88
FLR-ACC-104330,Tobi Adeyemi,Individual,NG,NGN,Tier1_Basic,2026-02-10,50.16
FLR-ACC-104331,Sarah Williams,Individual,NG,NGN,Tier1_Basic,2025-12-16,58.52
FLR-ACC-104332,Urban Technologies Co.,Business,NG,NGN,Tier2_Verified,2026-01-18,151.76
FLR-ACC-104333,Yetunde Johnson,Individual,NG,NGN,Tier2_Verified,2024-08-14,69.19
FLR-ACC-104334,Ngozi Hassan,Individual,NG,NGN,Tier2_Verified,2025-07-21,24.59
FLR-ACC-104335,Peter Nwosu,Individual,GB,GBP,Tier2_Verified,2024-07-21,77.07
FLR-ACC-104336,North Ventures Inc,Business,GB,GBP,Tier3_Enhanced,2026-03-09,149.25
FLR-ACC-104337,Prime Builders Inc,Business,US,USD,Tier2_Verified,2023-09-06,162.91
FLR-ACC-104338,Kemi Williams,Individual,NG,NGN,Tier2_Verified,2025-09-01,123.68
FLR-ACC-104339,Sarah Nwosu,Individual,US,USD,Tier2_Verified,2023-08-27,29.1
FLR-ACC-104340,Metro Builders Inc,Business,NG,NGN,Tier2_Verified,2025-09-28,181.67
FLR-ACC-104341,North Retail LLC,Business,NG,NGN,Tier2_Verified,2025-07-23,788.63
FLR-ACC-104342,Silverline Trading Co.,Business,NG,NGN,Tier2_Verified,2024-08-02,163.67
FLR-ACC-104343,Peter Okafor,Individual,US,USD,Tier1_Basic,2026-02-28,59.4
FLR-ACC-104344,Ben Green,Individual,NG,NGN,Tier3_Enhanced,2025-06-06,102.39
FLR-ACC-104345,Musa Eze,Individual,NG,NGN,Tier2_Verified,2025-08-08,36.29
FLR-ACC-104346,Grace Okafor,Individual,NG,NGN,Tier2_Verified,2026-07-07,44.56
FLR-ACC-104347,Ruth Johnson,Individual,NG,NGN,Tier1_Basic,2026-03-16,56.79
FLR-ACC-104348,Chidi Adekunle,Individual,NG,NGN,Tier3_Enhanced,2023-11-17,117.2
FLR-ACC-104349,David Okoro,Individual,NG,NGN,Tier1_Basic,2022-12-20,36.63
FLR-ACC-104350,Yetunde Brown,Individual,NG,NGN,Tier2_Verified,2026-05-08,27.87
FLR-ACC-104351,Daniel Chukwu,Individual,NG,NGN,Tier3_Enhanced,2025-07-16,49.72
FLR-ACC-104352,Emeka Williams,Individual,GB,GBP,Tier3_Enhanced,2024-08-05,59.62
FLR-ACC-104353,Sunrise Retail Inc,Business,US,USD,Tier1_Basic,2025-08-12,1026.56
FLR-ACC-104354,John Hassan,Individual,NG,NGN,Tier3_Enhanced,2026-04-16,32.44
FLR-ACC-104355,Silverline Foods Co.,Business,US,USD,Tier2_Verified,2024-07-21,420.21
FLR-ACC-104356,Global Textiles Inc,Business,GB,GBP,Tier2_Verified,2023-09-28,166.82
FLR-ACC-104357,Apex Retail LLC,Business,US,USD,Tier3_Enhanced,2024-09-21,707.61
FLR-ACC-104358,Bluewave Builders Inc,Business,NG,NGN,Tier3_Enhanced,2026-05-06,245.62
FLR-ACC-104359,Peter Chukwu,Individual,NG,NGN,Tier3_Enhanced,2025-02-18,91.89
FLR-ACC-104360,Aisha Okafor,Individual,US,USD,Tier2_Verified,2026-06-18,87.78
FLR-ACC-104361,Musa Adeyemi,Individual,US,USD,Tier2_Verified,2024-05-24,48.83
FLR-ACC-104362,David Smith,Individual,FR,EUR,Tier1_Basic,2026-01-05,17.33
FLR-ACC-104363,Michael Balogun,Individual,US,USD,Tier1_Basic,2026-04-06,67.22
FLR-ACC-104364,Silverline Technologies LLC,Business,GB,GBP,Tier1_Basic,2026-03-03,909.97
FLR-ACC-104365,North Logistics Inc,Business,NG,NGN,Tier1_Basic,2025-05-30,132.94
FLR-ACC-104366,Apex Builders LLC,Business,FR,EUR,Tier2_Verified,2025-08-29,327.98
FLR-ACC-104367,Peter Hassan,Individual,NG,NGN,Tier1_Basic,2026-08-16,29.96
FLR-ACC-104368,Sunrise Foods Co.,Business,NG,NGN,Tier2_Verified,2023-05-18,98.0
FLR-ACC-104369,Global Textiles LLC,Business,NG,NGN,Tier2_Verified,2026-03-02,136.67
FLR-ACC-104370,Yetunde Hassan,Individual,GB,GBP,Tier2_Verified,2026-06-05,78.14
FLR-ACC-104371,Chioma Hassan,Individual,NG,NGN,Tier2_Verified,2024-06-15,10.64
FLR-ACC-104372,James Yusuf,Individual,FR,EUR,Tier2_Verified,2025-12-19,64.93
FLR-ACC-104373,Ruth Balogun,Individual,FR,EUR,Tier2_Verified,2025-10-28,22.38
FLR-ACC-104374,Global Consulting Inc,Business,US,USD,Tier3_Enhanced,2023-10-13,384.73
FLR-ACC-104375,Emeka Fashola,Individual,GB,GBP,Tier2_Verified,2024-04-06,66.71
FLR-ACC-104376,John Smith,Individual,NG,NGN,Tier2_Verified,2024-07-09,37.94
FLR-ACC-104377,Amaka Yusuf,Individual,NG,NGN,Tier2_Verified,2025-04-28,19.94
FLR-ACC-104378,Urban Media Inc,Business,GB,GBP,Tier3_Enhanced,2024-05-14,64.57
FLR-ACC-104379,Ben Eze,Individual,NG,NGN,Tier2_Verified,2025-03-28,118.61
FLR-ACC-104380,Ruth Bello,Individual,NG,NGN,Tier1_Basic,2025-05-28,24.78
FLR-ACC-104381,David Johnson,Individual,NG,NGN,Tier2_Verified,2024-07-04,28.69
FLR-ACC-104382,Kemi Yusuf,Individual,GB,GBP,Tier3_Enhanced,2025-06-07,25.48
FLR-ACC-104383,Sunrise Textiles Ltd,Business,NG,NGN,Tier2_Verified,2025-08-11,1784.0
FLR-ACC-104384,North Builders LLC,Business,NG,NGN,Tier2_Verified,2025-02-20,823.38
FLR-ACC-104385,Global Media LLC,Business,US,USD,Tier2_Verified,2024-06-02,196.73
FLR-ACC-104386,David Adeyemi,Individual,US,USD,Tier2_Verified,2023-10-07,24.8
FLR-ACC-104387,Ruth Okafor,Individual,US,USD,Tier2_Verified,2025-08-31,51.47
FLR-ACC-104388,Michael Ibrahim,Individual,NG,NGN,Tier3_Enhanced,2024-09-14,43.43
FLR-ACC-104389,James Hassan,Individual,FR,EUR,Tier2_Verified,2024-04-06,85.35
FLR-ACC-104390,Ifeoma Smith,Individual,US,USD,Tier3_Enhanced,2024-06-17,33.0
FLR-ACC-104391,Prime Trading Co.,Business,NG,NGN,Tier3_Enhanced,2024-02-18,646.52
FLR-ACC-104392,Ben Fashola,Individual,GB,GBP,Tier3_Enhanced,2024-10-17,49.23
FLR-ACC-104393,Grace Obi,Individual,NG,NGN,Tier2_Verified,2025-07-16,19.54
FLR-ACC-104394,Global Retail Ltd,Business,NG,NGN,Tier2_Verified,2023-09-28,470.33
FLR-ACC-104395,Greenfield Textiles Inc,Business,NG,NGN,Tier2_Verified,2024-12-06,1116.71
FLR-ACC-104396,Sunrise Technologies Ltd,Business,US,USD,Tier2_Verified,2026-01-03,478.06
FLR-ACC-104397,John Williams,Individual,US,USD,Tier2_Verified,2025-08-13,36.45
FLR-ACC-104398,Daniel Nwosu,Individual,FR,EUR,Tier3_Enhanced,2023-06-05,258.44
FLR-ACC-104399,Greenfield Foods Co.,Business,US,USD,Tier2_Verified,2025-10-24,238.11
FLR-ACC-104400,Laura Chukwu,Individual,GB,GBP,Tier2_Verified,2025-08-01,21.73
FLR-ACC-104401,Bluewave Textiles Co.,Business,US,USD,Tier3_Enhanced,2025-05-05,466.83
FLR-ACC-104402,Femi Ibrahim,Individual,GB,GBP,Tier2_Verified,2026-06-12,36.45
FLR-ACC-104403,Amaka Yusuf,Individual,US,USD,Tier2_Verified,2024-03-21,64.41
FLR-ACC-104404,Ngozi Bello,Individual,US,USD,Tier2_Verified,2026-04-19,32.95
FLR-ACC-104405,Urban Logistics Ltd,Business,NG,NGN,Tier3_Enhanced,2024-07-13,1562.85
FLR-ACC-104406,Femi Balogun,Individual,US,USD,Tier2_Verified,2025-06-28,50.48
FLR-ACC-104407,Tobi Ibrahim,Individual,NG,NGN,Tier3_Enhanced,2026-03-31,77.0
FLR-ACC-104408,Kunle Adekunle,Individual,NG,NGN,Tier1_Basic,2025-08-25,28.12
FLR-ACC-104409,Blessing Balogun,Individual,NG,NGN,Tier3_Enhanced,2024-04-16,48.86
FLR-ACC-104410,Chuka Williams,Individual,NG,NGN,Tier2_Verified,2025-05-15,33.75
FLR-ACC-104411,Daniel Ibrahim,Individual,DE,EUR,Tier3_Enhanced,2024-06-18,38.51
FLR-ACC-104412,Blessing Balogun,Individual,GB,GBP,Tier2_Verified,2024-04-29,102.66
FLR-ACC-104413,Emeka Ibrahim,Individual,NG,NGN,Tier1_Basic,2023-08-13,108.9
FLR-ACC-104414,James Okafor,Individual,DE,EUR,Tier2_Verified,2024-11-19,19.55
FLR-ACC-104415,Chidi Balogun,Individual,NG,NGN,Tier3_Enhanced,2024-06-11,30.79
FLR-ACC-104416,John Fashola,Individual,DE,EUR,Tier3_Enhanced,2024-05-08,114.29
FLR-ACC-104417,James Nwosu,Individual,DE,EUR,Tier3_Enhanced,2024-01-07,29.84
FLR-ACC-104418,Global Consulting Ltd,Business,NG,NGN,Tier2_Verified,2024-06-26,512.26
FLR-ACC-104419,Sunrise Retail Inc,Business,GB,GBP,Tier2_Verified,2025-10-07,373.19
FLR-ACC-104420,Peter Hassan,Individual,NG,NGN,Tier3_Enhanced,2024-06-21,65.44
FLR-ACC-104421,Chioma Balogun,Individual,US,USD,Tier2_Verified,2025-11-18,28.22
FLR-ACC-104422,Yetunde Williams,Individual,US,USD,Tier1_Basic,2026-05-09,73.63
FLR-ACC-104423,Amaka Ibrahim,Individual,DE,EUR,Tier2_Verified,2024-12-06,67.0
FLR-ACC-104424,Emeka Smith,Individual,NG,NGN,Tier1_Basic,2026-05-05,42.85
FLR-ACC-104425,Amaka Nwosu,Individual,NG,NGN,Tier3_Enhanced,2024-04-24,51.41
FLR-ACC-104426,Yetunde Okafor,Individual,NG,NGN,Tier2_Verified,2026-06-10,104.22
FLR-ACC-104427,Chidi Okafor,Individual,DE,EUR,Tier2_Verified,2025-03-05,80.5
FLR-ACC-104428,Ifeoma Taylor,Individual,NG,NGN,Tier3_Enhanced,2025-12-21,129.33
FLR-ACC-104429,James Williams,Individual,US,USD,Tier1_Basic,2024-03-15,321.21
FLR-ACC-104430,Apex Consulting LLC,Business,GB,GBP,Tier2_Verified,2023-06-09,288.25
FLR-ACC-104431,Apex Retail Ltd,Business,NG,NGN,Tier3_Enhanced,2024-09-07,273.67
FLR-ACC-104432,Blessing Nwosu,Individual,NG,NGN,Tier1_Basic,2026-05-15,30.48
FLR-ACC-104433,Urban Ventures Inc,Business,GB,GBP,Tier2_Verified,2025-11-17,527.55
FLR-ACC-104434,Metro Logistics Inc,Business,NG,NGN,Tier3_Enhanced,2025-02-26,524.24
FLR-ACC-104435,Tunde Taylor,Individual,US,USD,Tier2_Verified,2026-01-03,15.83
FLR-ACC-104436,Femi Bello,Individual,GB,GBP,Tier3_Enhanced,2023-09-25,112.88
FLR-ACC-104437,Funke Hassan,Individual,GB,GBP,Tier3_Enhanced,2023-11-03,55.55
FLR-ACC-104438,Kunle Okoro,Individual,NG,NGN,Tier1_Basic,2025-07-09,30.72
FLR-ACC-104439,Mary Obi,Individual,FR,EUR,Tier2_Verified,2025-08-30,57.3
FLR-ACC-104440,John Smith,Individual,US,USD,Tier2_Verified,2023-09-24,13.13
FLR-ACC-104441,Chidi Okoro,Individual,GB,GBP,Tier2_Verified,2022-11-07,35.42
FLR-ACC-104442,Ruth Fashola,Individual,US,USD,Tier2_Verified,2025-06-19,54.73
FLR-ACC-104443,Michael Adeyemi,Individual,NG,NGN,Tier1_Basic,2023-10-29,82.75
FLR-ACC-104444,Sunrise Media Ltd,Business,DE,EUR,Tier3_Enhanced,2024-12-29,493.85
FLR-ACC-104445,James Yusuf,Individual,NG,NGN,Tier2_Verified,2025-03-03,30.32
FLR-ACC-104446,John Okafor,Individual,NG,NGN,Tier2_Verified,2025-12-15,31.28
FLR-ACC-104447,Bluewave Ventures Co.,Business,NG,NGN,Tier3_Enhanced,2025-03-22,551.2
FLR-ACC-104448,Emeka Smith,Individual,US,USD,Tier3_Enhanced,2024-08-27,147.82
FLR-ACC-104449,Emeka Fashola,Individual,US,USD,Tier2_Verified,2024-10-19,45.85
FLR-ACC-104450,Tobi Chukwu,Individual,DE,EUR,Tier3_Enhanced,2026-03-23,26.37
FLR-ACC-104451,Chuka Hassan,Individual,GB,GBP,Tier3_Enhanced,2025-12-15,24.5
FLR-ACC-104452,Musa Brown,Individual,GB,GBP,Tier2_Verified,2022-08-01,53.39
FLR-ACC-104453,Funke Balogun,Individual,NG,NGN,Tier2_Verified,2026-01-23,11.59
FLR-ACC-104454,Laura Obi,Individual,US,USD,Tier2_Verified,2025-06-25,25.42
FLR-ACC-104455,Peter Okafor,Individual,NG,NGN,Tier2_Verified,2026-03-23,33.46
FLR-ACC-104456,Bluewave Trading LLC,Business,US,USD,Tier3_Enhanced,2024-08-03,836.47
FLR-ACC-104457,Greenfield Trading Ltd,Business,NG,NGN,Tier2_Verified,2024-08-07,423.07
FLR-ACC-104458,Bluewave Media Ltd,Business,US,USD,Tier1_Basic,2025-05-16,820.12
FLR-ACC-104459,Peter Obi,Individual,NG,NGN,Tier3_Enhanced,2023-03-23,109.02
FLR-ACC-104460,Tobi Eze,Individual,NG,NGN,Tier3_Enhanced,2023-06-07,25.04
FLR-ACC-104461,Funke Johnson,Individual,US,USD,Tier2_Verified,2025-08-27,71.81
FLR-ACC-104462,Funke Nwosu,Individual,NG,NGN,Tier1_Basic,2026-06-01,27.08
FLR-ACC-104463,Yetunde Hassan,Individual,GB,GBP,Tier1_Basic,2026-02-27,274.39
FLR-ACC-104464,Ruth Balogun,Individual,NG,NGN,Tier3_Enhanced,2024-09-03,102.14
FLR-ACC-104465,Chioma Eze,Individual,NG,NGN,Tier2_Verified,2025-11-01,48.99
FLR-ACC-104466,Kemi Balogun,Individual,NG,NGN,Tier3_Enhanced,2023-09-16,61.02
FLR-ACC-104467,North Trading Ltd,Business,NG,NGN,Tier1_Basic,2024-05-19,1016.77
FLR-ACC-104468,Aisha Hassan,Individual,NG,NGN,Tier1_Basic,2025-08-26,32.73
FLR-ACC-104469,North Media Ltd,Business,NG,NGN,Tier3_Enhanced,2024-12-31,239.03
FLR-ACC-104470,Ngozi Yusuf,Individual,US,USD,Tier2_Verified,2025-07-16,28.35
FLR-ACC-104471,Musa Johnson,Individual,US,USD,Tier3_Enhanced,2022-08-15,63.91
FLR-ACC-104472,Apex Foods Inc,Business,US,USD,Tier1_Basic,2026-04-08,715.16
FLR-ACC-104473,Sarah Balogun,Individual,NG,NGN,Tier3_Enhanced,2023-10-21,47.77
FLR-ACC-104474,Peter Eze,Individual,US,USD,Tier3_Enhanced,2023-04-05,104.66
FLR-ACC-104475,Yetunde Okafor,Individual,NG,NGN,Tier3_Enhanced,2026-02-15,22.16
FLR-ACC-104476,Ifeoma Bello,Individual,FR,EUR,Tier2_Verified,2026-03-29,117.21
FLR-ACC-104477,Chidi Adekunle,Individual,NG,NGN,Tier1_Basic,2025-11-12,113.38
FLR-ACC-104478,Funke Adeyemi,Individual,NG,NGN,Tier3_Enhanced,2025-06-25,139.69
FLR-ACC-104479,Ifeoma Ibrahim,Individual,US,USD,Tier2_Verified,2025-10-27,16.64
FLR-ACC-104480,Femi Smith,Individual,NG,NGN,Tier3_Enhanced,2023-08-10,39.22
FLR-ACC-104481,Kunle Hassan,Individual,FR,EUR,Tier1_Basic,2025-12-05,133.8
FLR-ACC-104482,Yetunde Okoro,Individual,GB,GBP,Tier3_Enhanced,2025-05-22,51.33
FLR-ACC-104483,Greenfield Trading LLC,Business,NG,NGN,Tier2_Verified,2023-05-17,98.07
FLR-ACC-104484,Chidi Brown,Individual,NG,NGN,Tier3_Enhanced,2023-04-10,56.61
FLR-ACC-104485,Chioma Adeyemi,Individual,NG,NGN,Tier1_Basic,2026-03-06,46.9
FLR-ACC-104486,Ben Balogun,Individual,NG,NGN,Tier1_Basic,2026-04-28,26.6
FLR-ACC-104487,Mary Okafor,Individual,FR,EUR,Tier3_Enhanced,2025-09-29,53.26
FLR-ACC-104488,North Textiles Co.,Business,NG,NGN,Tier1_Basic,2024-03-06,189.09
FLR-ACC-104489,Apex Consulting LLC,Business,NG,NGN,Tier2_Verified,2026-05-31,1388.62
FLR-ACC-104490,Tunde Williams,Individual,US,USD,Tier2_Verified,2024-07-23,17.87
FLR-ACC-104491,Metro Retail Ltd,Business,NG,NGN,Tier1_Basic,2025-10-28,792.58
FLR-ACC-104492,James Adeyemi,Individual,US,USD,Tier2_Verified,2025-06-08,128.9
FLR-ACC-104493,Apex Foods LLC,Business,NG,NGN,Tier3_Enhanced,2024-06-12,154.23
FLR-ACC-104494,Daniel Johnson,Individual,US,USD,Tier1_Basic,2024-08-18,72.74
FLR-ACC-104495,Amaka Williams,Individual,US,USD,Tier3_Enhanced,2024-12-03,12.71
FLR-ACC-104496,Chuka Fashola,Individual,DE,EUR,Tier3_Enhanced,2025-02-06,132.84
FLR-ACC-104497,Peter Adeyemi,Individual,US,USD,Tier3_Enhanced,2023-11-27,72.17
FLR-ACC-104498,Kemi Bello,Individual,NG,NGN,Tier3_Enhanced,2024-05-20,146.57
FLR-ACC-104499,Prime Ventures LLC,Business,US,USD,Tier2_Verified,2025-09-15,320.47
FLR-ACC-104500,Chioma Johnson,Individual,NG,NGN,Tier3_Enhanced,2026-03-03,107.07
FLR-ACC-104501,Peter Fashola,Individual,GB,GBP,Tier2_Verified,2025-07-20,130.86
FLR-ACC-104502,Olu Williams,Individual,GB,GBP,Tier1_Basic,2026-01-25,73.02
FLR-ACC-104503,Michael Brown,Individual,NG,NGN,Tier2_Verified,2024-05-15,82.81
FLR-ACC-104504,Bluewave Builders Co.,Business,NG,NGN,Tier3_Enhanced,2025-08-20,1072.97
FLR-ACC-104505,Metro Builders Inc,Business,GB,GBP,Tier2_Verified,2025-12-02,107.77
FLR-ACC-104506,Emeka Yusuf,Individual,NG,NGN,Tier2_Verified,2023-11-06,174.91
FLR-ACC-104507,Daniel Fashola,Individual,US,USD,Tier3_Enhanced,2023-09-08,45.49
FLR-ACC-104508,Mary Johnson,Individual,NG,NGN,Tier2_Verified,2025-11-02,36.6
FLR-ACC-104509,Laura Okoro,Individual,FR,EUR,Tier3_Enhanced,2023-11-26,92.15
FLR-ACC-104510,Amaka Adeyemi,Individual,NG,NGN,Tier2_Verified,2025-09-04,108.14
FLR-ACC-104511,Ifeoma Ibrahim,Individual,NG,NGN,Tier2_Verified,2025-09-04,40.64
FLR-ACC-104512,Greenfield Logistics Ltd,Business,US,USD,Tier3_Enhanced,2024-01-04,240.56
FLR-ACC-104513,James Adekunle,Individual,NG,NGN,Tier2_Verified,2025-01-01,19.03
FLR-ACC-104514,Femi Eze,Individual,US,USD,Tier2_Verified,2024-06-16,97.48
FLR-ACC-104515,Daniel Balogun,Individual,NG,NGN,Tier2_Verified,2024-09-26,104.83
FLR-ACC-104516,Sarah Hassan,Individual,NG,NGN,Tier3_Enhanced,2024-11-22,32.96
FLR-ACC-104517,Grace Williams,Individual,NG,NGN,Tier3_Enhanced,2023-09-20,56.41
FLR-ACC-104518,James Adekunle,Individual,DE,EUR,Tier1_Basic,2026-06-04,41.52
FLR-ACC-104519,Sunrise Technologies LLC,Business,NG,NGN,Tier3_Enhanced,2025-04-02,594.05
FLR-ACC-104520,Mary Obi,Individual,FR,EUR,Tier3_Enhanced,2024-05-27,57.58
FLR-ACC-104521,Mary Yusuf,Individual,US,USD,Tier2_Verified,2023-07-30,37.07
FLR-ACC-104522,Greenfield Technologies Ltd,Business,US,USD,Tier2_Verified,2024-07-12,369.31
FLR-ACC-104523,Emeka Yusuf,Individual,NG,NGN,Tier2_Verified,2024-05-26,25.49
FLR-ACC-104524,Metro Foods Ltd,Business,NG,NGN,Tier3_Enhanced,2024-04-08,466.16
FLR-ACC-104525,Peter Okafor,Individual,GB,GBP,Tier2_Verified,2024-12-07,40.72
FLR-ACC-104526,Aisha Obi,Individual,NG,NGN,Tier1_Basic,2025-10-23,67.72
FLR-ACC-104527,Prime Technologies LLC,Business,NG,NGN,Tier1_Basic,2026-04-11,209.37
FLR-ACC-104528,Sunrise Textiles Ltd,Business,NG,NGN,Tier3_Enhanced,2024-08-14,233.14
FLR-ACC-104529,Urban Consulting LLC,Business,DE,EUR,Tier2_Verified,2024-12-24,233.35
FLR-ACC-104530,Michael Adeyemi,Individual,NG,NGN,Tier1_Basic,2026-05-16,34.95
FLR-ACC-104531,Chuka Smith,Individual,GB,GBP,Tier3_Enhanced,2025-04-05,308.78
FLR-ACC-104532,Chidi Okoro,Individual,US,USD,Tier3_Enhanced,2024-10-02,54.18
FLR-ACC-104533,Bluewave Textiles LLC,Business,DE,EUR,Tier2_Verified,2026-04-10,296.43
FLR-ACC-104534,Femi Adekunle,Individual,DE,EUR,Tier2_Verified,2024-03-15,13.29
FLR-ACC-104535,Apex Consulting Ltd,Business,DE,EUR,Tier2_Verified,2025-04-07,855.21
FLR-ACC-104536,Apex Textiles Inc,Business,NG,NGN,Tier3_Enhanced,2024-08-07,171.19
FLR-ACC-104537,Chuka Taylor,Individual,DE,EUR,Tier2_Verified,2026-05-02,85.42
FLR-ACC-104538,Kemi Balogun,Individual,NG,NGN,Tier2_Verified,2025-06-25,93.64
FLR-ACC-104539,Chuka Brown,Individual,NG,NGN,Tier2_Verified,2025-09-08,30.97
FLR-ACC-104540,Bluewave Retail Ltd,Business,NG,NGN,Tier3_Enhanced,2023-11-19,641.23
FLR-ACC-104541,David Yusuf,Individual,NG,NGN,Tier2_Verified,2024-12-08,178.2
FLR-ACC-104542,Musa Smith,Individual,NG,NGN,Tier1_Basic,2025-08-16,24.4
FLR-ACC-104543,Silverline Media Ltd,Business,GB,GBP,Tier1_Basic,2026-06-18,110.1
FLR-ACC-104544,Emeka Fashola,Individual,NG,NGN,Tier1_Basic,2026-04-28,46.94
FLR-ACC-104545,Bluewave Consulting LLC,Business,US,USD,Tier2_Verified,2025-05-19,253.8
FLR-ACC-104546,Kemi Adeyemi,Individual,NG,NGN,Tier3_Enhanced,2025-09-14,59.98
FLR-ACC-104547,Ruth Brown,Individual,NG,NGN,Tier3_Enhanced,2023-07-14,39.27
FLR-ACC-104548,Tobi Bello,Individual,GB,GBP,Tier2_Verified,2025-07-08,41.85
FLR-ACC-104549,Bluewave Logistics Ltd,Business,NG,NGN,Tier2_Verified,2023-12-06,782.02
FLR-ACC-104550,Michael Hassan,Individual,NG,NGN,Tier1_Basic,2026-04-08,16.88
FLR-ACC-104551,Prime Foods Co.,Business,NG,NGN,Tier3_Enhanced,2025-07-13,491.61
FLR-ACC-104552,Olu Williams,Individual,NG,NGN,Tier2_Verified,2026-03-25,35.7
FLR-ACC-104553,Silverline Builders Ltd,Business,NG,NGN,Tier3_Enhanced,2023-12-22,298.3
FLR-ACC-104554,Ben Obi,Individual,GB,GBP,Tier2_Verified,2024-10-08,32.73
FLR-ACC-104555,Chuka Williams,Individual,NG,NGN,Tier3_Enhanced,2024-12-16,17.46
FLR-ACC-104556,Greenfield Trading Inc,Business,NG,NGN,Tier3_Enhanced,2024-09-07,669.11
FLR-ACC-104557,Chioma Green,Individual,US,USD,Tier2_Verified,2022-08-19,47.44
FLR-ACC-104558,Blessing Okoro,Individual,GB,GBP,Tier2_Verified,2024-07-24,115.39
FLR-ACC-104559,Urban Technologies Ltd,Business,NG,NGN,Tier1_Basic,2025-04-28,329.95
FLR-ACC-104560,Global Retail LLC,Business,US,USD,Tier1_Basic,2025-09-23,144.16
FLR-ACC-104561,Chioma Green,Individual,DE,EUR,Tier1_Basic,2024-02-25,29.78
FLR-ACC-104562,David Okoro,Individual,NG,NGN,Tier2_Verified,2026-05-17,46.29
FLR-ACC-104563,Global Builders LLC,Business,DE,EUR,Tier1_Basic,2026-06-10,183.47
FLR-ACC-104564,Amaka Obi,Individual,US,USD,Tier3_Enhanced,2024-11-22,20.25
FLR-ACC-104565,Silverline Builders LLC,Business,US,USD,Tier2_Verified,2025-02-05,4167.41
FLR-ACC-104566,Metro Foods Co.,Business,DE,EUR,Tier2_Verified,2023-07-14,661.94
FLR-ACC-104567,James Taylor,Individual,NG,NGN,Tier2_Verified,2026-01-19,56.96
FLR-ACC-104568,Urban Foods LLC,Business,NG,NGN,Tier1_Basic,2022-09-18,149.81
FLR-ACC-104569,James Adeyemi,Individual,NG,NGN,Tier1_Basic,2025-11-26,12.38
FLR-ACC-104570,North Logistics Co.,Business,NG,NGN,Tier2_Verified,2024-07-26,416.67
FLR-ACC-104571,Global Trading Ltd,Business,NG,NGN,Tier3_Enhanced,2025-08-27,158.16
FLR-ACC-104572,Peter Brown,Individual,DE,EUR,Tier3_Enhanced,2024-10-25,29.0
FLR-ACC-104573,Bluewave Technologies Inc,Business,NG,NGN,Tier3_Enhanced,2024-06-11,1425.52
FLR-ACC-104574,Ifeoma Ibrahim,Individual,NG,NGN,Tier2_Verified,2025-06-15,14.93
FLR-ACC-104575,Daniel Bello,Individual,DE,EUR,Tier2_Verified,2026-04-01,159.44
FLR-ACC-104576,Laura Yusuf,Individual,US,USD,Tier2_Verified,2025-10-29,189.28
FLR-ACC-104577,Chuka Obi,Individual,NG,NGN,Tier2_Verified,2026-03-05,48.11
FLR-ACC-104578,Prime Builders Co.,Business,GB,GBP,Tier2_Verified,2025-07-09,414.02
FLR-ACC-104579,Blessing Adeyemi,Individual,NG,NGN,Tier2_Verified,2024-05-16,82.47
FLR-ACC-104580,Bluewave Logistics Co.,Business,DE,EUR,Tier2_Verified,2025-09-17,760.88
FLR-ACC-104581,Greenfield Foods Ltd,Business,US,USD,Tier3_Enhanced,2023-05-03,306.29
FLR-ACC-104582,Ruth Adeyemi,Individual,US,USD,Tier3_Enhanced,2024-11-13,24.91
FLR-ACC-104583,Metro Technologies Ltd,Business,FR,EUR,Tier2_Verified,2024-09-06,543.7
FLR-ACC-104584,Greenfield Builders Inc,Business,US,USD,Tier3_Enhanced,2025-01-12,415.0
FLR-ACC-104585,North Logistics Co.,Business,NG,NGN,Tier2_Verified,2024-09-22,97.94
FLR-ACC-104586,Amaka Green,Individual,NG,NGN,Tier3_Enhanced,2023-11-07,38.29
FLR-ACC-104587,Chidi Johnson,Individual,NG,NGN,Tier3_Enhanced,2023-09-06,83.59
FLR-ACC-104588,Michael Brown,Individual,GB,GBP,Tier2_Verified,2025-04-07,80.8
FLR-ACC-104589,Tobi Okafor,Individual,NG,NGN,Tier2_Verified,2024-04-20,48.86
FLR-ACC-104590,Prime Logistics Co.,Business,FR,EUR,Tier2_Verified,2025-09-30,490.38
FLR-ACC-104591,Ifeoma Chukwu,Individual,NG,NGN,Tier2_Verified,2022-05-21,49.77
FLR-ACC-104592,Prime Media Co.,Business,NG,NGN,Tier1_Basic,2024-01-28,561.62
FLR-ACC-104593,Ben Smith,Individual,NG,NGN,Tier3_Enhanced,2024-08-27,84.86
FLR-ACC-104594,Kunle Bello,Individual,NG,NGN,Tier2_Verified,2025-12-01,15.58
FLR-ACC-104595,Greenfield Builders Inc,Business,NG,NGN,Tier1_Basic,2025-04-18,1036.94
FLR-ACC-104596,Bluewave Media Inc,Business,NG,NGN,Tier3_Enhanced,2026-03-21,224.61
FLR-ACC-104597,Funke Okoro,Individual,NG,NGN,Tier3_Enhanced,2026-01-27,43.47
FLR-ACC-104598,Chidi Green,Individual,NG,NGN,Tier1_Basic,2023-03-14,113.37
FLR-ACC-104599,Chuka Williams,Individual,US,USD,Tier2_Verified,2024-12-04,38.67
FLR-ACC-104600,Musa Brown,Individual,NG,NGN,Tier2_Verified,2025-04-11,7.32
FLR-ACC-104601,Peter Taylor,Individual,NG,NGN,Tier2_Verified,2026-01-01,100.35
FLR-ACC-104602,Global Logistics Ltd,Business,NG,NGN,Tier3_Enhanced,2025-08-24,136.06
FLR-ACC-104603,Apex Foods Co.,Business,GB,GBP,Tier3_Enhanced,2024-03-04,469.2
FLR-ACC-104604,Femi Adekunle,Individual,GB,GBP,Tier2_Verified,2024-09-04,42.47
FLR-ACC-104605,North Trading LLC,Business,GB,GBP,Tier3_Enhanced,2024-11-25,582.66
FLR-ACC-104606,Urban Ventures LLC,Business,NG,NGN,Tier3_Enhanced,2026-04-01,188.95
FLR-ACC-104607,John Johnson,Individual,NG,NGN,Tier2_Verified,2024-10-21,93.85
FLR-ACC-104608,North Technologies Inc,Business,DE,EUR,Tier2_Verified,2026-03-05,734.8
FLR-ACC-104609,Global Ventures Co.,Business,US,USD,Tier2_Verified,2024-01-01,295.09
FLR-ACC-104610,Greenfield Ventures Co.,Business,GB,GBP,Tier1_Basic,2024-12-25,605.12
FLR-ACC-104611,Chidi Brown,Individual,NG,NGN,Tier3_Enhanced,2026-03-20,58.56
FLR-ACC-104612,Bluewave Media Ltd,Business,NG,NGN,Tier3_Enhanced,2025-07-14,1282.46
FLR-ACC-104613,Global Ventures Inc,Business,GB,GBP,Tier2_Verified,2022-10-03,873.1
FLR-ACC-104614,Chioma Yusuf,Individual,GB,GBP,Tier3_Enhanced,2024-06-12,104.57
FLR-ACC-104615,Ngozi Nwosu,Individual,NG,NGN,Tier2_Verified,2024-10-08,35.06
FLR-ACC-104616,Peter Taylor,Individual,NG,NGN,Tier3_Enhanced,2024-03-08,21.76
FLR-ACC-104617,Michael Brown,Individual,US,USD,Tier3_Enhanced,2026-02-10,69.49
FLR-ACC-104618,Bluewave Trading Co.,Business,DE,EUR,Tier3_Enhanced,2026-02-05,398.54
FLR-ACC-104619,Greenfield Media Ltd,Business,NG,NGN,Tier2_Verified,2025-05-05,166.38
FLR-ACC-104620,Prime Logistics LLC,Business,US,USD,Tier2_Verified,2026-07-02,861.46
FLR-ACC-104621,Aisha Adeyemi,Individual,GB,GBP,Tier1_Basic,2026-05-31,68.0
FLR-ACC-104622,Sarah Green,Individual,US,USD,Tier2_Verified,2026-05-14,52.27
FLR-ACC-104623,Prime Trading Inc,Business,NG,NGN,Tier1_Basic,2026-05-30,520.35
FLR-ACC-104624,Tobi Obi,Individual,NG,NGN,Tier1_Basic,2025-03-27,87.79
FLR-ACC-104625,Chioma Adekunle,Individual,NG,NGN,Tier2_Verified,2025-12-12,94.65
FLR-ACC-104626,Mary Chukwu,Individual,NG,NGN,Tier2_Verified,2025-01-11,30.88
FLR-ACC-104627,Bluewave Retail Ltd,Business,NG,NGN,Tier2_Verified,2025-01-04,212.81
FLR-ACC-104628,Grace Chukwu,Individual,US,USD,Tier2_Verified,2025-07-18,49.61
FLR-ACC-104629,Prime Foods Co.,Business,GB,GBP,Tier2_Verified,2026-02-18,65.99
FLR-ACC-104630,North Textiles Ltd,Business,NG,NGN,Tier3_Enhanced,2024-12-24,1222.99
FLR-ACC-104631,Apex Logistics Inc,Business,NG,NGN,Tier3_Enhanced,2024-12-15,150.05
FLR-ACC-104632,Urban Foods Inc,Business,NG,NGN,Tier2_Verified,2025-06-23,321.37
FLR-ACC-104633,Bluewave Textiles LLC,Business,NG,NGN,Tier2_Verified,2024-02-07,450.04
FLR-ACC-104634,Chuka Williams,Individual,NG,NGN,Tier1_Basic,2026-05-10,82.23
FLR-ACC-104635,Grace Yusuf,Individual,NG,NGN,Tier3_Enhanced,2025-05-19,51.81
FLR-ACC-104636,Chidi Chukwu,Individual,NG,NGN,Tier2_Verified,2025-08-22,32.0
FLR-ACC-104637,Amaka Adekunle,Individual,US,USD,Tier2_Verified,2024-10-16,53.14
FLR-ACC-104638,Silverline Builders LLC,Business,NG,NGN,Tier2_Verified,2024-10-21,4727.74
FLR-ACC-104639,Urban Technologies Co.,Business,US,USD,Tier1_Basic,2025-12-18,1382.37
FLR-ACC-104640,Blessing Okafor,Individual,DE,EUR,Tier3_Enhanced,2024-03-30,27.92
FLR-ACC-104641,Ifeoma Fashola,Individual,US,USD,Tier2_Verified,2023-07-09,61.5
FLR-ACC-104642,Silverline Logistics Co.,Business,US,USD,Tier3_Enhanced,2025-07-14,375.08
FLR-ACC-104643,Global Trading Inc,Business,GB,GBP,Tier1_Basic,2026-04-04,404.22
FLR-ACC-104644,Chuka Balogun,Individual,GB,GBP,Tier2_Verified,2025-11-28,44.22
FLR-ACC-104645,Sarah Green,Individual,GB,GBP,Tier2_Verified,2024-12-12,273.0
FLR-ACC-104646,Tunde Okoro,Individual,NG,NGN,Tier3_Enhanced,2022-08-28,38.37
FLR-ACC-104647,Ruth Green,Individual,NG,NGN,Tier2_Verified,2026-03-29,46.26
FLR-ACC-104648,Tobi Johnson,Individual,US,USD,Tier3_Enhanced,2023-11-21,85.37
FLR-ACC-104649,Blessing Okafor,Individual,NG,NGN,Tier3_Enhanced,2024-03-09,112.53
FLR-ACC-104650,Daniel Adeyemi,Individual,NG,NGN,Tier2_Verified,2025-07-08,40.97
FLR-ACC-104651,Sarah Johnson,Individual,NG,NGN,Tier1_Basic,2025-08-29,161.62
FLR-ACC-104652,Grace Johnson,Individual,NG,NGN,Tier3_Enhanced,2024-10-02,77.82
FLR-ACC-104653,Chioma Chukwu,Individual,GB,GBP,Tier2_Verified,2024-06-29,32.35
FLR-ACC-104654,Tunde Bello,Individual,NG,NGN,Tier2_Verified,2025-07-01,19.52
FLR-ACC-104655,Ngozi Fashola,Individual,US,USD,Tier2_Verified,2025-08-06,66.09
FLR-ACC-104656,Metro Foods Co.,Business,NG,NGN,Tier2_Verified,2024-11-13,931.91
FLR-ACC-104657,Global Foods LLC,Business,NG,NGN,Tier3_Enhanced,2025-09-05,133.09
FLR-ACC-104658,James Adekunle,Individual,NG,NGN,Tier3_Enhanced,2023-12-07,73.42
FLR-ACC-104659,Kunle Williams,Individual,US,USD,Tier2_Verified,2023-12-19,67.6
FLR-ACC-104660,Emeka Fashola,Individual,GB,GBP,Tier2_Verified,2024-02-01,49.67
FLR-ACC-104661,Sunrise Textiles LLC,Business,DE,EUR,Tier2_Verified,2025-11-10,651.04
FLR-ACC-104662,Kunle Eze,Individual,US,USD,Tier1_Basic,2024-01-25,35.76
FLR-ACC-104663,Ruth Obi,Individual,NG,NGN,Tier3_Enhanced,2023-02-12,11.54
FLR-ACC-104664,North Technologies Inc,Business,NG,NGN,Tier3_Enhanced,2024-10-16,2290.89
FLR-ACC-104665,James Taylor,Individual,US,USD,Tier1_Basic,2024-12-11,70.96
FLR-ACC-104666,Greenfield Media Ltd,Business,GB,GBP,Tier2_Verified,2024-01-08,402.78
FLR-ACC-104667,Michael Ibrahim,Individual,NG,NGN,Tier2_Verified,2025-12-23,49.53
FLR-ACC-104668,Peter Green,Individual,NG,NGN,Tier2_Verified,2025-10-12,38.19
FLR-ACC-104669,Chidi Obi,Individual,NG,NGN,Tier1_Basic,2026-06-19,92.22
FLR-ACC-104670,Tunde Adekunle,Individual,US,USD,Tier2_Verified,2024-12-10,37.47
FLR-ACC-104671,Kemi Johnson,Individual,DE,EUR,Tier3_Enhanced,2025-08-12,61.7
FLR-ACC-104672,Michael Okoro,Individual,FR,EUR,Tier1_Basic,2025-09-12,210.3
FLR-ACC-104673,Olu Nwosu,Individual,NG,NGN,Tier1_Basic,2024-12-20,36.95
FLR-ACC-104674,David Okafor,Individual,US,USD,Tier1_Basic,2024-02-15,35.49
FLR-ACC-104675,Daniel Williams,Individual,NG,NGN,Tier3_Enhanced,2023-06-26,76.39
FLR-ACC-104676,Kemi Adekunle,Individual,GB,GBP,Tier2_Verified,2023-05-20,28.67
FLR-ACC-104677,Chioma Okoro,Individual,NG,NGN,Tier2_Verified,2025-10-06,50.47
FLR-ACC-104678,Bluewave Foods Co.,Business,DE,EUR,Tier2_Verified,2026-06-09,79.2
FLR-ACC-104679,Grace Hassan,Individual,NG,NGN,Tier2_Verified,2024-05-03,246.68
FLR-ACC-104680,Bluewave Media Inc,Business,GB,GBP,Tier3_Enhanced,2025-05-26,448.29
FLR-ACC-104681,Ben Williams,Individual,US,USD,Tier2_Verified,2024-10-15,71.06
FLR-ACC-104682,Tobi Smith,Individual,NG,NGN,Tier2_Verified,2025-11-25,52.14
FLR-ACC-104683,Funke Green,Individual,US,USD,Tier1_Basic,2025-05-02,126.13
FLR-ACC-104684,Olu Taylor,Individual,NG,NGN,Tier1_Basic,2025-09-20,238.49
FLR-ACC-104685,North Media Ltd,Business,FR,EUR,Tier2_Verified,2024-12-17,287.17
FLR-ACC-104686,Funke Green,Individual,GB,GBP,Tier2_Verified,2022-10-30,50.12
FLR-ACC-104687,Aisha Williams,Individual,GB,GBP,Tier2_Verified,2025-02-15,73.46
FLR-ACC-104688,Greenfield Logistics Inc,Business,US,USD,Tier3_Enhanced,2025-05-15,102.92
FLR-ACC-104689,Bluewave Textiles LLC,Business,FR,EUR,Tier2_Verified,2023-08-29,196.07
FLR-ACC-104690,Ngozi Johnson,Individual,DE,EUR,Tier1_Basic,2025-02-03,68.71
FLR-ACC-104691,Ifeoma Hassan,Individual,US,USD,Tier2_Verified,2023-11-10,49.14
FLR-ACC-104692,Kunle Okoro,Individual,NG,NGN,Tier2_Verified,2024-12-03,119.91
FLR-ACC-104693,Mary Smith,Individual,GB,GBP,Tier2_Verified,2025-07-12,49.64
FLR-ACC-104694,Mary Yusuf,Individual,NG,NGN,Tier2_Verified,2025-09-02,36.7
FLR-ACC-104695,Olu Eze,Individual,GB,GBP,Tier3_Enhanced,2023-11-14,46.58
FLR-ACC-104696,Apex Foods Inc,Business,GB,GBP,Tier3_Enhanced,2024-03-31,1512.01
FLR-ACC-104697,Sarah Okoro,Individual,US,USD,Tier3_Enhanced,2024-03-01,19.73
FLR-ACC-104698,Prime Retail LLC,Business,DE,EUR,Tier2_Verified,2026-02-26,267.73
FLR-ACC-104699,Kunle Okafor,Individual,GB,GBP,Tier3_Enhanced,2025-11-29,85.85
FLR-ACC-104700,Kunle Brown,Individual,NG,NGN,Tier1_Basic,2026-05-14,23.97
FLR-ACC-104701,Amaka Balogun,Individual,US,USD,Tier3_Enhanced,2024-03-04,6.33
FLR-ACC-104702,Urban Trading Co.,Business,NG,NGN,Tier2_Verified,2025-11-17,236.34
FLR-ACC-104703,Prime Technologies Ltd,Business,US,USD,Tier3_Enhanced,2024-01-30,916.68
FLR-ACC-104704,Femi Okoro,Individual,US,USD,Tier2_Verified,2023-10-06,114.34
FLR-ACC-104705,Blessing Adekunle,Individual,US,USD,Tier2_Verified,2026-05-19,176.51
FLR-ACC-104706,Olu Okafor,Individual,NG,NGN,Tier3_Enhanced,2024-07-15,206.97
FLR-ACC-104707,Ngozi Adeyemi,Individual,FR,EUR,Tier3_Enhanced,2024-01-24,32.06
FLR-ACC-104708,Ifeoma Smith,Individual,NG,NGN,Tier3_Enhanced,2025-07-01,26.45
FLR-ACC-104709,Sunrise Foods Inc,Business,NG,NGN,Tier2_Verified,2026-07-21,2385.56
FLR-ACC-104710,Blessing Okoro,Individual,NG,NGN,Tier2_Verified,2024-07-06,71.9
FLR-ACC-104711,Urban Technologies Inc,Business,FR,EUR,Tier2_Verified,2026-07-07,1049.26
FLR-ACC-104712,John Brown,Individual,GB,GBP,Tier1_Basic,2025-10-02,30.86
FLR-ACC-104713,Ruth Green,Individual,NG,NGN,Tier3_Enhanced,2025-01-29,78.2
FLR-ACC-104714,Yetunde Chukwu,Individual,NG,NGN,Tier3_Enhanced,2023-04-01,95.4
FLR-ACC-104715,David Okafor,Individual,US,USD,Tier2_Verified,2025-09-22,73.07
FLR-ACC-104716,Aisha Obi,Individual,GB,GBP,Tier3_Enhanced,2025-08-31,73.54
FLR-ACC-104717,Tobi Chukwu,Individual,DE,EUR,Tier3_Enhanced,2025-06-27,185.54
FLR-ACC-104718,Tunde Balogun,Individual,US,USD,Tier2_Verified,2025-01-13,182.3
FLR-ACC-104719,Grace Chukwu,Individual,FR,EUR,Tier3_Enhanced,2023-09-17,96.64
FLR-ACC-104720,Urban Foods Co.,Business,NG,NGN,Tier2_Verified,2025-10-31,246.69
FLR-ACC-104721,Ben Nwosu,Individual,NG,NGN,Tier2_Verified,2024-11-15,17.99
FLR-ACC-104722,Olu Fashola,Individual,NG,NGN,Tier2_Verified,2025-09-22,35.47
FLR-ACC-104723,Tunde Hassan,Individual,NG,NGN,Tier3_Enhanced,2025-11-19,190.24
FLR-ACC-104724,Tunde Fashola,Individual,FR,EUR,Tier2_Verified,2024-07-18,28.33
FLR-ACC-104725,Prime Ventures LLC,Business,GB,GBP,Tier3_Enhanced,2022-07-21,1300.67
FLR-ACC-104726,David Bello,Individual,NG,NGN,Tier2_Verified,2025-04-16,268.86
FLR-ACC-104727,John Johnson,Individual,NG,NGN,Tier2_Verified,2025-05-06,25.69
FLR-ACC-104728,Emeka Brown,Individual,NG,NGN,Tier2_Verified,2026-07-11,69.83
FLR-ACC-104729,Olu Green,Individual,NG,NGN,Tier3_Enhanced,2026-05-18,296.23
FLR-ACC-104730,Femi Hassan,Individual,FR,EUR,Tier2_Verified,2025-12-16,57.07
FLR-ACC-104731,Sarah Ibrahim,Individual,US,USD,Tier2_Verified,2025-08-19,40.1
FLR-ACC-104732,Laura Fashola,Individual,NG,NGN,Tier2_Verified,2022-10-31,30.52
FLR-ACC-104733,North Builders LLC,Business,GB,GBP,Tier3_Enhanced,2023-11-28,761.12
FLR-ACC-104734,Emeka Taylor,Individual,US,USD,Tier3_Enhanced,2023-02-17,25.65
FLR-ACC-104735,Aisha Yusuf,Individual,NG,NGN,Tier1_Basic,2025-02-26,43.79
FLR-ACC-104736,Kunle Bello,Individual,US,USD,Tier3_Enhanced,2024-07-19,23.7
FLR-ACC-104737,Mary Chukwu,Individual,GB,GBP,Tier2_Verified,2025-05-24,82.67
FLR-ACC-104738,Metro Media Co.,Business,US,USD,Tier3_Enhanced,2025-04-03,189.48
FLR-ACC-104739,Daniel Ibrahim,Individual,GB,GBP,Tier2_Verified,2023-04-08,49.15
FLR-ACC-104740,Funke Nwosu,Individual,US,USD,Tier3_Enhanced,2024-11-23,264.67
FLR-ACC-104741,Metro Foods Co.,Business,NG,NGN,Tier2_Verified,2025-04-09,1931.14
FLR-ACC-104742,Ifeoma Brown,Individual,NG,NGN,Tier3_Enhanced,2024-03-17,72.1
FLR-ACC-104743,John Nwosu,Individual,US,USD,Tier1_Basic,2025-10-15,22.64
FLR-ACC-104744,Urban Retail Co.,Business,NG,NGN,Tier3_Enhanced,2023-06-12,889.04
FLR-ACC-104745,Olu Williams,Individual,US,USD,Tier1_Basic,2025-12-18,74.19
FLR-ACC-104746,Prime Consulting Co.,Business,NG,NGN,Tier2_Verified,2024-06-16,993.46
FLR-ACC-104747,Chuka Ibrahim,Individual,FR,EUR,Tier3_Enhanced,2025-04-08,48.4
FLR-ACC-104748,Ngozi Williams,Individual,NG,NGN,Tier1_Basic,2026-01-08,451.76
FLR-ACC-104749,Ngozi Smith,Individual,FR,EUR,Tier2_Verified,2023-02-02,42.56
FLR-ACC-104750,Kemi Yusuf,Individual,US,USD,Tier2_Verified,2025-11-09,123.88
FLR-ACC-104751,Silverline Builders Co.,Business,NG,NGN,Tier2_Verified,2025-12-11,620.48
FLR-ACC-104752,Sunrise Consulting Ltd,Business,NG,NGN,Tier3_Enhanced,2023-05-29,558.04
FLR-ACC-104753,Olu Balogun,Individual,GB,GBP,Tier2_Verified,2025-08-08,173.33
FLR-ACC-104754,Metro Textiles Inc,Business,GB,GBP,Tier1_Basic,2023-12-23,89.65
FLR-ACC-104755,Ngozi Adeyemi,Individual,US,USD,Tier3_Enhanced,2023-12-13,120.43
FLR-ACC-104756,Funke Smith,Individual,US,USD,Tier2_Verified,2025-06-04,53.92
FLR-ACC-104757,Funke Eze,Individual,GB,GBP,Tier3_Enhanced,2025-07-08,21.86
FLR-ACC-104758,Kunle Green,Individual,DE,EUR,Tier3_Enhanced,2024-12-28,431.39
FLR-ACC-104759,Urban Ventures Co.,Business,US,USD,Tier1_Basic,2026-07-14,416.86
FLR-ACC-104760,North Foods Inc,Business,GB,GBP,Tier2_Verified,2025-04-06,273.23
FLR-ACC-104761,Urban Media Inc,Business,DE,EUR,Tier2_Verified,2026-01-26,185.54
FLR-ACC-104762,Michael Eze,Individual,US,USD,Tier3_Enhanced,2024-09-27,136.84
FLR-ACC-104763,Olu Eze,Individual,NG,NGN,Tier2_Verified,2025-12-09,43.35
FLR-ACC-104764,Chuka Green,Individual,NG,NGN,Tier2_Verified,2025-09-19,63.83
FLR-ACC-104765,Tobi Brown,Individual,US,USD,Tier3_Enhanced,2023-11-13,92.58
FLR-ACC-104766,Metro Trading Co.,Business,NG,NGN,Tier1_Basic,2025-04-05,301.43
FLR-ACC-104767,Ifeoma Adekunle,Individual,NG,NGN,Tier3_Enhanced,2024-10-03,345.02
FLR-ACC-104768,Musa Brown,Individual,NG,NGN,Tier1_Basic,2025-08-10,108.68
FLR-ACC-104769,Bluewave Textiles Inc,Business,NG,NGN,Tier3_Enhanced,2025-02-23,441.2
FLR-ACC-104770,Urban Technologies Inc,Business,GB,GBP,Tier1_Basic,2024-05-10,241.12
FLR-ACC-104771,Prime Ventures Ltd,Business,NG,NGN,Tier2_Verified,2025-04-22,206.24
FLR-ACC-104772,Chidi Adekunle,Individual,US,USD,Tier2_Verified,2024-03-11,32.34
FLR-ACC-104773,Ben Nwosu,Individual,NG,NGN,Tier2_Verified,2026-02-27,194.55
FLR-ACC-104774,Greenfield Logistics Ltd,Business,US,USD,Tier2_Verified,2026-05-23,575.96
FLR-ACC-104775,Olu Smith,Individual,DE,EUR,Tier2_Verified,2026-03-25,45.83
FLR-ACC-104776,Apex Textiles Ltd,Business,US,USD,Tier3_Enhanced,2024-03-09,371.84
FLR-ACC-104777,Michael Taylor,Individual,GB,GBP,Tier2_Verified,2025-08-18,248.07
FLR-ACC-104778,Greenfield Logistics Ltd,Business,GB,GBP,Tier2_Verified,2024-10-07,220.91
FLR-ACC-104779,Laura Yusuf,Individual,GB,GBP,Tier3_Enhanced,2026-07-21,38.49
FLR-ACC-104780,Apex Technologies Ltd,Business,NG,NGN,Tier3_Enhanced,2025-04-20,252.98
FLR-ACC-104781,Prime Foods LLC,Business,FR,EUR,Tier2_Verified,2024-03-31,180.78
FLR-ACC-104782,Funke Balogun,Individual,DE,EUR,Tier2_Verified,2026-04-16,22.2
FLR-ACC-104783,Greenfield Textiles Inc,Business,NG,NGN,Tier2_Verified,2025-01-26,905.35
FLR-ACC-104784,Mary Obi,Individual,NG,NGN,Tier2_Verified,2026-06-28,131.94
FLR-ACC-104785,Michael Smith,Individual,US,USD,Tier2_Verified,2025-11-17,84.86
FLR-ACC-104786,Mary Adeyemi,Individual,NG,NGN,Tier1_Basic,2022-09-08,108.94
FLR-ACC-104787,Funke Bello,Individual,NG,NGN,Tier3_Enhanced,2024-07-15,39.81
FLR-ACC-104788,John Brown,Individual,US,USD,Tier3_Enhanced,2025-03-26,43.54
FLR-ACC-104789,Ben Williams,Individual,NG,NGN,Tier3_Enhanced,2025-05-18,107.54
FLR-ACC-104790,James Okafor,Individual,NG,NGN,Tier1_Basic,2023-11-19,331.08
FLR-ACC-104791,Bluewave Trading Co.,Business,GB,GBP,Tier3_Enhanced,2025-06-03,1292.72
FLR-ACC-104792,Prime Trading Ltd,Business,NG,NGN,Tier1_Basic,2024-05-15,301.45
FLR-ACC-104793,Kunle Okafor,Individual,US,USD,Tier2_Verified,2026-01-23,104.47
FLR-ACC-104794,Ruth Fashola,Individual,US,USD,Tier3_Enhanced,2025-03-08,11.11
FLR-ACC-104795,Global Technologies Co.,Business,US,USD,Tier2_Verified,2025-03-21,752.39
FLR-ACC-104796,Greenfield Builders Co.,Business,NG,NGN,Tier2_Verified,2023-08-17,1180.68
FLR-ACC-104797,Mary Smith,Individual,US,USD,Tier2_Verified,2025-02-23,36.95
FLR-ACC-104798,Peter Hassan,Individual,FR,EUR,Tier2_Verified,2025-11-04,34.25
FLR-ACC-104799,John Okoro,Individual,NG,NGN,Tier2_Verified,2024-07-03,167.74
FLR-ACC-104800,Greenfield Consulting Co.,Business,NG,NGN,Tier1_Basic,2025-08-26,174.73
FLR-ACC-104801,James Chukwu,Individual,NG,NGN,Tier2_Verified,2024-10-16,36.62
FLR-ACC-104802,Sunrise Logistics Ltd,Business,GB,GBP,Tier2_Verified,2024-01-31,256.71
FLR-ACC-104803,Prime Ventures Inc,Business,NG,NGN,Tier3_Enhanced,2025-11-17,624.19
FLR-ACC-104804,Laura Green,Individual,FR,EUR,Tier1_Basic,2025-06-14,54.04
FLR-ACC-104805,Metro Textiles Ltd,Business,US,USD,Tier3_Enhanced,2025-01-27,795.0
FLR-ACC-104806,Tobi Hassan,Individual,NG,NGN,Tier3_Enhanced,2023-10-04,73.05
FLR-ACC-104807,Chioma Eze,Individual,US,USD,Tier2_Verified,2025-07-13,88.71
FLR-ACC-104808,Tobi Nwosu,Individual,GB,GBP,Tier3_Enhanced,2024-10-26,8.67
FLR-ACC-104809,Greenfield Technologies Inc,Business,US,USD,Tier2_Verified,2025-06-11,241.2
FLR-ACC-104810,Musa Hassan,Individual,NG,NGN,Tier1_Basic,2026-03-19,32.95
FLR-ACC-104811,Sunrise Technologies Co.,Business,DE,EUR,Tier2_Verified,2025-04-18,815.1
FLR-ACC-104812,Laura Balogun,Individual,GB,GBP,Tier1_Basic,2024-07-26,153.64
FLR-ACC-104813,Chuka Eze,Individual,NG,NGN,Tier3_Enhanced,2023-05-03,41.88
FLR-ACC-104814,Silverline Consulting Ltd,Business,US,USD,Tier1_Basic,2026-03-05,188.81
FLR-ACC-104815,Kemi Bello,Individual,NG,NGN,Tier2_Verified,2024-01-24,19.06
FLR-ACC-104816,Sunrise Trading Ltd,Business,NG,NGN,Tier2_Verified,2025-11-16,127.77
FLR-ACC-104817,Bluewave Logistics Inc,Business,NG,NGN,Tier2_Verified,2026-03-04,301.4
FLR-ACC-104818,North Consulting Co.,Business,NG,NGN,Tier2_Verified,2025-12-03,790.6
FLR-ACC-104819,Kunle Taylor,Individual,NG,NGN,Tier3_Enhanced,2024-08-06,24.67
FLR-ACC-104820,John Chukwu,Individual,NG,NGN,Tier2_Verified,2026-07-13,33.76
FLR-ACC-104821,Urban Foods LLC,Business,NG,NGN,Tier3_Enhanced,2025-02-16,361.69
FLR-ACC-104822,Funke Yusuf,Individual,GB,GBP,Tier3_Enhanced,2022-09-15,40.58
FLR-ACC-104823,Metro Trading Co.,Business,NG,NGN,Tier2_Verified,2024-10-31,234.04
FLR-ACC-104824,Urban Foods LLC,Business,US,USD,Tier1_Basic,2025-07-10,362.83
FLR-ACC-104825,Apex Technologies Ltd,Business,NG,NGN,Tier2_Verified,2025-09-27,169.14
FLR-ACC-104826,Chuka Hassan,Individual,NG,NGN,Tier1_Basic,2025-11-08,39.52
FLR-ACC-104827,Chuka Nwosu,Individual,US,USD,Tier2_Verified,2025-08-18,109.4
FLR-ACC-104828,Musa Green,Individual,NG,NGN,Tier1_Basic,2025-11-18,221.48
FLR-ACC-104829,Kemi Adekunle,Individual,US,USD,Tier2_Verified,2022-09-18,71.9
FLR-ACC-104830,Chuka Ibrahim,Individual,NG,NGN,Tier3_Enhanced,2023-04-12,82.69
FLR-ACC-104831,Global Trading Co.,Business,DE,EUR,Tier3_Enhanced,2025-04-14,1595.43
FLR-ACC-104832,David Ibrahim,Individual,NG,NGN,Tier2_Verified,2025-10-28,100.04
FLR-ACC-104833,Apex Technologies Co.,Business,DE,EUR,Tier3_Enhanced,2025-07-28,880.12
FLR-ACC-104834,Sarah Okoro,Individual,US,USD,Tier2_Verified,2026-04-14,29.96
FLR-ACC-104835,Kunle Taylor,Individual,US,USD,Tier2_Verified,2026-03-29,55.37
FLR-ACC-104836,Global Foods Ltd,Business,NG,NGN,Tier2_Verified,2025-09-06,98.81
FLR-ACC-104837,Musa Eze,Individual,NG,NGN,Tier1_Basic,2026-04-28,46.25
FLR-ACC-104838,Sarah Chukwu,Individual,NG,NGN,Tier3_Enhanced,2025-09-26,31.0
FLR-ACC-104839,Bluewave Logistics Ltd,Business,US,USD,Tier2_Verified,2023-11-02,1247.18
FLR-ACC-104840,Kemi Bello,Individual,NG,NGN,Tier1_Basic,2025-08-19,46.81
FLR-ACC-104841,Metro Textiles Co.,Business,US,USD,Tier2_Verified,2026-02-28,451.75
FLR-ACC-104842,Femi Williams,Individual,FR,EUR,Tier1_Basic,2022-07-10,44.49
FLR-ACC-104843,Prime Retail LLC,Business,NG,NGN,Tier3_Enhanced,2024-10-18,701.1
FLR-ACC-104844,Funke Yusuf,Individual,NG,NGN,Tier2_Verified,2024-07-24,105.93
FLR-ACC-104845,Bluewave Textiles LLC,Business,NG,NGN,Tier1_Basic,2026-03-08,308.49
FLR-ACC-104846,Peter Eze,Individual,NG,NGN,Tier3_Enhanced,2024-10-10,141.41
FLR-ACC-104847,Prime Ventures Inc,Business,NG,NGN,Tier1_Basic,2025-07-04,3614.42
FLR-ACC-104848,James Balogun,Individual,NG,NGN,Tier2_Verified,2026-06-27,38.82
FLR-ACC-104849,Michael Green,Individual,NG,NGN,Tier2_Verified,2025-12-23,28.8
FLR-ACC-104850,Olu Yusuf,Individual,US,USD,Tier2_Verified,2026-04-14,85.8
FLR-ACC-104851,Aisha Nwosu,Individual,NG,NGN,Tier2_Verified,2025-07-20,97.15
FLR-ACC-104852,Apex Retail Inc,Business,NG,NGN,Tier2_Verified,2024-03-31,459.01
FLR-ACC-104853,Bluewave Technologies LLC,Business,DE,EUR,Tier2_Verified,2025-07-08,124.7
FLR-ACC-104854,Musa Nwosu,Individual,US,USD,Tier2_Verified,2025-07-26,28.74
FLR-ACC-104855,John Nwosu,Individual,NG,NGN,Tier2_Verified,2024-10-05,52.7
FLR-ACC-104856,Urban Foods Co.,Business,US,USD,Tier2_Verified,2026-01-14,865.26
FLR-ACC-104857,Ifeoma Taylor,Individual,US,USD,Tier2_Verified,2024-10-09,154.86
FLR-ACC-104858,Grace Williams,Individual,NG,NGN,Tier2_Verified,2024-08-22,73.66
FLR-ACC-104859,Grace Johnson,Individual,US,USD,Tier3_Enhanced,2024-08-27,73.69
FLR-ACC-104860,Apex Trading Co.,Business,DE,EUR,Tier2_Verified,2026-05-24,437.14
FLR-ACC-104861,Daniel Eze,Individual,NG,NGN,Tier2_Verified,2026-06-16,114.18
FLR-ACC-104862,Greenfield Ventures Ltd,Business,GB,GBP,Tier2_Verified,2025-11-21,255.85
FLR-ACC-104863,James Eze,Individual,GB,GBP,Tier2_Verified,2025-06-18,31.86
FLR-ACC-104864,Bluewave Media Inc,Business,GB,GBP,Tier2_Verified,2025-02-20,1015.16
FLR-ACC-104865,Global Textiles Co.,Business,NG,NGN,Tier2_Verified,2024-09-04,74.44
FLR-ACC-104866,Ben Yusuf,Individual,NG,NGN,Tier3_Enhanced,2025-06-08,99.69
FLR-ACC-104867,Metro Media Co.,Business,NG,NGN,Tier2_Verified,2025-07-05,931.97
FLR-ACC-104868,Sarah Green,Individual,FR,EUR,Tier3_Enhanced,2023-07-31,26.34
FLR-ACC-104869,Mary Williams,Individual,US,USD,Tier1_Basic,2022-07-06,27.91
FLR-ACC-104870,Femi Green,Individual,NG,NGN,Tier2_Verified,2023-05-18,41.58
FLR-ACC-104871,Urban Ventures Inc,Business,GB,GBP,Tier3_Enhanced,2026-01-22,758.91
FLR-ACC-104872,Laura Eze,Individual,NG,NGN,Tier1_Basic,2024-09-09,145.11
FLR-ACC-104873,Prime Retail Ltd,Business,NG,NGN,Tier1_Basic,2026-04-23,285.55
FLR-ACC-104874,Amaka Taylor,Individual,NG,NGN,Tier1_Basic,2024-07-01,177.67
FLR-ACC-104875,Ngozi Johnson,Individual,NG,NGN,Tier3_Enhanced,2023-12-29,71.04
FLR-ACC-104876,David Taylor,Individual,GB,GBP,Tier1_Basic,2024-02-27,58.9
FLR-ACC-104877,Femi Smith,Individual,NG,NGN,Tier3_Enhanced,2025-04-26,33.83
FLR-ACC-104878,Chidi Smith,Individual,NG,NGN,Tier3_Enhanced,2023-10-11,133.18
FLR-ACC-104879,Chioma Adeyemi,Individual,NG,NGN,Tier1_Basic,2026-04-01,81.9
FLR-ACC-104880,James Hassan,Individual,NG,NGN,Tier2_Verified,2022-06-23,38.42
FLR-ACC-104881,Amaka Green,Individual,DE,EUR,Tier2_Verified,2024-08-02,46.13
FLR-ACC-104882,Greenfield Logistics Co.,Business,NG,NGN,Tier2_Verified,2023-04-21,807.59
FLR-ACC-104883,Musa Eze,Individual,US,USD,Tier2_Verified,2024-04-10,24.19
FLR-ACC-104884,Urban Logistics Inc,Business,NG,NGN,Tier2_Verified,2025-01-07,1053.62
FLR-ACC-104885,Tobi Okoro,Individual,FR,EUR,Tier2_Verified,2026-06-24,51.11
FLR-ACC-104886,Michael Fashola,Individual,NG,NGN,Tier3_Enhanced,2025-02-15,40.76
FLR-ACC-104887,Ben Ibrahim,Individual,NG,NGN,Tier3_Enhanced,2025-02-27,128.14
FLR-ACC-104888,Chioma Ibrahim,Individual,NG,NGN,Tier2_Verified,2025-12-26,37.57
FLR-ACC-104889,Silverline Retail Inc,Business,NG,NGN,Tier2_Verified,2025-03-17,266.73
FLR-ACC-104890,Kunle Adeyemi,Individual,US,USD,Tier1_Basic,2025-07-14,181.78
FLR-ACC-104891,Sarah Fashola,Individual,NG,NGN,Tier1_Basic,2025-05-13,150.87
FLR-ACC-104892,Olu Adeyemi,Individual,NG,NGN,Tier3_Enhanced,2025-01-09,15.7
FLR-ACC-104893,Global Media Inc,Business,NG,NGN,Tier1_Basic,2025-11-14,663.04
FLR-ACC-104894,Apex Consulting Inc,Business,FR,EUR,Tier2_Verified,2022-04-23,1365.16
FLR-ACC-104895,Global Media LLC,Business,NG,NGN,Tier2_Verified,2026-03-24,136.87
FLR-ACC-104896,Silverline Foods LLC,Business,NG,NGN,Tier2_Verified,2024-07-13,465.84
FLR-ACC-104897,Yetunde Okoro,Individual,GB,GBP,Tier3_Enhanced,2025-02-26,60.46
FLR-ACC-104898,Prime Ventures LLC,Business,NG,NGN,Tier2_Verified,2025-09-22,666.79
FLR-ACC-104899,Femi Bello,Individual,NG,NGN,Tier1_Basic,2026-08-02,19.58
FLR-ACC-104900,North Retail Ltd,Business,NG,NGN,Tier1_Basic,2025-08-25,366.04
FLR-ACC-104901,Aisha Ibrahim,Individual,NG,NGN,Tier2_Verified,2024-07-16,34.47
FLR-ACC-104902,North Builders Co.,Business,GB,GBP,Tier3_Enhanced,2025-03-20,1377.72
FLR-ACC-104903,Peter Adekunle,Individual,NG,NGN,Tier2_Verified,2025-01-08,43.05
FLR-ACC-104904,Kunle Bello,Individual,US,USD,Tier2_Verified,2024-11-23,69.22
FLR-ACC-104905,Bluewave Ventures LLC,Business,GB,GBP,Tier2_Verified,2025-01-02,554.82
FLR-ACC-104906,North Builders LLC,Business,NG,NGN,Tier2_Verified,2025-10-14,572.41
FLR-ACC-104907,Mary Chukwu,Individual,FR,EUR,Tier3_Enhanced,2024-09-06,35.31
FLR-ACC-104908,Michael Chukwu,Individual,NG,NGN,Tier3_Enhanced,2024-10-24,114.61
FLR-ACC-104909,Chioma Adeyemi,Individual,NG,NGN,Tier3_Enhanced,2024-12-09,24.74
FLR-ACC-104910,Metro Textiles LLC,Business,NG,NGN,Tier3_Enhanced,2025-01-26,668.87
FLR-ACC-104911,Bluewave Retail LLC,Business,NG,NGN,Tier2_Verified,2023-10-26,593.52
FLR-ACC-104912,Peter Hassan,Individual,GB,GBP,Tier2_Verified,2025-02-03,98.41
FLR-ACC-104913,Tobi Nwosu,Individual,NG,NGN,Tier1_Basic,2024-02-29,20.86
FLR-ACC-104914,Tunde Okafor,Individual,DE,EUR,Tier3_Enhanced,2025-03-22,56.5
FLR-ACC-104915,Greenfield Media Ltd,Business,US,USD,Tier2_Verified,2025-12-17,374.3
FLR-ACC-104916,Chidi Green,Individual,US,USD,Tier2_Verified,2025-10-07,115.45
FLR-ACC-104917,Amaka Adeyemi,Individual,NG,NGN,Tier2_Verified,2024-02-27,138.89
FLR-ACC-104918,Apex Foods Inc,Business,NG,NGN,Tier2_Verified,2023-03-17,545.16
FLR-ACC-104919,Metro Consulting Ltd,Business,NG,NGN,Tier3_Enhanced,2024-04-30,994.0
FLR-ACC-104920,Prime Technologies Ltd,Business,NG,NGN,Tier2_Verified,2023-02-06,1819.09
FLR-ACC-104921,Peter Williams,Individual,NG,NGN,Tier2_Verified,2025-05-17,19.78
FLR-ACC-104922,Kunle Adekunle,Individual,NG,NGN,Tier2_Verified,2026-05-03,32.08
FLR-ACC-104923,Blessing Fashola,Individual,NG,NGN,Tier3_Enhanced,2024-11-09,85.77
FLR-ACC-104924,Global Trading Co.,Business,NG,NGN,Tier3_Enhanced,2024-09-19,784.93
FLR-ACC-104925,Greenfield Textiles Co.,Business,US,USD,Tier2_Verified,2026-02-08,666.87
FLR-ACC-104926,Sarah Okoro,Individual,US,USD,Tier2_Verified,2024-06-20,74.95
FLR-ACC-104927,Emeka Nwosu,Individual,NG,NGN,Tier2_Verified,2024-03-29,108.07
FLR-ACC-104928,Global Logistics Co.,Business,US,USD,Tier3_Enhanced,2023-05-28,392.28
FLR-ACC-104929,Femi Okoro,Individual,NG,NGN,Tier3_Enhanced,2022-11-26,32.36
FLR-ACC-104930,Metro Media LLC,Business,US,USD,Tier3_Enhanced,2024-08-25,1384.1
FLR-ACC-104931,Greenfield Foods LLC,Business,NG,NGN,Tier1_Basic,2026-05-13,566.1
FLR-ACC-104932,Greenfield Consulting Ltd,Business,FR,EUR,Tier1_Basic,2026-01-19,344.62
FLR-ACC-104933,Apex Foods LLC,Business,NG,NGN,Tier3_Enhanced,2025-09-17,864.02
FLR-ACC-104934,Laura Okoro,Individual,NG,NGN,Tier2_Verified,2025-12-28,240.51
FLR-ACC-104935,Funke Hassan,Individual,GB,GBP,Tier1_Basic,2025-09-12,61.49
FLR-ACC-104936,Mary Okoro,Individual,NG,NGN,Tier2_Verified,2025-05-19,38.27
FLR-ACC-104937,Tobi Nwosu,Individual,FR,EUR,Tier3_Enhanced,2024-02-03,72.97
FLR-ACC-104938,Mary Fashola,Individual,US,USD,Tier2_Verified,2023-06-12,30.68
FLR-ACC-104939,Urban Trading Ltd,Business,NG,NGN,Tier3_Enhanced,2024-07-13,229.7
FLR-ACC-104940,Metro Media Inc,Business,US,USD,Tier1_Basic,2025-12-17,590.4
FLR-ACC-104941,Metro Builders Co.,Business,NG,NGN,Tier2_Verified,2024-02-21,479.94
FLR-ACC-104942,Grace Okoro,Individual,NG,NGN,Tier3_Enhanced,2024-11-06,73.52
FLR-ACC-104943,Mary Smith,Individual,US,USD,Tier2_Verified,2026-03-31,62.95
FLR-ACC-104944,Ben Okoro,Individual,NG,NGN,Tier2_Verified,2024-07-22,123.83
FLR-ACC-104945,David Smith,Individual,US,USD,Tier2_Verified,2023-03-12,75.9
FLR-ACC-104946,North Logistics LLC,Business,NG,NGN,Tier3_Enhanced,2024-08-15,262.16
FLR-ACC-104947,Greenfield Consulting LLC,Business,NG,NGN,Tier1_Basic,2026-07-14,1636.84
FLR-ACC-104948,Femi Ibrahim,Individual,NG,NGN,Tier2_Verified,2025-11-23,28.97
FLR-ACC-104949,Tobi Eze,Individual,FR,EUR,Tier2_Verified,2026-06-15,111.3
FLR-ACC-104950,Bluewave Builders Inc,Business,DE,EUR,Tier3_Enhanced,2025-01-08,1956.75
FLR-ACC-104951,Silverline Consulting Inc,Business,DE,EUR,Tier2_Verified,2023-08-28,687.13
FLR-ACC-104952,Bluewave Builders Inc,Business,US,USD,Tier2_Verified,2026-02-24,344.45
FLR-ACC-104953,Blessing Green,Individual,NG,NGN,Tier1_Basic,2022-09-06,8.67
FLR-ACC-104954,Tunde Bello,Individual,NG,NGN,Tier3_Enhanced,2022-10-18,50.45
FLR-ACC-104955,Amaka Adekunle,Individual,GB,GBP,Tier3_Enhanced,2023-05-13,78.03
FLR-ACC-104956,Apex Ventures LLC,Business,NG,NGN,Tier1_Basic,2024-06-02,530.67
FLR-ACC-104957,John Williams,Individual,NG,NGN,Tier3_Enhanced,2025-12-10,39.22
FLR-ACC-104958,John Balogun,Individual,NG,NGN,Tier2_Verified,2025-06-07,148.73
FLR-ACC-104959,Emeka Balogun,Individual,GB,GBP,Tier3_Enhanced,2024-01-14,106.33
FLR-ACC-104960,Femi Eze,Individual,GB,GBP,Tier2_Verified,2025-05-30,64.28
FLR-ACC-104961,Peter Okafor,Individual,NG,NGN,Tier3_Enhanced,2025-02-10,157.65
FLR-ACC-104962,Greenfield Builders LLC,Business,FR,EUR,Tier3_Enhanced,2023-08-07,233.54
FLR-ACC-104963,North Ventures Ltd,Business,FR,EUR,Tier2_Verified,2025-06-02,1354.88
FLR-ACC-104964,Emeka Fashola,Individual,NG,NGN,Tier2_Verified,2025-07-07,51.2
FLR-ACC-104965,Funke Okafor,Individual,NG,NGN,Tier2_Verified,2022-12-27,124.65
FLR-ACC-104966,Mary Smith,Individual,GB,GBP,Tier2_Verified,2025-03-04,44.39
FLR-ACC-104967,Greenfield Logistics Co.,Business,NG,NGN,Tier1_Basic,2025-06-22,404.53
FLR-ACC-104968,Ruth Williams,Individual,US,USD,Tier1_Basic,2025-04-23,109.6
FLR-ACC-104969,Amaka Chukwu,Individual,NG,NGN,Tier2_Verified,2024-12-01,96.88
FLR-ACC-104970,Daniel Balogun,Individual,US,USD,Tier3_Enhanced,2023-05-27,45.71
FLR-ACC-104971,Apex Logistics Ltd,Business,US,USD,Tier2_Verified,2024-01-25,331.0
FLR-ACC-104972,Ifeoma Green,Individual,NG,NGN,Tier3_Enhanced,2025-07-25,22.47
FLR-ACC-104973,Urban Textiles LLC,Business,US,USD,Tier2_Verified,2026-06-18,208.69
FLR-ACC-104974,Musa Yusuf,Individual,NG,NGN,Tier3_Enhanced,2024-02-01,123.21
FLR-ACC-104975,Daniel Green,Individual,DE,EUR,Tier1_Basic,2025-07-14,103.94
FLR-ACC-104976,Bluewave Technologies LLC,Business,NG,NGN,Tier2_Verified,2024-02-23,752.46
FLR-ACC-104977,Global Trading Ltd,Business,US,USD,Tier2_Verified,2025-06-19,302.42
FLR-ACC-104978,Emeka Adekunle,Individual,US,USD,Tier2_Verified,2024-09-21,37.32
FLR-ACC-104979,Global Builders Co.,Business,GB,GBP,Tier2_Verified,2025-09-22,1620.06
FLR-ACC-104980,Ruth Fashola,Individual,US,USD,Tier2_Verified,2025-11-03,131.15
FLR-ACC-104981,Emeka Ibrahim,Individual,NG,NGN,Tier3_Enhanced,2024-10-23,104.19
FLR-ACC-104982,Sunrise Ventures Inc,Business,DE,EUR,Tier1_Basic,2026-07-17,87.6
FLR-ACC-104983,Grace Okoro,Individual,NG,NGN,Tier2_Verified,2024-08-07,82.49
FLR-ACC-104984,Ngozi Yusuf,Individual,NG,NGN,Tier1_Basic,2024-03-31,32.37
FLR-ACC-104985,Funke Smith,Individual,NG,NGN,Tier3_Enhanced,2024-09-13,103.07
FLR-ACC-104986,Prime Textiles Co.,Business,FR,EUR,Tier2_Verified,2025-06-01,264.31
FLR-ACC-104987,Aisha Brown,Individual,FR,EUR,Tier3_Enhanced,2024-02-16,29.08
FLR-ACC-104988,Chuka Bello,Individual,NG,NGN,Tier3_Enhanced,2023-01-30,71.93
FLR-ACC-104989,Apex Logistics LLC,Business,GB,GBP,Tier1_Basic,2025-09-06,205.99
FLR-ACC-104990,Aisha Green,Individual,US,USD,Tier1_Basic,2025-07-02,84.99
FLR-ACC-104991,Aisha Nwosu,Individual,NG,NGN,Tier1_Basic,2026-05-08,63.23
FLR-ACC-104992,Grace Bello,Individual,GB,GBP,Tier1_Basic,2026-02-18,50.15
FLR-ACC-104993,Ngozi Okafor,Individual,NG,NGN,Tier2_Verified,2025-12-30,49.83
FLR-ACC-104994,Michael Bello,Individual,NG,NGN,Tier2_Verified,2026-04-01,97.81
FLR-ACC-104995,Apex Ventures Inc,Business,US,USD,Tier3_Enhanced,2025-02-15,666.11
FLR-ACC-104996,Greenfield Retail LLC,Business,NG,NGN,Tier2_Verified,2024-09-18,731.82
FLR-ACC-104997,Ruth Adeyemi,Individual,US,USD,Tier1_Basic,2026-04-12,43.33
FLR-ACC-104998,Mary Ibrahim,Individual,NG,NGN,Tier2_Verified,2026-08-05,122.63
FLR-ACC-104999,Daniel Williams,Individual,NG,NGN,Tier2_Verified,2025-08-04,61.53
FLR-ACC-105000,Ruth Okafor,Individual,NG,NGN,Tier2_Verified,2023-09-30,59.39
FLR-ACC-105001,Greenfield Retail LLC,Business,NG,NGN,Tier3_Enhanced,2024-06-24,1008.53
FLR-ACC-105002,Tunde Fashola,Individual,GB,GBP,Tier1_Basic,2026-05-11,62.26
FLR-ACC-105003,Kunle Balogun,Individual,NG,NGN,Tier3_Enhanced,2023-07-07,67.84
FLR-ACC-105004,Sunrise Textiles Ltd,Business,US,USD,Tier2_Verified,2025-09-08,400.13
FLR-ACC-105005,Femi Balogun,Individual,NG,NGN,Tier3_Enhanced,2025-07-07,60.3
FLR-ACC-105006,Kunle Johnson,Individual,NG,NGN,Tier3_Enhanced,2024-03-15,58.87
FLR-ACC-105007,Ben Bello,Individual,NG,NGN,Tier1_Basic,2026-07-13,137.79
FLR-ACC-105008,Blessing Eze,Individual,NG,NGN,Tier3_Enhanced,2024-02-15,92.47
FLR-ACC-105009,Daniel Hassan,Individual,NG,NGN,Tier3_Enhanced,2023-05-06,40.1
FLR-ACC-105010,Femi Adekunle,Individual,US,USD,Tier2_Verified,2026-02-22,48.47
FLR-ACC-105011,Amaka Taylor,Individual,NG,NGN,Tier2_Verified,2025-10-25,67.62
FLR-ACC-105012,Kemi Smith,Individual,NG,NGN,Tier3_Enhanced,2025-01-02,18.61
FLR-ACC-105013,Metro Media LLC,Business,NG,NGN,Tier3_Enhanced,2025-07-02,231.96
FLR-ACC-105014,Sarah Yusuf,Individual,US,USD,Tier3_Enhanced,2024-02-02,50.3
FLR-ACC-105015,Metro Foods Ltd,Business,FR,EUR,Tier2_Verified,2024-09-26,1152.77
FLR-ACC-105016,Ben Balogun,Individual,NG,NGN,Tier1_Basic,2026-03-07,13.41
FLR-ACC-105017,Apex Ventures Inc,Business,DE,EUR,Tier3_Enhanced,2024-03-31,447.7
FLR-ACC-105018,Musa Okoro,Individual,NG,NGN,Tier3_Enhanced,2023-12-22,60.55
FLR-ACC-105019,Ifeoma Williams,Individual,DE,EUR,Tier3_Enhanced,2025-03-31,33.12
FLR-ACC-105020,Apex Logistics Inc,Business,US,USD,Tier2_Verified,2024-05-21,141.04
FLR-ACC-105021,Global Technologies Ltd,Business,US,USD,Tier3_Enhanced,2023-12-01,377.89
FLR-ACC-105022,Greenfield Technologies Ltd,Business,GB,GBP,Tier3_Enhanced,2024-10-12,222.2
FLR-ACC-105023,Sarah Yusuf,Individual,NG,NGN,Tier2_Verified,2025-06-28,57.18
FLR-ACC-105024,Global Trading Inc,Business,NG,NGN,Tier2_Verified,2026-02-27,1455.76
FLR-ACC-105025,Metro Textiles LLC,Business,FR,EUR,Tier3_Enhanced,2024-02-05,923.28
FLR-ACC-105026,Aisha Obi,Individual,NG,NGN,Tier2_Verified,2023-10-18,27.59
FLR-ACC-105027,North Trading Co.,Business,GB,GBP,Tier2_Verified,2025-05-12,519.46
FLR-ACC-105028,Global Media Inc,Business,NG,NGN,Tier3_Enhanced,2024-06-20,1061.91
FLR-ACC-105029,John Okafor,Individual,GB,GBP,Tier3_Enhanced,2023-10-18,23.02
FLR-ACC-105030,Chidi Smith,Individual,NG,NGN,Tier1_Basic,2026-05-11,49.31
FLR-ACC-105031,Musa Taylor,Individual,US,USD,Tier2_Verified,2026-02-02,28.19
FLR-ACC-105032,Yetunde Eze,Individual,NG,NGN,Tier2_Verified,2024-10-25,80.1
FLR-ACC-105033,Olu Adeyemi,Individual,GB,GBP,Tier2_Verified,2024-03-07,78.31
FLR-ACC-105034,Kunle Okoro,Individual,NG,NGN,Tier3_Enhanced,2026-01-18,42.47
FLR-ACC-105035,Metro Ventures Co.,Business,GB,GBP,Tier1_Basic,2026-05-19,695.47
FLR-ACC-105036,Metro Trading Co.,Business,FR,EUR,Tier2_Verified,2025-04-18,365.27
FLR-ACC-105037,Ruth Johnson,Individual,NG,NGN,Tier2_Verified,2025-11-10,55.33
FLR-ACC-105038,Tobi Okafor,Individual,NG,NGN,Tier1_Basic,2026-07-10,49.28
FLR-ACC-105039,North Retail Inc,Business,US,USD,Tier1_Basic,2025-11-26,395.07
FLR-ACC-105040,Urban Retail Ltd,Business,NG,NGN,Tier3_Enhanced,2024-08-23,344.36
FLR-ACC-105041,Laura Obi,Individual,GB,GBP,Tier3_Enhanced,2025-10-12,121.26
FLR-ACC-105042,Femi Eze,Individual,US,USD,Tier3_Enhanced,2024-10-02,36.71
FLR-ACC-105043,Mary Hassan,Individual,NG,NGN,Tier3_Enhanced,2024-12-08,60.18
FLR-ACC-105044,Chioma Ibrahim,Individual,NG,NGN,Tier2_Verified,2025-04-22,59.69
FLR-ACC-105045,Greenfield Media LLC,Business,NG,NGN,Tier3_Enhanced,2024-05-20,815.15
FLR-ACC-105046,Ben Johnson,Individual,GB,GBP,Tier3_Enhanced,2024-12-11,47.74
FLR-ACC-105047,Prime Technologies Ltd,Business,NG,NGN,Tier3_Enhanced,2024-08-09,728.52
FLR-ACC-105048,Ruth Fashola,Individual,NG,NGN,Tier3_Enhanced,2023-10-27,68.4
FLR-ACC-105049,Sunrise Media Inc,Business,US,USD,Tier2_Verified,2026-03-04,496.58
FLR-ACC-105050,Apex Logistics Ltd,Business,NG,NGN,Tier2_Verified,2024-05-09,1412.11
FLR-ACC-105051,Tobi Taylor,Individual,NG,NGN,Tier2_Verified,2024-02-16,76.59
FLR-ACC-105052,Kunle Adeyemi,Individual,NG,NGN,Tier2_Verified,2026-02-02,72.32
FLR-ACC-105053,Global Ventures Inc,Business,NG,NGN,Tier3_Enhanced,2025-03-22,729.64
FLR-ACC-105054,Blessing Fashola,Individual,NG,NGN,Tier3_Enhanced,2023-11-29,45.24
FLR-ACC-105055,Apex Textiles Co.,Business,NG,NGN,Tier2_Verified,2025-06-01,737.56
FLR-ACC-105056,Yetunde Bello,Individual,NG,NGN,Tier3_Enhanced,2024-01-25,34.5
FLR-ACC-105057,Tobi Brown,Individual,GB,GBP,Tier3_Enhanced,2025-09-28,22.73
FLR-ACC-105058,Kunle Fashola,Individual,NG,NGN,Tier2_Verified,2025-06-06,65.38
FLR-ACC-105059,Tobi Ibrahim,Individual,NG,NGN,Tier2_Verified,2024-01-22,24.35
FLR-ACC-105060,Greenfield Consulting Co.,Business,NG,NGN,Tier1_Basic,2024-04-15,853.45
FLR-ACC-105061,Chidi Okoro,Individual,US,USD,Tier1_Basic,2025-01-10,44.65
FLR-ACC-105062,David Johnson,Individual,NG,NGN,Tier3_Enhanced,2025-04-14,263.14
FLR-ACC-105063,Chidi Green,Individual,DE,EUR,Tier1_Basic,2026-05-31,58.32
FLR-ACC-105064,Urban Logistics Ltd,Business,FR,EUR,Tier1_Basic,2026-04-13,356.19
FLR-ACC-105065,Silverline Consulting LLC,Business,NG,NGN,Tier2_Verified,2025-05-01,464.92
FLR-ACC-105066,Femi Green,Individual,NG,NGN,Tier2_Verified,2025-10-26,15.36
FLR-ACC-105067,Urban Logistics Ltd,Business,FR,EUR,Tier1_Basic,2026-05-21,1657.72
FLR-ACC-105068,Emeka Bello,Individual,NG,NGN,Tier2_Verified,2026-02-11,7.49
FLR-ACC-105069,Prime Builders LLC,Business,NG,NGN,Tier1_Basic,2022-07-28,296.49
FLR-ACC-105070,Kemi Adekunle,Individual,NG,NGN,Tier1_Basic,2026-02-24,23.41
FLR-ACC-105071,North Trading Inc,Business,GB,GBP,Tier2_Verified,2026-01-29,541.92
FLR-ACC-105072,Kemi Bello,Individual,US,USD,Tier1_Basic,2025-03-09,31.71
FLR-ACC-105073,Blessing Ibrahim,Individual,NG,NGN,Tier2_Verified,2022-12-23,20.35
FLR-ACC-105074,Urban Retail Inc,Business,GB,GBP,Tier3_Enhanced,2025-01-30,260.83
FLR-ACC-105075,Ngozi Nwosu,Individual,GB,GBP,Tier3_Enhanced,2024-10-17,52.73
FLR-ACC-105076,Funke Brown,Individual,NG,NGN,Tier3_Enhanced,2026-02-04,103.01
FLR-ACC-105077,Yetunde Taylor,Individual,NG,NGN,Tier3_Enhanced,2025-04-24,27.7
FLR-ACC-105078,Greenfield Technologies LLC,Business,US,USD,Tier3_Enhanced,2025-11-05,1135.88
FLR-ACC-105079,Aisha Hassan,Individual,NG,NGN,Tier2_Verified,2023-08-14,52.53
FLR-ACC-105080,Urban Consulting Inc,Business,NG,NGN,Tier3_Enhanced,2023-04-23,1259.83
FLR-ACC-105081,Amaka Smith,Individual,GB,GBP,Tier3_Enhanced,2023-06-04,62.73
FLR-ACC-105082,Prime Builders LLC,Business,DE,EUR,Tier2_Verified,2026-02-04,448.0
FLR-ACC-105083,Ruth Fashola,Individual,GB,GBP,Tier2_Verified,2023-10-25,149.43
FLR-ACC-105084,Olu Williams,Individual,NG,NGN,Tier2_Verified,2026-02-01,35.07
FLR-ACC-105085,Daniel Ibrahim,Individual,NG,NGN,Tier1_Basic,2026-04-04,44.95
FLR-ACC-105086,Prime Technologies Co.,Business,FR,EUR,Tier2_Verified,2025-05-04,929.53
FLR-ACC-105087,Bluewave Consulting Inc,Business,US,USD,Tier2_Verified,2023-04-11,324.57
FLR-ACC-105088,Ifeoma Okoro,Individual,GB,GBP,Tier3_Enhanced,2023-12-08,56.95
FLR-ACC-105089,Urban Retail LLC,Business,NG,NGN,Tier3_Enhanced,2024-05-29,136.64
FLR-ACC-105090,Ruth Balogun,Individual,US,USD,Tier2_Verified,2025-12-10,133.11
FLR-ACC-105091,David Okoro,Individual,US,USD,Tier3_Enhanced,2023-08-28,104.34
FLR-ACC-105092,Daniel Yusuf,Individual,GB,GBP,Tier2_Verified,2024-09-14,43.4
FLR-ACC-105093,Mary Johnson,Individual,US,USD,Tier2_Verified,2025-07-17,239.21
FLR-ACC-105094,Metro Retail Ltd,Business,NG,NGN,Tier1_Basic,2025-02-04,1359.74
FLR-ACC-105095,Funke Williams,Individual,NG,NGN,Tier3_Enhanced,2023-08-25,14.66
FLR-ACC-105096,Kunle Smith,Individual,DE,EUR,Tier2_Verified,2024-07-01,73.08
FLR-ACC-105097,Silverline Consulting LLC,Business,NG,NGN,Tier2_Verified,2022-12-22,1146.3
FLR-ACC-105098,Prime Consulting Ltd,Business,GB,GBP,Tier2_Verified,2025-08-11,502.58
FLR-ACC-105099,Emeka Hassan,Individual,NG,NGN,Tier3_Enhanced,2025-06-03,163.11
FLR-ACC-105100,Michael Taylor,Individual,US,USD,Tier2_Verified,2025-07-18,162.98
FLR-ACC-105101,Global Consulting Inc,Business,US,USD,Tier2_Verified,2022-10-23,80.44
FLR-ACC-105102,Aisha Adeyemi,Individual,NG,NGN,Tier2_Verified,2024-03-30,30.32
FLR-ACC-105103,Silverline Retail Co.,Business,NG,NGN,Tier2_Verified,2025-11-02,960.13
FLR-ACC-105104,Femi Hassan,Individual,GB,GBP,Tier2_Verified,2024-08-15,147.88
FLR-ACC-105105,Sarah Green,Individual,NG,NGN,Tier2_Verified,2023-11-16,48.3
FLR-ACC-105106,Bluewave Textiles Ltd,Business,NG,NGN,Tier3_Enhanced,2023-09-14,138.83
FLR-ACC-105107,Kunle Bello,Individual,NG,NGN,Tier2_Verified,2025-03-17,28.87
FLR-ACC-105108,Laura Adekunle,Individual,FR,EUR,Tier2_Verified,2026-07-21,190.58
FLR-ACC-105109,Blessing Yusuf,Individual,NG,NGN,Tier3_Enhanced,2023-07-11,56.92
FLR-ACC-105110,Kemi Chukwu,Individual,NG,NGN,Tier2_Verified,2026-01-02,48.14
FLR-ACC-105111,Daniel Obi,Individual,US,USD,Tier3_Enhanced,2023-10-06,19.9
FLR-ACC-105112,Ben Smith,Individual,NG,NGN,Tier2_Verified,2025-05-14,19.04
FLR-ACC-105113,Peter Smith,Individual,NG,NGN,Tier1_Basic,2025-04-22,109.87
FLR-ACC-105114,John Eze,Individual,NG,NGN,Tier1_Basic,2024-10-30,31.16
FLR-ACC-105115,Amaka Yusuf,Individual,US,USD,Tier3_Enhanced,2023-08-13,149.79
FLR-ACC-105116,Kemi Ibrahim,Individual,NG,NGN,Tier2_Verified,2023-10-14,68.21
FLR-ACC-105117,Silverline Media Ltd,Business,US,USD,Tier2_Verified,2024-09-06,486.53
FLR-ACC-105118,Yetunde Johnson,Individual,US,USD,Tier2_Verified,2023-12-09,100.74
FLR-ACC-105119,Peter Green,Individual,NG,NGN,Tier3_Enhanced,2024-06-28,43.53
FLR-ACC-105120,Sunrise Ventures LLC,Business,DE,EUR,Tier2_Verified,2024-12-30,634.04
FLR-ACC-105121,Michael Okafor,Individual,NG,NGN,Tier2_Verified,2026-03-05,224.73
FLR-ACC-105122,Grace Yusuf,Individual,GB,GBP,Tier3_Enhanced,2025-06-27,100.85
FLR-ACC-105123,Michael Ibrahim,Individual,NG,NGN,Tier1_Basic,2025-09-02,20.46
FLR-ACC-105124,Femi Fashola,Individual,DE,EUR,Tier2_Verified,2023-03-16,52.41
FLR-ACC-105125,Chidi Green,Individual,US,USD,Tier2_Verified,2024-05-29,7.5
FLR-ACC-105126,Amaka Balogun,Individual,US,USD,Tier2_Verified,2023-07-17,36.78
FLR-ACC-105127,Emeka Chukwu,Individual,NG,NGN,Tier3_Enhanced,2026-01-08,135.53
FLR-ACC-105128,Ifeoma Yusuf,Individual,GB,GBP,Tier2_Verified,2026-04-18,168.92
FLR-ACC-105129,Sunrise Trading Ltd,Business,GB,GBP,Tier2_Verified,2025-06-25,470.73
FLR-ACC-105130,Chuka Taylor,Individual,GB,GBP,Tier1_Basic,2026-04-13,36.07
FLR-ACC-105131,Ruth Okoro,Individual,NG,NGN,Tier2_Verified,2026-06-23,156.73
FLR-ACC-105132,James Taylor,Individual,NG,NGN,Tier3_Enhanced,2022-12-05,47.56
FLR-ACC-105133,Tunde Williams,Individual,GB,GBP,Tier2_Verified,2025-02-17,45.2
FLR-ACC-105134,Daniel Balogun,Individual,FR,EUR,Tier3_Enhanced,2025-03-19,55.63
FLR-ACC-105135,Tobi Balogun,Individual,US,USD,Tier1_Basic,2026-04-26,76.21
FLR-ACC-105136,Apex Textiles Inc,Business,NG,NGN,Tier2_Verified,2024-04-27,211.57
FLR-ACC-105137,Sunrise Trading Inc,Business,US,USD,Tier2_Verified,2024-04-13,435.63
FLR-ACC-105138,Mary Fashola,Individual,GB,GBP,Tier2_Verified,2023-09-17,50.03
FLR-ACC-105139,North Trading LLC,Business,NG,NGN,Tier3_Enhanced,2024-12-08,1559.7
FLR-ACC-105140,Greenfield Ventures LLC,Business,NG,NGN,Tier3_Enhanced,2025-04-02,677.74
FLR-ACC-105141,Kunle Okafor,Individual,US,USD,Tier3_Enhanced,2025-01-23,36.96
FLR-ACC-105142,Prime Logistics Ltd,Business,GB,GBP,Tier3_Enhanced,2025-04-29,284.18
FLR-ACC-105143,Blessing Brown,Individual,NG,NGN,Tier2_Verified,2024-01-08,67.31
FLR-ACC-105144,Prime Consulting Co.,Business,US,USD,Tier2_Verified,2023-07-19,384.94
FLR-ACC-105145,Peter Taylor,Individual,NG,NGN,Tier3_Enhanced,2024-12-20,105.14
FLR-ACC-105146,Silverline Trading Inc,Business,FR,EUR,Tier3_Enhanced,2024-06-16,71.34
FLR-ACC-105147,Bluewave Logistics Ltd,Business,NG,NGN,Tier2_Verified,2026-03-13,238.85
FLR-ACC-105148,Olu Okoro,Individual,NG,NGN,Tier1_Basic,2025-03-06,150.07
FLR-ACC-105149,Silverline Consulting LLC,Business,NG,NGN,Tier1_Basic,2026-03-26,151.84
FLR-ACC-105150,Tunde Chukwu,Individual,DE,EUR,Tier3_Enhanced,2024-01-15,67.41
FLR-ACC-105151,Ngozi Obi,Individual,NG,NGN,Tier2_Verified,2025-06-04,11.01
FLR-ACC-105152,Femi Nwosu,Individual,NG,NGN,Tier3_Enhanced,2026-02-14,40.68
FLR-ACC-105153,Prime Consulting LLC,Business,US,USD,Tier2_Verified,2025-08-30,826.54
FLR-ACC-105154,Michael Williams,Individual,NG,NGN,Tier2_Verified,2025-10-17,160.25
FLR-ACC-105155,Greenfield Trading Inc,Business,US,USD,Tier1_Basic,2026-05-10,1051.67
FLR-ACC-105156,Ben Chukwu,Individual,US,USD,Tier2_Verified,2026-06-26,13.5
FLR-ACC-105157,Musa Chukwu,Individual,NG,NGN,Tier3_Enhanced,2023-06-16,34.39
FLR-ACC-105158,Musa Fashola,Individual,US,USD,Tier3_Enhanced,2024-05-18,32.17
FLR-ACC-105159,Kemi Adekunle,Individual,FR,EUR,Tier3_Enhanced,2025-12-05,24.09
FLR-ACC-105160,Daniel Okoro,Individual,GB,GBP,Tier2_Verified,2025-05-15,37.72
FLR-ACC-105161,Sunrise Retail LLC,Business,US,USD,Tier2_Verified,2026-04-20,553.32
FLR-ACC-105162,Michael Yusuf,Individual,NG,NGN,Tier1_Basic,2026-04-06,23.45
FLR-ACC-105163,Ben Balogun,Individual,NG,NGN,Tier2_Verified,2024-01-05,31.85
FLR-ACC-105164,Kunle Ibrahim,Individual,GB,GBP,Tier2_Verified,2024-02-04,19.3
FLR-ACC-105165,Sarah Green,Individual,GB,GBP,Tier2_Verified,2023-03-23,16.7
FLR-ACC-105166,Sunrise Trading LLC,Business,US,USD,Tier2_Verified,2025-04-14,873.36
FLR-ACC-105167,Silverline Builders Co.,Business,NG,NGN,Tier3_Enhanced,2023-03-25,347.87
FLR-ACC-105168,Urban Builders LLC,Business,NG,NGN,Tier2_Verified,2024-07-19,1081.17
FLR-ACC-105169,David Brown,Individual,GB,GBP,Tier2_Verified,2024-02-02,53.6
FLR-ACC-105170,Greenfield Technologies LLC,Business,NG,NGN,Tier2_Verified,2024-12-14,320.03
FLR-ACC-105171,Olu Okoro,Individual,US,USD,Tier2_Verified,2024-03-21,249.05
FLR-ACC-105172,Peter Ibrahim,Individual,US,USD,Tier1_Basic,2025-03-27,73.51
FLR-ACC-105173,Greenfield Foods LLC,Business,NG,NGN,Tier1_Basic,2025-07-14,79.53
FLR-ACC-105174,Kunle Smith,Individual,FR,EUR,Tier2_Verified,2026-05-08,25.59
FLR-ACC-105175,David Yusuf,Individual,US,USD,Tier2_Verified,2023-09-18,34.45
FLR-ACC-105176,Sunrise Trading LLC,Business,GB,GBP,Tier2_Verified,2025-12-19,842.58
FLR-ACC-105177,Chioma Ibrahim,Individual,US,USD,Tier2_Verified,2026-01-19,61.83
FLR-ACC-105178,Bluewave Textiles Ltd,Business,NG,NGN,Tier1_Basic,2025-12-26,649.82
FLR-ACC-105179,Ifeoma Eze,Individual,US,USD,Tier3_Enhanced,2024-09-06,29.17
FLR-ACC-105180,Mary Smith,Individual,NG,NGN,Tier2_Verified,2024-10-13,50.66
FLR-ACC-105181,Tunde Bello,Individual,GB,GBP,Tier1_Basic,2025-03-15,148.12
FLR-ACC-105182,Sarah Adekunle,Individual,NG,NGN,Tier2_Verified,2023-09-16,80.49
FLR-ACC-105183,James Chukwu,Individual,US,USD,Tier1_Basic,2023-06-30,19.4
FLR-ACC-105184,Ngozi Johnson,Individual,US,USD,Tier3_Enhanced,2026-03-25,70.98
FLR-ACC-105185,Peter Hassan,Individual,US,USD,Tier1_Basic,2026-05-31,141.69
FLR-ACC-105186,Yetunde Bello,Individual,US,USD,Tier3_Enhanced,2025-12-09,233.77
FLR-ACC-105187,Emeka Obi,Individual,NG,NGN,Tier3_Enhanced,2024-12-11,13.21
FLR-ACC-105188,Sunrise Logistics Inc,Business,US,USD,Tier3_Enhanced,2024-12-30,326.34
FLR-ACC-105189,Global Foods Ltd,Business,NG,NGN,Tier2_Verified,2025-06-17,549.73
FLR-ACC-105190,Silverline Technologies Co.,Business,FR,EUR,Tier2_Verified,2026-04-03,265.84
FLR-ACC-105191,Femi Smith,Individual,GB,GBP,Tier3_Enhanced,2025-03-14,38.19
FLR-ACC-105192,Urban Textiles LLC,Business,FR,EUR,Tier1_Basic,2026-02-24,116.97
FLR-ACC-105193,Greenfield Retail Co.,Business,GB,GBP,Tier2_Verified,2026-01-15,320.68
FLR-ACC-105194,Funke Adekunle,Individual,NG,NGN,Tier1_Basic,2026-04-28,74.82
FLR-ACC-105195,Funke Okafor,Individual,GB,GBP,Tier1_Basic,2024-12-26,48.68
FLR-ACC-105196,Chuka Johnson,Individual,NG,NGN,Tier1_Basic,2025-05-21,140.55
FLR-ACC-105197,Femi Ibrahim,Individual,NG,NGN,Tier3_Enhanced,2024-02-26,41.11
FLR-ACC-105198,Blessing Smith,Individual,FR,EUR,Tier2_Verified,2025-09-20,101.61
FLR-ACC-105199,Silverline Consulting Ltd,Business,US,USD,Tier2_Verified,2025-10-10,535.63
FLR-ACC-105200,Funke Balogun,Individual,NG,NGN,Tier2_Verified,2024-03-11,33.42
FLR-ACC-105201,Bluewave Media LLC,Business,NG,NGN,Tier2_Verified,2025-04-26,723.34
FLR-ACC-105202,Silverline Consulting LLC,Business,NG,NGN,Tier2_Verified,2024-04-10,605.7
FLR-ACC-105203,Tunde Smith,Individual,US,USD,Tier1_Basic,2025-02-08,43.32
FLR-ACC-105204,Ben Balogun,Individual,GB,GBP,Tier1_Basic,2025-10-22,12.76
FLR-ACC-105205,Mary Yusuf,Individual,US,USD,Tier1_Basic,2023-02-03,253.38
FLR-ACC-105206,Global Textiles LLC,Business,US,USD,Tier1_Basic,2025-02-26,1172.27
FLR-ACC-105207,Michael Eze,Individual,DE,EUR,Tier1_Basic,2026-05-01,74.41
FLR-ACC-105208,David Brown,Individual,FR,EUR,Tier3_Enhanced,2025-02-04,129.03
FLR-ACC-105209,Chioma Fashola,Individual,NG,NGN,Tier1_Basic,2023-02-11,15.64
FLR-ACC-105210,Prime Textiles Inc,Business,GB,GBP,Tier2_Verified,2024-05-11,700.36
FLR-ACC-105211,Metro Textiles Ltd,Business,US,USD,Tier3_Enhanced,2025-12-09,855.54
FLR-ACC-105212,Prime Builders Inc,Business,NG,NGN,Tier3_Enhanced,2022-11-06,766.8
FLR-ACC-105213,Silverline Builders LLC,Business,DE,EUR,Tier2_Verified,2025-06-15,857.54
FLR-ACC-105214,Aisha Johnson,Individual,NG,NGN,Tier1_Basic,2026-08-18,21.16
FLR-ACC-105215,Tunde Taylor,Individual,FR,EUR,Tier3_Enhanced,2024-02-06,76.65
FLR-ACC-105216,Laura Adeyemi,Individual,FR,EUR,Tier1_Basic,2026-04-04,73.96
FLR-ACC-105217,Emeka Hassan,Individual,NG,NGN,Tier3_Enhanced,2024-12-04,160.63
FLR-ACC-105218,Metro Ventures LLC,Business,GB,GBP,Tier1_Basic,2025-04-17,414.11
FLR-ACC-105219,Chuka Nwosu,Individual,NG,NGN,Tier3_Enhanced,2026-05-26,75.5
FLR-ACC-105220,Peter Nwosu,Individual,DE,EUR,Tier2_Verified,2025-09-19,80.38
FLR-ACC-105221,Bluewave Trading LLC,Business,GB,GBP,Tier3_Enhanced,2023-08-23,1050.52
FLR-ACC-105222,Chuka Eze,Individual,FR,EUR,Tier3_Enhanced,2025-04-14,62.92
FLR-ACC-105223,Blessing Bello,Individual,NG,NGN,Tier1_Basic,2025-02-22,67.36
FLR-ACC-105224,Blessing Nwosu,Individual,NG,NGN,Tier1_Basic,2024-09-25,64.75
FLR-ACC-105225,Metro Textiles Ltd,Business,NG,NGN,Tier2_Verified,2024-03-13,566.49
FLR-ACC-105226,Chioma Smith,Individual,GB,GBP,Tier1_Basic,2025-06-15,82.08
FLR-ACC-105227,North Consulting Co.,Business,US,USD,Tier3_Enhanced,2024-02-14,157.0
FLR-ACC-105228,Greenfield Retail LLC,Business,DE,EUR,Tier2_Verified,2025-08-26,386.56
FLR-ACC-105229,Funke Obi,Individual,US,USD,Tier1_Basic,2025-08-27,51.9
FLR-ACC-105230,Emeka Bello,Individual,NG,NGN,Tier3_Enhanced,2023-10-11,68.0
FLR-ACC-105231,Grace Brown,Individual,GB,GBP,Tier1_Basic,2025-06-25,57.13
FLR-ACC-105232,Funke Adeyemi,Individual,NG,NGN,Tier2_Verified,2023-10-29,17.87
FLR-ACC-105233,Global Textiles Ltd,Business,NG,NGN,Tier2_Verified,2022-12-18,782.22
FLR-ACC-105234,Kemi Williams,Individual,US,USD,Tier2_Verified,2024-11-20,35.29
FLR-ACC-105235,North Ventures Inc,Business,DE,EUR,Tier3_Enhanced,2024-10-06,215.73
FLR-ACC-105236,Musa Brown,Individual,GB,GBP,Tier2_Verified,2025-11-18,70.51
FLR-ACC-105237,Mary Ibrahim,Individual,NG,NGN,Tier2_Verified,2026-03-28,98.95
FLR-ACC-105238,Ben Chukwu,Individual,GB,GBP,Tier2_Verified,2025-04-06,69.13
FLR-ACC-105239,Emeka Balogun,Individual,NG,NGN,Tier2_Verified,2025-03-07,79.4
FLR-ACC-105240,Metro Retail Inc,Business,NG,NGN,Tier3_Enhanced,2025-01-20,645.04
FLR-ACC-105241,Metro Textiles Ltd,Business,US,USD,Tier2_Verified,2023-04-28,755.07
FLR-ACC-105242,Laura Nwosu,Individual,GB,GBP,Tier1_Basic,2025-06-17,56.62
FLR-ACC-105243,Urban Ventures Inc,Business,NG,NGN,Tier2_Verified,2025-06-10,181.4
FLR-ACC-105244,Bluewave Builders Inc,Business,US,USD,Tier2_Verified,2025-08-25,479.74
FLR-ACC-105245,Ngozi Hassan,Individual,NG,NGN,Tier1_Basic,2025-01-14,34.6
FLR-ACC-105246,Chidi Adeyemi,Individual,NG,NGN,Tier2_Verified,2025-02-06,71.31
FLR-ACC-105247,Sunrise Media Co.,Business,FR,EUR,Tier1_Basic,2025-12-18,472.89
FLR-ACC-105248,Global Trading Co.,Business,NG,NGN,Tier1_Basic,2024-09-05,327.29
FLR-ACC-105249,Metro Retail Inc,Business,FR,EUR,Tier3_Enhanced,2024-04-20,100.95
FLR-ACC-105250,Ngozi Okafor,Individual,GB,GBP,Tier3_Enhanced,2024-10-30,197.54
FLR-ACC-105251,Chioma Bello,Individual,NG,NGN,Tier3_Enhanced,2025-08-25,5.44
FLR-ACC-105252,Ifeoma Hassan,Individual,NG,NGN,Tier2_Verified,2025-09-17,26.9
FLR-ACC-105253,Femi Williams,Individual,GB,GBP,Tier2_Verified,2025-04-08,88.75
FLR-ACC-105254,Greenfield Foods Inc,Business,GB,GBP,Tier1_Basic,2025-10-31,377.5
FLR-ACC-105255,Ifeoma Okoro,Individual,NG,NGN,Tier2_Verified,2025-10-06,56.25
FLR-ACC-105256,Urban Logistics Co.,Business,NG,NGN,Tier3_Enhanced,2023-05-14,486.95
FLR-ACC-105257,Funke Hassan,Individual,US,USD,Tier2_Verified,2023-05-08,80.59
FLR-ACC-105258,Apex Ventures Inc,Business,US,USD,Tier2_Verified,2023-06-27,116.31
FLR-ACC-105259,Ngozi Green,Individual,NG,NGN,Tier3_Enhanced,2025-02-25,27.74
FLR-ACC-105260,Global Technologies Inc,Business,NG,NGN,Tier3_Enhanced,2024-12-02,802.43
FLR-ACC-105261,James Okafor,Individual,GB,GBP,Tier2_Verified,2025-11-21,149.84
FLR-ACC-105262,Bluewave Retail Ltd,Business,DE,EUR,Tier3_Enhanced,2024-09-12,619.96
FLR-ACC-105263,Tobi Williams,Individual,NG,NGN,Tier3_Enhanced,2024-11-20,205.21
FLR-ACC-105264,Chioma Chukwu,Individual,GB,GBP,Tier3_Enhanced,2025-02-07,18.49
FLR-ACC-105265,Chioma Johnson,Individual,NG,NGN,Tier1_Basic,2025-12-15,63.99
FLR-ACC-105266,Prime Technologies Inc,Business,NG,NGN,Tier2_Verified,2025-04-09,681.34
FLR-ACC-105267,Metro Builders Ltd,Business,DE,EUR,Tier3_Enhanced,2024-10-20,1285.39
FLR-ACC-105268,Global Retail LLC,Business,NG,NGN,Tier2_Verified,2025-09-19,115.02
FLR-ACC-105269,Mary Eze,Individual,GB,GBP,Tier2_Verified,2024-12-04,38.22
FLR-ACC-105270,Tobi Taylor,Individual,NG,NGN,Tier2_Verified,2026-01-17,18.12
FLR-ACC-105271,Bluewave Technologies Co.,Business,NG,NGN,Tier3_Enhanced,2022-07-13,158.78
FLR-ACC-105272,Amaka Obi,Individual,NG,NGN,Tier1_Basic,2024-02-13,35.1
FLR-ACC-105273,Grace Okoro,Individual,NG,NGN,Tier1_Basic,2026-03-09,9.51
FLR-ACC-105274,Prime Builders Ltd,Business,NG,NGN,Tier3_Enhanced,2024-09-05,397.7
FLR-ACC-105275,Peter Ibrahim,Individual,NG,NGN,Tier3_Enhanced,2023-02-10,54.74
FLR-ACC-105276,Mary Williams,Individual,NG,NGN,Tier2_Verified,2024-09-25,144.91
FLR-ACC-105277,Sunrise Builders LLC,Business,NG,NGN,Tier2_Verified,2025-05-20,132.17
FLR-ACC-105278,Bluewave Foods LLC,Business,NG,NGN,Tier2_Verified,2024-12-16,1972.47
FLR-ACC-105279,Musa Smith,Individual,NG,NGN,Tier2_Verified,2025-09-22,43.1
FLR-ACC-105280,Global Technologies Co.,Business,NG,NGN,Tier2_Verified,2023-10-02,661.66
FLR-ACC-105281,Urban Builders LLC,Business,GB,GBP,Tier3_Enhanced,2024-07-10,444.68
FLR-ACC-105282,Michael Brown,Individual,NG,NGN,Tier2_Verified,2024-02-04,55.26
FLR-ACC-105283,Kemi Williams,Individual,GB,GBP,Tier3_Enhanced,2025-04-20,25.81
FLR-ACC-105284,Silverline Textiles Co.,Business,GB,GBP,Tier1_Basic,2022-08-26,611.46
FLR-ACC-105285,Chuka Johnson,Individual,NG,NGN,Tier1_Basic,2025-12-27,89.02
FLR-ACC-105286,Kunle Green,Individual,NG,NGN,Tier3_Enhanced,2024-02-12,131.43
FLR-ACC-105287,Metro Media Co.,Business,NG,NGN,Tier2_Verified,2025-08-10,109.89
FLR-ACC-105288,Musa Balogun,Individual,NG,NGN,Tier2_Verified,2023-12-28,28.49
FLR-ACC-105289,Kemi Okoro,Individual,DE,EUR,Tier3_Enhanced,2024-08-18,66.6
FLR-ACC-105290,Sunrise Ventures Ltd,Business,NG,NGN,Tier3_Enhanced,2025-03-27,678.15
FLR-ACC-105291,Amaka Hassan,Individual,NG,NGN,Tier2_Verified,2026-06-28,70.02
FLR-ACC-105292,Ifeoma Chukwu,Individual,US,USD,Tier1_Basic,2025-07-26,26.34
FLR-ACC-105293,Mary Bello,Individual,GB,GBP,Tier2_Verified,2025-08-30,453.96
FLR-ACC-105294,Silverline Builders Ltd,Business,GB,GBP,Tier2_Verified,2023-12-28,1352.25
FLR-ACC-105295,Prime Logistics Ltd,Business,NG,NGN,Tier3_Enhanced,2025-05-20,713.24
FLR-ACC-105296,Mary Adekunle,Individual,US,USD,Tier2_Verified,2026-03-31,35.23
FLR-ACC-105297,Amaka Eze,Individual,US,USD,Tier3_Enhanced,2025-03-23,16.64
FLR-ACC-105298,Apex Trading Ltd,Business,US,USD,Tier3_Enhanced,2025-02-24,290.14
FLR-ACC-105299,Olu Taylor,Individual,GB,GBP,Tier1_Basic,2026-01-02,29.71
FLR-ACC-105300,Amaka Smith,Individual,US,USD,Tier2_Verified,2025-04-28,30.43
FLR-ACC-105301,John Smith,Individual,GB,GBP,Tier2_Verified,2024-03-15,82.2
FLR-ACC-105302,Greenfield Textiles LLC,Business,NG,NGN,Tier3_Enhanced,2025-08-23,351.38
FLR-ACC-105303,Silverline Textiles Co.,Business,US,USD,Tier3_Enhanced,2024-06-19,573.14
FLR-ACC-105304,Chidi Chukwu,Individual,US,USD,Tier2_Verified,2024-07-01,51.1
FLR-ACC-105305,Silverline Logistics Inc,Business,US,USD,Tier3_Enhanced,2024-06-27,451.32
FLR-ACC-105306,Metro Trading Inc,Business,US,USD,Tier2_Verified,2025-02-14,672.99
FLR-ACC-105307,Ifeoma Obi,Individual,NG,NGN,Tier3_Enhanced,2024-09-20,56.34
FLR-ACC-105308,Aisha Okoro,Individual,NG,NGN,Tier2_Verified,2026-06-18,48.45
FLR-ACC-105309,Musa Adeyemi,Individual,DE,EUR,Tier2_Verified,2025-11-23,26.43
FLR-ACC-105310,Chioma Taylor,Individual,NG,NGN,Tier2_Verified,2024-03-09,33.71
FLR-ACC-105311,Chioma Yusuf,Individual,NG,NGN,Tier1_Basic,2026-04-06,17.8
FLR-ACC-105312,Amaka Eze,Individual,NG,NGN,Tier2_Verified,2026-04-08,48.48
FLR-ACC-105313,Metro Foods Co.,Business,NG,NGN,Tier2_Verified,2024-06-07,140.94
FLR-ACC-105314,Bluewave Trading Co.,Business,NG,NGN,Tier3_Enhanced,2025-08-07,351.13
FLR-ACC-105315,Chidi Chukwu,Individual,NG,NGN,Tier2_Verified,2025-12-25,61.68
FLR-ACC-105316,Prime Media Co.,Business,NG,NGN,Tier1_Basic,2026-07-15,530.37
FLR-ACC-105317,Apex Technologies Inc,Business,NG,NGN,Tier3_Enhanced,2024-09-30,729.15
FLR-ACC-105318,Global Builders Ltd,Business,NG,NGN,Tier2_Verified,2025-12-27,389.35
FLR-ACC-105319,Urban Trading Co.,Business,US,USD,Tier2_Verified,2026-01-20,844.55
FLR-ACC-105320,Sarah Chukwu,Individual,GB,GBP,Tier1_Basic,2025-04-02,25.31
FLR-ACC-105321,North Trading LLC,Business,NG,NGN,Tier3_Enhanced,2024-10-14,121.11
FLR-ACC-105322,Apex Logistics LLC,Business,US,USD,Tier2_Verified,2022-10-28,232.74
FLR-ACC-105323,Metro Media Co.,Business,NG,NGN,Tier3_Enhanced,2024-07-26,560.57
FLR-ACC-105324,Prime Retail Inc,Business,GB,GBP,Tier2_Verified,2024-03-09,597.03
FLR-ACC-105325,Emeka Okoro,Individual,US,USD,Tier2_Verified,2024-08-24,125.01
FLR-ACC-105326,David Okoro,Individual,DE,EUR,Tier2_Verified,2025-10-27,113.27
FLR-ACC-105327,Michael Taylor,Individual,NG,NGN,Tier2_Verified,2026-02-19,22.06
FLR-ACC-105328,Prime Consulting Inc,Business,NG,NGN,Tier2_Verified,2025-09-05,532.8
FLR-ACC-105329,Silverline Textiles Inc,Business,NG,NGN,Tier2_Verified,2024-07-16,797.6
FLR-ACC-105330,Peter Brown,Individual,NG,NGN,Tier3_Enhanced,2024-09-28,39.21
FLR-ACC-105331,Funke Nwosu,Individual,US,USD,Tier2_Verified,2025-06-23,41.4
FLR-ACC-105332,Mary Green,Individual,NG,NGN,Tier2_Verified,2025-07-02,67.35
FLR-ACC-105333,Sunrise Media Ltd,Business,NG,NGN,Tier2_Verified,2024-06-08,1148.5
FLR-ACC-105334,Metro Textiles LLC,Business,US,USD,Tier2_Verified,2024-02-18,1905.02
FLR-ACC-105335,North Logistics Inc,Business,NG,NGN,Tier2_Verified,2025-01-28,1040.75
FLR-ACC-105336,Ben Eze,Individual,DE,EUR,Tier2_Verified,2026-01-31,19.58
FLR-ACC-105337,Emeka Green,Individual,NG,NGN,Tier1_Basic,2023-02-18,142.95
FLR-ACC-105338,Metro Foods Co.,Business,US,USD,Tier3_Enhanced,2024-03-01,6950.48
FLR-ACC-105339,Apex Media Ltd,Business,DE,EUR,Tier2_Verified,2026-04-30,278.15
FLR-ACC-105340,Apex Logistics Inc,Business,NG,NGN,Tier2_Verified,2025-09-26,344.88
FLR-ACC-105341,John Johnson,Individual,GB,GBP,Tier2_Verified,2024-03-10,40.82
FLR-ACC-105342,Chioma Brown,Individual,US,USD,Tier2_Verified,2026-07-01,41.78
FLR-ACC-105343,Bluewave Logistics Co.,Business,DE,EUR,Tier2_Verified,2023-07-15,717.73
FLR-ACC-105344,Mary Johnson,Individual,US,USD,Tier2_Verified,2025-06-14,41.94
FLR-ACC-105345,Bluewave Trading Ltd,Business,GB,GBP,Tier2_Verified,2025-11-10,148.15
FLR-ACC-105346,Chidi Balogun,Individual,NG,NGN,Tier2_Verified,2024-02-03,37.71
FLR-ACC-105347,Silverline Textiles LLC,Business,NG,NGN,Tier2_Verified,2025-11-12,327.4
FLR-ACC-105348,Blessing Obi,Individual,NG,NGN,Tier1_Basic,2026-03-06,51.71
FLR-ACC-105349,Blessing Adekunle,Individual,US,USD,Tier3_Enhanced,2024-05-05,219.93
FLR-ACC-105350,Peter Ibrahim,Individual,FR,EUR,Tier3_Enhanced,2024-10-16,152.61
FLR-ACC-105351,Kemi Okafor,Individual,NG,NGN,Tier1_Basic,2024-04-09,57.32
FLR-ACC-105352,Chioma Eze,Individual,NG,NGN,Tier2_Verified,2025-01-19,86.2
FLR-ACC-105353,Bluewave Technologies Co.,Business,US,USD,Tier3_Enhanced,2023-09-20,275.52
FLR-ACC-105354,Urban Logistics Inc,Business,NG,NGN,Tier2_Verified,2023-06-14,169.65
FLR-ACC-105355,Tobi Adeyemi,Individual,NG,NGN,Tier2_Verified,2024-11-12,23.27
FLR-ACC-105356,Sunrise Builders Ltd,Business,NG,NGN,Tier2_Verified,2023-07-30,293.04
FLR-ACC-105357,Ifeoma Smith,Individual,GB,GBP,Tier2_Verified,2025-08-28,7.75
FLR-ACC-105358,Urban Ventures Co.,Business,NG,NGN,Tier3_Enhanced,2024-01-19,145.06
FLR-ACC-105359,John Fashola,Individual,NG,NGN,Tier3_Enhanced,2023-08-28,210.95
FLR-ACC-105360,Greenfield Ventures Inc,Business,NG,NGN,Tier1_Basic,2025-04-05,125.34
FLR-ACC-105361,Kemi Obi,Individual,GB,GBP,Tier3_Enhanced,2025-12-19,47.24
FLR-ACC-105362,Yetunde Smith,Individual,US,USD,Tier2_Verified,2024-08-28,38.94
FLR-ACC-105363,Ifeoma Adekunle,Individual,US,USD,Tier1_Basic,2025-09-21,23.32
FLR-ACC-105364,Emeka Williams,Individual,DE,EUR,Tier2_Verified,2023-09-15,56.53
FLR-ACC-105365,Ruth Bello,Individual,GB,GBP,Tier1_Basic,2026-02-19,61.58
FLR-ACC-105366,Musa Chukwu,Individual,US,USD,Tier2_Verified,2023-09-09,71.84
FLR-ACC-105367,John Taylor,Individual,US,USD,Tier3_Enhanced,2023-09-14,48.91
FLR-ACC-105368,Michael Bello,Individual,NG,NGN,Tier2_Verified,2023-12-06,33.09
FLR-ACC-105369,North Retail Ltd,Business,FR,EUR,Tier2_Verified,2024-01-26,222.1
FLR-ACC-105370,North Foods Co.,Business,NG,NGN,Tier2_Verified,2024-09-12,261.9
FLR-ACC-105371,Silverline Builders Co.,Business,GB,GBP,Tier3_Enhanced,2024-02-06,1798.81
FLR-ACC-105372,Greenfield Consulting Co.,Business,GB,GBP,Tier2_Verified,2024-11-14,46.21
FLR-ACC-105373,John Adekunle,Individual,GB,GBP,Tier2_Verified,2026-06-16,71.19
FLR-ACC-105374,Aisha Hassan,Individual,US,USD,Tier2_Verified,2024-03-25,25.63
FLR-ACC-105375,Michael Chukwu,Individual,GB,GBP,Tier3_Enhanced,2024-09-19,185.55
FLR-ACC-105376,Daniel Green,Individual,NG,NGN,Tier2_Verified,2025-07-03,84.11
FLR-ACC-105377,John Balogun,Individual,US,USD,Tier2_Verified,2023-12-25,52.55
FLR-ACC-105378,Laura Green,Individual,FR,EUR,Tier1_Basic,2025-12-29,210.05
FLR-ACC-105379,Tunde Williams,Individual,NG,NGN,Tier2_Verified,2025-09-15,85.22
FLR-ACC-105380,Michael Smith,Individual,DE,EUR,Tier1_Basic,2026-08-18,26.69
FLR-ACC-105381,Ngozi Fashola,Individual,GB,GBP,Tier2_Verified,2025-11-13,117.1
FLR-ACC-105382,Tobi Taylor,Individual,DE,EUR,Tier3_Enhanced,2023-08-19,124.21
FLR-ACC-105383,Tunde Chukwu,Individual,DE,EUR,Tier3_Enhanced,2024-04-17,67.43
FLR-ACC-105384,Laura Eze,Individual,GB,GBP,Tier3_Enhanced,2022-11-26,73.51
FLR-ACC-105385,Greenfield Textiles Inc,Business,NG,NGN,Tier2_Verified,2022-09-19,131.95
FLR-ACC-105386,Kunle Brown,Individual,US,USD,Tier3_Enhanced,2023-05-20,11.11
FLR-ACC-105387,Peter Balogun,Individual,GB,GBP,Tier2_Verified,2025-12-22,14.48
FLR-ACC-105388,Grace Yusuf,Individual,GB,GBP,Tier2_Verified,2024-01-28,86.6
FLR-ACC-105389,Greenfield Textiles Inc,Business,NG,NGN,Tier2_Verified,2024-01-29,508.03
FLR-ACC-105390,Michael Brown,Individual,GB,GBP,Tier3_Enhanced,2024-07-09,67.41
FLR-ACC-105391,Femi Eze,Individual,US,USD,Tier3_Enhanced,2024-04-25,71.87
FLR-ACC-105392,Aisha Johnson,Individual,NG,NGN,Tier3_Enhanced,2024-12-05,126.13
FLR-ACC-105393,Kemi Taylor,Individual,DE,EUR,Tier3_Enhanced,2023-10-16,25.75
FLR-ACC-105394,Greenfield Consulting Ltd,Business,GB,GBP,Tier2_Verified,2024-02-17,335.74
FLR-ACC-105395,John Obi,Individual,US,USD,Tier2_Verified,2024-10-11,33.26
FLR-ACC-105396,Chuka Yusuf,Individual,FR,EUR,Tier2_Verified,2026-01-14,55.77
FLR-ACC-105397,Ifeoma Ibrahim,Individual,NG,NGN,Tier1_Basic,2026-07-28,26.49
FLR-ACC-105398,David Brown,Individual,US,USD,Tier3_Enhanced,2023-05-30,26.54
FLR-ACC-105399,Tunde Chukwu,Individual,NG,NGN,Tier3_Enhanced,2023-09-18,122.44
FLR-ACC-105400,Olu Smith,Individual,GB,GBP,Tier2_Verified,2026-06-05,57.91
FLR-ACC-105401,Prime Media Co.,Business,NG,NGN,Tier2_Verified,2026-02-19,570.42
FLR-ACC-105402,Metro Media Co.,Business,US,USD,Tier2_Verified,2023-11-14,341.3
FLR-ACC-105403,Metro Ventures LLC,Business,FR,EUR,Tier2_Verified,2025-10-17,1070.0
FLR-ACC-105404,Yetunde Ibrahim,Individual,NG,NGN,Tier2_Verified,2023-01-26,49.88
FLR-ACC-105405,Michael Taylor,Individual,US,USD,Tier2_Verified,2026-06-20,37.95
FLR-ACC-105406,Kunle Nwosu,Individual,FR,EUR,Tier3_Enhanced,2022-06-09,28.57
FLR-ACC-105407,Mary Eze,Individual,DE,EUR,Tier2_Verified,2025-09-10,101.47
FLR-ACC-105408,Chuka Eze,Individual,US,USD,Tier1_Basic,2026-04-06,36.41
FLR-ACC-105409,Emeka Hassan,Individual,NG,NGN,Tier2_Verified,2024-10-01,10.17
FLR-ACC-105410,North Logistics Co.,Business,NG,NGN,Tier2_Verified,2024-08-11,203.93
FLR-ACC-105411,Silverline Media Ltd,Business,NG,NGN,Tier2_Verified,2024-06-04,461.27
FLR-ACC-105412,Musa Chukwu,Individual,NG,NGN,Tier2_Verified,2026-05-18,20.92
FLR-ACC-105413,Apex Textiles Co.,Business,GB,GBP,Tier1_Basic,2024-11-02,1036.1
FLR-ACC-105414,Ruth Yusuf,Individual,NG,NGN,Tier2_Verified,2024-06-01,65.56
FLR-ACC-105415,Emeka Chukwu,Individual,NG,NGN,Tier2_Verified,2026-03-13,44.99
FLR-ACC-105416,Prime Trading Co.,Business,NG,NGN,Tier2_Verified,2026-06-29,2934.55
FLR-ACC-105417,Apex Consulting LLC,Business,DE,EUR,Tier3_Enhanced,2025-04-12,446.52
FLR-ACC-105418,Daniel Nwosu,Individual,NG,NGN,Tier2_Verified,2023-05-11,26.13
FLR-ACC-105419,Silverline Retail LLC,Business,NG,NGN,Tier2_Verified,2025-05-14,479.28
FLR-ACC-105420,Mary Bello,Individual,NG,NGN,Tier2_Verified,2026-02-27,105.56
FLR-ACC-105421,Apex Logistics Co.,Business,NG,NGN,Tier2_Verified,2023-09-18,1057.93
FLR-ACC-105422,Sarah Smith,Individual,NG,NGN,Tier2_Verified,2026-02-10,52.48
FLR-ACC-105423,Musa Williams,Individual,US,USD,Tier2_Verified,2024-06-03,23.13
FLR-ACC-105424,Femi Chukwu,Individual,DE,EUR,Tier2_Verified,2025-09-28,135.02
FLR-ACC-105425,Grace Green,Individual,GB,GBP,Tier1_Basic,2024-12-12,80.21
FLR-ACC-105426,Funke Okoro,Individual,US,USD,Tier3_Enhanced,2025-04-06,46.62
FLR-ACC-105427,Silverline Textiles LLC,Business,NG,NGN,Tier2_Verified,2026-03-03,1095.3
FLR-ACC-105428,Peter Chukwu,Individual,NG,NGN,Tier3_Enhanced,2026-01-09,214.1
FLR-ACC-105429,Global Foods Inc,Business,FR,EUR,Tier3_Enhanced,2024-04-11,402.29
FLR-ACC-105430,Urban Trading Ltd,Business,DE,EUR,Tier2_Verified,2024-08-13,1713.72
FLR-ACC-105431,Bluewave Consulting Ltd,Business,GB,GBP,Tier1_Basic,2026-02-20,1215.87
FLR-ACC-105432,Ruth Smith,Individual,US,USD,Tier1_Basic,2024-11-14,48.53
FLR-ACC-105433,Ruth Fashola,Individual,DE,EUR,Tier2_Verified,2025-10-28,54.85
FLR-ACC-105434,Ngozi Ibrahim,Individual,FR,EUR,Tier2_Verified,2025-07-13,55.39
FLR-ACC-105435,David Okafor,Individual,GB,GBP,Tier3_Enhanced,2024-09-29,28.11
FLR-ACC-105436,Bluewave Technologies Inc,Business,NG,NGN,Tier2_Verified,2024-12-16,316.46
FLR-ACC-105437,Ifeoma Brown,Individual,FR,EUR,Tier1_Basic,2025-07-04,40.9
FLR-ACC-105438,Kemi Taylor,Individual,NG,NGN,Tier2_Verified,2025-03-16,48.65
FLR-ACC-105439,Peter Chukwu,Individual,NG,NGN,Tier2_Verified,2025-10-07,22.91
FLR-ACC-105440,Metro Technologies Inc,Business,US,USD,Tier1_Basic,2025-08-07,267.52
FLR-ACC-105441,Kunle Balogun,Individual,GB,GBP,Tier1_Basic,2025-01-27,33.69
FLR-ACC-105442,Global Textiles Ltd,Business,GB,GBP,Tier2_Verified,2024-07-07,1083.87
FLR-ACC-105443,Daniel Adeyemi,Individual,US,USD,Tier2_Verified,2026-03-24,50.85
FLR-ACC-105444,Musa Williams,Individual,NG,NGN,Tier2_Verified,2026-02-28,18.45
FLR-ACC-105445,Metro Consulting Co.,Business,NG,NGN,Tier3_Enhanced,2025-01-17,599.8
FLR-ACC-105446,Kemi Johnson,Individual,NG,NGN,Tier3_Enhanced,2025-02-28,24.83
FLR-ACC-105447,Daniel Okafor,Individual,NG,NGN,Tier2_Verified,2023-03-23,36.1
FLR-ACC-105448,Emeka Nwosu,Individual,DE,EUR,Tier3_Enhanced,2025-07-12,70.75
FLR-ACC-105449,Musa Green,Individual,FR,EUR,Tier2_Verified,2024-03-18,77.3
FLR-ACC-105450,Kunle Yusuf,Individual,NG,NGN,Tier2_Verified,2024-03-16,30.99
FLR-ACC-105451,Bluewave Media LLC,Business,NG,NGN,Tier1_Basic,2025-03-26,1512.73
FLR-ACC-105452,Metro Logistics LLC,Business,GB,GBP,Tier1_Basic,2025-03-27,426.23
FLR-ACC-105453,Urban Ventures Inc,Business,US,USD,Tier2_Verified,2024-04-26,193.65
FLR-ACC-105454,Sarah Chukwu,Individual,DE,EUR,Tier2_Verified,2023-08-02,97.81
FLR-ACC-105455,Silverline Media Ltd,Business,GB,GBP,Tier2_Verified,2025-02-04,1049.09
FLR-ACC-105456,Tobi Fashola,Individual,DE,EUR,Tier2_Verified,2025-03-14,26.0
FLR-ACC-105457,Sunrise Foods Ltd,Business,NG,NGN,Tier1_Basic,2025-08-25,209.41
FLR-ACC-105458,Yetunde Eze,Individual,GB,GBP,Tier2_Verified,2025-09-11,27.75
FLR-ACC-105459,Urban Trading Co.,Business,NG,NGN,Tier2_Verified,2025-08-18,1028.69
FLR-ACC-105460,Urban Ventures Inc,Business,US,USD,Tier2_Verified,2024-08-27,488.57
FLR-ACC-105461,David Obi,Individual,GB,GBP,Tier1_Basic,2026-06-12,106.66
FLR-ACC-105462,Prime Ventures Inc,Business,NG,NGN,Tier2_Verified,2026-02-09,40.19
FLR-ACC-105463,Global Consulting Co.,Business,NG,NGN,Tier2_Verified,2025-08-06,204.07
FLR-ACC-105464,Amaka Adekunle,Individual,NG,NGN,Tier3_Enhanced,2024-10-04,43.19
FLR-ACC-105465,Femi Taylor,Individual,NG,NGN,Tier3_Enhanced,2024-06-06,24.08
FLR-ACC-105466,Chidi Nwosu,Individual,NG,NGN,Tier3_Enhanced,2025-05-01,51.1
FLR-ACC-105467,Urban Textiles Co.,Business,US,USD,Tier1_Basic,2025-09-26,140.31
FLR-ACC-105468,Musa Adekunle,Individual,NG,NGN,Tier3_Enhanced,2026-03-27,62.66
FLR-ACC-105469,Greenfield Textiles LLC,Business,DE,EUR,Tier1_Basic,2025-02-01,428.84
FLR-ACC-105470,Chuka Adekunle,Individual,NG,NGN,Tier2_Verified,2024-03-16,80.88
FLR-ACC-105471,Mary Williams,Individual,NG,NGN,Tier1_Basic,2025-07-12,118.01
FLR-ACC-105472,Sunrise Builders Ltd,Business,NG,NGN,Tier2_Verified,2025-07-14,276.72
FLR-ACC-105473,Aisha Adeyemi,Individual,US,USD,Tier3_Enhanced,2025-11-15,67.42
FLR-ACC-105474,Bluewave Consulting LLC,Business,NG,NGN,Tier2_Verified,2024-08-16,163.33
FLR-ACC-105475,Kunle Taylor,Individual,NG,NGN,Tier1_Basic,2025-08-21,131.73
FLR-ACC-105476,Femi Balogun,Individual,FR,EUR,Tier2_Verified,2025-02-01,14.38
FLR-ACC-105477,Metro Ventures Inc,Business,NG,NGN,Tier2_Verified,2023-03-24,681.24
FLR-ACC-105478,Funke Balogun,Individual,NG,NGN,Tier3_Enhanced,2023-03-02,27.13
FLR-ACC-105479,Ifeoma Eze,Individual,US,USD,Tier1_Basic,2026-03-31,81.14
FLR-ACC-105480,Silverline Ventures Ltd,Business,NG,NGN,Tier1_Basic,2026-06-12,1628.03
FLR-ACC-105481,Metro Media Inc,Business,US,USD,Tier1_Basic,2024-07-19,840.66
FLR-ACC-105482,Aisha Fashola,Individual,GB,GBP,Tier2_Verified,2024-12-28,137.37
FLR-ACC-105483,Kemi Yusuf,Individual,NG,NGN,Tier1_Basic,2026-06-15,17.69
FLR-ACC-105484,Grace Adekunle,Individual,US,USD,Tier1_Basic,2026-02-28,12.44
FLR-ACC-105485,Sarah Johnson,Individual,FR,EUR,Tier2_Verified,2026-03-21,53.71
FLR-ACC-105486,Kemi Taylor,Individual,NG,NGN,Tier2_Verified,2025-12-24,42.75
FLR-ACC-105487,Kemi Ibrahim,Individual,DE,EUR,Tier1_Basic,2023-11-23,31.29
FLR-ACC-105488,Aisha Johnson,Individual,US,USD,Tier2_Verified,2024-03-10,29.87
FLR-ACC-105489,Aisha Hassan,Individual,NG,NGN,Tier3_Enhanced,2024-02-05,77.61
FLR-ACC-105490,Bluewave Builders Co.,Business,GB,GBP,Tier2_Verified,2026-03-02,465.72
FLR-ACC-105491,Kunle Okafor,Individual,GB,GBP,Tier3_Enhanced,2024-03-17,149.93
FLR-ACC-105492,Amaka Okafor,Individual,NG,NGN,Tier2_Verified,2026-03-23,37.84
FLR-ACC-105493,Michael Okafor,Individual,DE,EUR,Tier2_Verified,2024-01-21,51.25
FLR-ACC-105494,Amaka Yusuf,Individual,US,USD,Tier2_Verified,2025-07-14,121.99
FLR-ACC-105495,Funke Nwosu,Individual,GB,GBP,Tier1_Basic,2024-11-09,114.85
FLR-ACC-105496,Emeka Fashola,Individual,NG,NGN,Tier2_Verified,2026-01-06,83.66
FLR-ACC-105497,Global Consulting Inc,Business,US,USD,Tier3_Enhanced,2024-12-11,395.31
FLR-ACC-105498,Amaka Balogun,Individual,GB,GBP,Tier2_Verified,2025-08-04,33.1
FLR-ACC-105499,Greenfield Technologies LLC,Business,NG,NGN,Tier3_Enhanced,2025-07-21,603.61
FLR-ACC-105500,Chuka Balogun,Individual,NG,NGN,Tier3_Enhanced,2023-08-30,146.67
FLR-ACC-105501,Prime Logistics LLC,Business,NG,NGN,Tier2_Verified,2023-06-08,932.6
FLR-ACC-105502,Silverline Ventures Co.,Business,NG,NGN,Tier2_Verified,2025-03-05,518.95
FLR-ACC-105503,Greenfield Textiles Inc,Business,NG,NGN,Tier1_Basic,2026-01-19,651.41
FLR-ACC-105504,Laura Balogun,Individual,US,USD,Tier3_Enhanced,2025-12-20,113.96
FLR-ACC-105505,Femi Balogun,Individual,US,USD,Tier2_Verified,2025-08-06,55.06
FLR-ACC-105506,Mary Taylor,Individual,DE,EUR,Tier3_Enhanced,2025-08-02,121.2
FLR-ACC-105507,Prime Builders Inc,Business,US,USD,Tier2_Verified,2025-01-10,516.29
FLR-ACC-105508,Michael Nwosu,Individual,NG,NGN,Tier3_Enhanced,2023-09-10,75.3
FLR-ACC-105509,North Trading Inc,Business,US,USD,Tier3_Enhanced,2023-12-20,1516.52
FLR-ACC-105510,David Taylor,Individual,NG,NGN,Tier2_Verified,2024-12-14,29.93
FLR-ACC-105511,Kemi Fashola,Individual,NG,NGN,Tier1_Basic,2023-12-02,40.83
FLR-ACC-105512,Ben Adeyemi,Individual,NG,NGN,Tier2_Verified,2026-06-17,62.23
FLR-ACC-105513,Global Logistics Co.,Business,US,USD,Tier2_Verified,2025-12-22,607.17
FLR-ACC-105514,Tunde Yusuf,Individual,NG,NGN,Tier2_Verified,2025-02-14,34.6
FLR-ACC-105515,Ngozi Okafor,Individual,NG,NGN,Tier2_Verified,2024-11-22,65.95
FLR-ACC-105516,Chidi Adekunle,Individual,NG,NGN,Tier2_Verified,2025-05-16,36.07
FLR-ACC-105517,Peter Chukwu,Individual,NG,NGN,Tier2_Verified,2023-02-25,34.75
FLR-ACC-105518,John Brown,Individual,GB,GBP,Tier3_Enhanced,2025-05-11,49.1
FLR-ACC-105519,Kemi Hassan,Individual,NG,NGN,Tier3_Enhanced,2024-04-24,169.48
FLR-ACC-105520,John Chukwu,Individual,NG,NGN,Tier2_Verified,2025-07-13,54.21
FLR-ACC-105521,Ifeoma Okafor,Individual,US,USD,Tier3_Enhanced,2023-06-13,250.55
FLR-ACC-105522,Ifeoma Okafor,Individual,NG,NGN,Tier2_Verified,2022-04-19,92.18
FLR-ACC-105523,Daniel Brown,Individual,NG,NGN,Tier1_Basic,2024-03-06,80.22
FLR-ACC-105524,Yetunde Okafor,Individual,US,USD,Tier2_Verified,2025-10-03,196.32
FLR-ACC-105525,Prime Media Co.,Business,NG,NGN,Tier2_Verified,2026-06-20,633.84
FLR-ACC-105526,Global Technologies Ltd,Business,US,USD,Tier2_Verified,2024-11-25,415.6
FLR-ACC-105527,Chuka Nwosu,Individual,NG,NGN,Tier1_Basic,2025-07-20,39.72
FLR-ACC-105528,Ben Chukwu,Individual,NG,NGN,Tier1_Basic,2026-06-27,29.29
FLR-ACC-105529,Aisha Green,Individual,US,USD,Tier3_Enhanced,2025-04-19,180.28
FLR-ACC-105530,Chioma Johnson,Individual,NG,NGN,Tier2_Verified,2025-10-26,83.61
FLR-ACC-105531,Aisha Bello,Individual,NG,NGN,Tier2_Verified,2026-03-20,35.12
FLR-ACC-105532,Greenfield Foods LLC,Business,NG,NGN,Tier3_Enhanced,2023-08-08,1092.47
FLR-ACC-105533,Urban Technologies Co.,Business,NG,NGN,Tier3_Enhanced,2025-10-24,1205.38
FLR-ACC-105534,Tobi Okafor,Individual,NG,NGN,Tier3_Enhanced,2023-07-02,175.5
FLR-ACC-105535,Funke Adekunle,Individual,NG,NGN,Tier3_Enhanced,2025-08-03,218.7
FLR-ACC-105536,Sunrise Retail Inc,Business,US,USD,Tier2_Verified,2024-02-16,923.95
FLR-ACC-105537,Metro Logistics Inc,Business,NG,NGN,Tier3_Enhanced,2022-12-17,932.54
FLR-ACC-105538,Femi Fashola,Individual,GB,GBP,Tier3_Enhanced,2025-06-24,68.25
FLR-ACC-105539,Greenfield Consulting Ltd,Business,NG,NGN,Tier2_Verified,2024-10-18,663.78
FLR-ACC-105540,Ben Nwosu,Individual,NG,NGN,Tier3_Enhanced,2024-06-23,96.62
FLR-ACC-105541,Michael Chukwu,Individual,FR,EUR,Tier3_Enhanced,2024-07-01,28.43
FLR-ACC-105542,John Williams,Individual,US,USD,Tier2_Verified,2025-03-04,55.46
FLR-ACC-105543,Aisha Yusuf,Individual,FR,EUR,Tier2_Verified,2025-02-14,234.56
FLR-ACC-105544,Olu Fashola,Individual,NG,NGN,Tier2_Verified,2024-07-15,34.92
FLR-ACC-105545,North Trading Co.,Business,FR,EUR,Tier3_Enhanced,2024-07-12,816.03
FLR-ACC-105546,Sunrise Technologies Inc,Business,NG,NGN,Tier2_Verified,2025-06-12,110.02
FLR-ACC-105547,John Bello,Individual,NG,NGN,Tier3_Enhanced,2023-02-20,68.43
FLR-ACC-105548,Funke Johnson,Individual,US,USD,Tier2_Verified,2026-01-01,31.46
FLR-ACC-105549,Kemi Hassan,Individual,NG,NGN,Tier3_Enhanced,2025-04-16,43.57
FLR-ACC-105550,Grace Ibrahim,Individual,NG,NGN,Tier2_Verified,2023-11-03,30.73
FLR-ACC-105551,Olu Chukwu,Individual,NG,NGN,Tier1_Basic,2025-05-14,24.69
FLR-ACC-105552,Metro Foods Co.,Business,US,USD,Tier2_Verified,2026-02-11,1496.6
FLR-ACC-105553,Aisha Williams,Individual,US,USD,Tier3_Enhanced,2024-10-27,44.52
FLR-ACC-105554,Chioma Green,Individual,NG,NGN,Tier1_Basic,2025-08-22,91.35
FLR-ACC-105555,Funke Green,Individual,NG,NGN,Tier2_Verified,2025-06-25,140.28
FLR-ACC-105556,Global Textiles LLC,Business,NG,NGN,Tier2_Verified,2025-04-07,1318.61
FLR-ACC-105557,Aisha Okafor,Individual,NG,NGN,Tier2_Verified,2024-08-10,138.67
FLR-ACC-105558,Daniel Bello,Individual,US,USD,Tier3_Enhanced,2026-02-15,59.6
FLR-ACC-105559,Urban Technologies Inc,Business,NG,NGN,Tier2_Verified,2025-10-26,971.41
FLR-ACC-105560,Blessing Yusuf,Individual,NG,NGN,Tier3_Enhanced,2026-04-08,24.63
FLR-ACC-105561,Chuka Eze,Individual,GB,GBP,Tier2_Verified,2026-02-20,80.06
FLR-ACC-105562,Femi Bello,Individual,NG,NGN,Tier3_Enhanced,2024-07-04,251.86
FLR-ACC-105563,Tunde Williams,Individual,FR,EUR,Tier2_Verified,2026-04-20,51.83
FLR-ACC-105564,Ngozi Adekunle,Individual,DE,EUR,Tier2_Verified,2023-07-30,92.14
FLR-ACC-105565,Ben Adekunle,Individual,US,USD,Tier3_Enhanced,2025-02-16,10.92
FLR-ACC-105566,Femi Johnson,Individual,GB,GBP,Tier1_Basic,2026-02-26,37.85
FLR-ACC-105567,Global Media Co.,Business,NG,NGN,Tier3_Enhanced,2024-05-08,66.82
FLR-ACC-105568,Ruth Taylor,Individual,DE,EUR,Tier2_Verified,2025-10-26,19.73
FLR-ACC-105569,Ruth Hassan,Individual,NG,NGN,Tier2_Verified,2025-09-07,26.79
FLR-ACC-105570,John Obi,Individual,NG,NGN,Tier3_Enhanced,2023-12-29,66.0
FLR-ACC-105571,Sarah Obi,Individual,FR,EUR,Tier3_Enhanced,2025-06-19,17.17
FLR-ACC-105572,Sarah Ibrahim,Individual,GB,GBP,Tier3_Enhanced,2026-01-09,111.76
FLR-ACC-105573,Chioma Fashola,Individual,NG,NGN,Tier2_Verified,2025-06-27,109.49
FLR-ACC-105574,Sarah Ibrahim,Individual,US,USD,Tier1_Basic,2024-12-02,117.02
FLR-ACC-105575,Aisha Johnson,Individual,US,USD,Tier1_Basic,2025-12-20,70.92
FLR-ACC-105576,Ruth Hassan,Individual,NG,NGN,Tier2_Verified,2024-10-03,16.99
FLR-ACC-105577,Greenfield Ventures Co.,Business,NG,NGN,Tier2_Verified,2025-10-02,100.42
FLR-ACC-105578,North Builders Inc,Business,US,USD,Tier1_Basic,2025-12-04,122.74
FLR-ACC-105579,John Balogun,Individual,NG,NGN,Tier3_Enhanced,2024-01-11,71.45
FLR-ACC-105580,Aisha Bello,Individual,NG,NGN,Tier2_Verified,2025-03-23,84.1
FLR-ACC-105581,Grace Obi,Individual,US,USD,Tier2_Verified,2024-01-14,10.99
FLR-ACC-105582,Aisha Bello,Individual,FR,EUR,Tier3_Enhanced,2025-04-09,88.45
FLR-ACC-105583,Metro Technologies LLC,Business,US,USD,Tier1_Basic,2024-04-04,260.56
FLR-ACC-105584,Grace Eze,Individual,NG,NGN,Tier2_Verified,2024-12-16,24.74
FLR-ACC-105585,Amaka Obi,Individual,NG,NGN,Tier3_Enhanced,2025-02-10,45.84
FLR-ACC-105586,Aisha Johnson,Individual,DE,EUR,Tier1_Basic,2026-01-08,85.87
FLR-ACC-105587,John Adeyemi,Individual,NG,NGN,Tier2_Verified,2025-05-09,172.81
FLR-ACC-105588,Apex Textiles LLC,Business,GB,GBP,Tier2_Verified,2024-04-22,1573.88
FLR-ACC-105589,Blessing Smith,Individual,NG,NGN,Tier3_Enhanced,2024-02-10,35.81
FLR-ACC-105590,Global Foods Inc,Business,NG,NGN,Tier2_Verified,2025-03-02,116.99
FLR-ACC-105591,North Trading Co.,Business,NG,NGN,Tier2_Verified,2026-04-30,602.39
FLR-ACC-105592,Sunrise Media Inc,Business,GB,GBP,Tier3_Enhanced,2026-02-03,593.78
FLR-ACC-105593,Michael Smith,Individual,NG,NGN,Tier1_Basic,2026-07-16,127.48
FLR-ACC-105594,James Hassan,Individual,NG,NGN,Tier3_Enhanced,2024-06-03,107.51
FLR-ACC-105595,Chioma Okoro,Individual,NG,NGN,Tier2_Verified,2023-06-10,45.84
FLR-ACC-105596,Emeka Taylor,Individual,GB,GBP,Tier1_Basic,2026-07-14,40.53
FLR-ACC-105597,Apex Technologies Inc,Business,US,USD,Tier1_Basic,2025-06-26,463.73
FLR-ACC-105598,Chuka Bello,Individual,NG,NGN,Tier1_Basic,2025-05-22,12.35
FLR-ACC-105599,Blessing Nwosu,Individual,NG,NGN,Tier2_Verified,2023-07-25,73.25
FLR-ACC-105600,Yetunde Eze,Individual,NG,NGN,Tier2_Verified,2025-06-05,26.33
FLR-ACC-105601,Bluewave Technologies Ltd,Business,NG,NGN,Tier2_Verified,2024-01-05,270.32
FLR-ACC-105602,Ruth Nwosu,Individual,GB,GBP,Tier2_Verified,2025-02-18,135.86
FLR-ACC-105603,Chioma Fashola,Individual,NG,NGN,Tier2_Verified,2026-06-18,69.15
FLR-ACC-105604,Kemi Johnson,Individual,FR,EUR,Tier3_Enhanced,2024-10-27,29.26
FLR-ACC-105605,Funke Balogun,Individual,US,USD,Tier3_Enhanced,2023-10-14,88.61
FLR-ACC-105606,Ifeoma Bello,Individual,DE,EUR,Tier3_Enhanced,2023-12-29,20.75
FLR-ACC-105607,Emeka Green,Individual,NG,NGN,Tier2_Verified,2024-07-15,47.47
FLR-ACC-105608,Sunrise Logistics LLC,Business,NG,NGN,Tier1_Basic,2026-05-06,100.91
FLR-ACC-105609,John Williams,Individual,US,USD,Tier2_Verified,2024-02-11,28.0
FLR-ACC-105610,Amaka Nwosu,Individual,NG,NGN,Tier2_Verified,2026-02-10,33.56
FLR-ACC-105611,Kemi Chukwu,Individual,US,USD,Tier3_Enhanced,2025-03-14,33.17
FLR-ACC-105612,Emeka Johnson,Individual,NG,NGN,Tier1_Basic,2026-03-20,62.15
FLR-ACC-105613,John Brown,Individual,US,USD,Tier3_Enhanced,2024-07-23,16.09
FLR-ACC-105614,Prime Builders LLC,Business,US,USD,Tier3_Enhanced,2025-11-22,123.34
FLR-ACC-105615,Urban Retail LLC,Business,DE,EUR,Tier3_Enhanced,2024-05-10,211.62
FLR-ACC-105616,James Eze,Individual,GB,GBP,Tier2_Verified,2025-08-11,39.71
FLR-ACC-105617,Ruth Okafor,Individual,NG,NGN,Tier3_Enhanced,2023-11-06,128.07
FLR-ACC-105618,Ifeoma Bello,Individual,US,USD,Tier1_Basic,2025-01-11,65.83
FLR-ACC-105619,Yetunde Green,Individual,NG,NGN,Tier2_Verified,2024-05-04,10.32
FLR-ACC-105620,Metro Trading Co.,Business,GB,GBP,Tier2_Verified,2023-08-03,161.95
FLR-ACC-105621,Ben Taylor,Individual,NG,NGN,Tier3_Enhanced,2025-09-22,65.91
FLR-ACC-105622,Chuka Adeyemi,Individual,NG,NGN,Tier3_Enhanced,2026-06-23,271.09
FLR-ACC-105623,Tobi Brown,Individual,NG,NGN,Tier1_Basic,2025-08-20,33.64
FLR-ACC-105624,Chuka Fashola,Individual,NG,NGN,Tier3_Enhanced,2024-02-25,136.94
FLR-ACC-105625,Kemi Balogun,Individual,NG,NGN,Tier1_Basic,2025-07-20,103.75
FLR-ACC-105626,Tobi Chukwu,Individual,US,USD,Tier1_Basic,2022-03-07,95.54
FLR-ACC-105627,Global Media Co.,Business,FR,EUR,Tier3_Enhanced,2025-03-27,37.18
FLR-ACC-105628,Tobi Bello,Individual,NG,NGN,Tier2_Verified,2025-11-20,40.89
FLR-ACC-105629,Greenfield Ventures LLC,Business,US,USD,Tier1_Basic,2023-04-18,250.23
FLR-ACC-105630,Blessing Eze,Individual,NG,NGN,Tier2_Verified,2026-03-27,91.37
FLR-ACC-105631,Kunle Yusuf,Individual,NG,NGN,Tier1_Basic,2022-08-21,16.55
FLR-ACC-105632,Michael Bello,Individual,GB,GBP,Tier1_Basic,2025-02-19,84.95
FLR-ACC-105633,Bluewave Logistics Ltd,Business,NG,NGN,Tier2_Verified,2024-11-29,518.78
FLR-ACC-105634,Kunle Smith,Individual,NG,NGN,Tier2_Verified,2025-05-13,138.32
FLR-ACC-105635,Sarah Taylor,Individual,NG,NGN,Tier3_Enhanced,2025-05-08,50.72
FLR-ACC-105636,Ruth Williams,Individual,GB,GBP,Tier3_Enhanced,2025-04-23,24.61
FLR-ACC-105637,Chioma Eze,Individual,NG,NGN,Tier3_Enhanced,2023-10-28,128.15
FLR-ACC-105638,John Okafor,Individual,US,USD,Tier3_Enhanced,2026-01-19,44.32
FLR-ACC-105639,Urban Media Co.,Business,GB,GBP,Tier1_Basic,2023-05-27,142.25
FLR-ACC-105640,Prime Trading Ltd,Business,US,USD,Tier3_Enhanced,2023-10-10,371.6
FLR-ACC-105641,Emeka Fashola,Individual,GB,GBP,Tier2_Verified,2025-06-18,29.7
FLR-ACC-105642,Prime Foods Co.,Business,NG,NGN,Tier2_Verified,2025-04-02,361.25
FLR-ACC-105643,Amaka Chukwu,Individual,DE,EUR,Tier3_Enhanced,2024-10-09,25.81
FLR-ACC-105644,North Ventures Inc,Business,NG,NGN,Tier3_Enhanced,2024-06-10,1113.7
FLR-ACC-105645,Laura Brown,Individual,GB,GBP,Tier2_Verified,2024-01-02,52.21
FLR-ACC-105646,Michael Obi,Individual,NG,NGN,Tier2_Verified,2025-04-11,36.58
FLR-ACC-105647,Chidi Taylor,Individual,NG,NGN,Tier2_Verified,2025-07-17,41.95
FLR-ACC-105648,Michael Obi,Individual,US,USD,Tier3_Enhanced,2025-08-30,23.39
FLR-ACC-105649,Bluewave Retail Ltd,Business,DE,EUR,Tier1_Basic,2024-09-17,1276.26
FLR-ACC-105650,Femi Nwosu,Individual,NG,NGN,Tier1_Basic,2024-08-02,16.38
FLR-ACC-105651,Grace Yusuf,Individual,FR,EUR,Tier3_Enhanced,2025-11-01,106.0
FLR-ACC-105652,Michael Johnson,Individual,US,USD,Tier2_Verified,2023-12-10,50.7
FLR-ACC-105653,Urban Logistics LLC,Business,US,USD,Tier2_Verified,2023-06-19,385.72
FLR-ACC-105654,John Smith,Individual,NG,NGN,Tier2_Verified,2025-06-13,265.59
FLR-ACC-105655,Aisha Okoro,Individual,FR,EUR,Tier3_Enhanced,2023-10-04,64.36
FLR-ACC-105656,Funke Green,Individual,GB,GBP,Tier3_Enhanced,2026-02-13,153.91
FLR-ACC-105657,Prime Technologies Inc,Business,NG,NGN,Tier2_Verified,2026-07-27,129.36
FLR-ACC-105658,Ben Adekunle,Individual,NG,NGN,Tier3_Enhanced,2024-04-06,21.22
FLR-ACC-105659,Ben Green,Individual,NG,NGN,Tier3_Enhanced,2025-03-01,87.05
FLR-ACC-105660,David Fashola,Individual,DE,EUR,Tier3_Enhanced,2024-12-20,183.66
FLR-ACC-105661,Laura Okafor,Individual,NG,NGN,Tier1_Basic,2026-06-24,36.82
FLR-ACC-105662,Tobi Chukwu,Individual,NG,NGN,Tier3_Enhanced,2023-08-05,102.16
FLR-ACC-105663,Greenfield Textiles Inc,Business,NG,NGN,Tier1_Basic,2025-05-27,662.31
FLR-ACC-105664,Greenfield Textiles Ltd,Business,DE,EUR,Tier3_Enhanced,2026-02-25,1218.53
FLR-ACC-105665,Femi Smith,Individual,GB,GBP,Tier3_Enhanced,2023-05-05,120.2
FLR-ACC-105666,Prime Consulting LLC,Business,US,USD,Tier3_Enhanced,2026-03-10,268.97
FLR-ACC-105667,Funke Bello,Individual,NG,NGN,Tier2_Verified,2025-10-13,32.93
FLR-ACC-105668,Emeka Williams,Individual,DE,EUR,Tier2_Verified,2025-02-23,14.25
FLR-ACC-105669,Greenfield Textiles Inc,Business,NG,NGN,Tier2_Verified,2024-11-17,233.75
FLR-ACC-105670,Silverline Technologies LLC,Business,NG,NGN,Tier2_Verified,2024-01-10,852.04
FLR-ACC-105671,Sunrise Technologies Inc,Business,US,USD,Tier2_Verified,2025-06-29,63.66
FLR-ACC-105672,Funke Hassan,Individual,US,USD,Tier3_Enhanced,2024-05-23,157.07
FLR-ACC-105673,Laura Green,Individual,GB,GBP,Tier2_Verified,2025-11-16,55.16
FLR-ACC-105674,Amaka Nwosu,Individual,GB,GBP,Tier3_Enhanced,2023-08-16,23.28
FLR-ACC-105675,Ifeoma Yusuf,Individual,DE,EUR,Tier2_Verified,2025-03-22,94.7
FLR-ACC-105676,Urban Foods Ltd,Business,FR,EUR,Tier2_Verified,2024-05-27,487.13
FLR-ACC-105677,John Balogun,Individual,NG,NGN,Tier2_Verified,2025-05-24,17.1
FLR-ACC-105678,Apex Builders Inc,Business,NG,NGN,Tier2_Verified,2026-06-30,207.78
FLR-ACC-105679,Silverline Builders LLC,Business,NG,NGN,Tier2_Verified,2025-08-13,1170.86
FLR-ACC-105680,Sarah Williams,Individual,DE,EUR,Tier2_Verified,2025-06-10,45.28
FLR-ACC-105681,Bluewave Technologies Ltd,Business,US,USD,Tier3_Enhanced,2024-08-29,1087.69
FLR-ACC-105682,John Williams,Individual,NG,NGN,Tier2_Verified,2026-02-21,40.72
FLR-ACC-105683,Metro Logistics Ltd,Business,DE,EUR,Tier3_Enhanced,2025-02-26,827.17
FLR-ACC-105684,Blessing Adeyemi,Individual,US,USD,Tier2_Verified,2024-02-25,47.54
FLR-ACC-105685,Tobi Adekunle,Individual,NG,NGN,Tier3_Enhanced,2024-12-10,21.43
FLR-ACC-105686,Greenfield Builders Ltd,Business,NG,NGN,Tier3_Enhanced,2025-11-25,453.47
FLR-ACC-105687,Chidi Adekunle,Individual,NG,NGN,Tier2_Verified,2024-03-20,77.29
FLR-ACC-105688,Urban Builders LLC,Business,DE,EUR,Tier1_Basic,2026-07-24,246.13
FLR-ACC-105689,Sunrise Ventures Inc,Business,DE,EUR,Tier2_Verified,2024-08-25,1013.66
FLR-ACC-105690,Metro Textiles LLC,Business,US,USD,Tier2_Verified,2025-01-15,416.34
FLR-ACC-105691,Emeka Eze,Individual,US,USD,Tier3_Enhanced,2024-05-20,34.25
FLR-ACC-105692,Aisha Okoro,Individual,NG,NGN,Tier2_Verified,2024-02-02,78.71
FLR-ACC-105693,Kemi Okoro,Individual,US,USD,Tier3_Enhanced,2025-02-16,56.58
FLR-ACC-105694,Grace Obi,Individual,NG,NGN,Tier1_Basic,2026-03-11,69.84
FLR-ACC-105695,Ngozi Brown,Individual,GB,GBP,Tier3_Enhanced,2024-12-23,17.84
FLR-ACC-105696,Bluewave Ventures Inc,Business,US,USD,Tier3_Enhanced,2025-01-04,463.85
FLR-ACC-105697,Sunrise Consulting LLC,Business,DE,EUR,Tier2_Verified,2025-09-29,270.64
FLR-ACC-105698,Tobi Taylor,Individual,NG,NGN,Tier2_Verified,2025-03-21,45.28
FLR-ACC-105699,Sunrise Retail LLC,Business,DE,EUR,Tier2_Verified,2026-04-08,178.85
FLR-ACC-105700,Grace Okoro,Individual,NG,NGN,Tier3_Enhanced,2025-02-01,120.83
FLR-ACC-105701,Metro Retail Inc,Business,NG,NGN,Tier3_Enhanced,2024-12-06,1020.25
FLR-ACC-105702,Greenfield Retail Inc,Business,NG,NGN,Tier2_Verified,2026-03-25,211.04
FLR-ACC-105703,Silverline Media Ltd,Business,NG,NGN,Tier2_Verified,2025-08-11,457.49
FLR-ACC-105704,North Ventures Inc,Business,GB,GBP,Tier3_Enhanced,2025-02-14,508.02
FLR-ACC-105705,Metro Trading Ltd,Business,NG,NGN,Tier1_Basic,2025-06-30,681.62
FLR-ACC-105706,Greenfield Ventures LLC,Business,GB,GBP,Tier1_Basic,2026-06-17,261.7
FLR-ACC-105707,Ifeoma Fashola,Individual,NG,NGN,Tier3_Enhanced,2025-03-05,69.94
FLR-ACC-105708,James Ibrahim,Individual,NG,NGN,Tier2_Verified,2025-10-26,350.37
FLR-ACC-105709,Kemi Okafor,Individual,NG,NGN,Tier2_Verified,2024-05-30,48.14
FLR-ACC-105710,Greenfield Foods Ltd,Business,NG,NGN,Tier3_Enhanced,2024-05-26,666.1
FLR-ACC-105711,Grace Adekunle,Individual,NG,NGN,Tier3_Enhanced,2024-06-07,29.39
FLR-ACC-105712,Apex Media Co.,Business,GB,GBP,Tier2_Verified,2025-04-22,252.21
FLR-ACC-105713,Aisha Williams,Individual,US,USD,Tier3_Enhanced,2023-08-31,45.0
FLR-ACC-105714,Sunrise Foods Co.,Business,FR,EUR,Tier3_Enhanced,2024-09-09,189.77
FLR-ACC-105715,Urban Retail Ltd,Business,GB,GBP,Tier2_Verified,2025-01-05,164.05
FLR-ACC-105716,Emeka Williams,Individual,NG,NGN,Tier2_Verified,2024-06-11,170.41
FLR-ACC-105717,Amaka Yusuf,Individual,US,USD,Tier3_Enhanced,2024-12-25,30.86
FLR-ACC-105718,Urban Foods Co.,Business,US,USD,Tier2_Verified,2024-07-01,415.95
FLR-ACC-105719,Kunle Adeyemi,Individual,GB,GBP,Tier3_Enhanced,2024-10-30,28.63
FLR-ACC-105720,Greenfield Foods Inc,Business,US,USD,Tier3_Enhanced,2026-02-12,320.83
FLR-ACC-105721,Funke Okoro,Individual,NG,NGN,Tier2_Verified,2022-12-23,10.5
FLR-ACC-105722,Michael Obi,Individual,FR,EUR,Tier2_Verified,2024-02-13,73.75
FLR-ACC-105723,Global Builders LLC,Business,NG,NGN,Tier2_Verified,2024-03-27,228.95
FLR-ACC-105724,Sunrise Ventures Co.,Business,NG,NGN,Tier3_Enhanced,2023-11-03,1003.37
FLR-ACC-105725,North Consulting Inc,Business,DE,EUR,Tier3_Enhanced,2025-09-19,732.05
FLR-ACC-105726,Aisha Adekunle,Individual,NG,NGN,Tier2_Verified,2025-01-07,38.01
FLR-ACC-105727,Apex Builders Co.,Business,GB,GBP,Tier2_Verified,2025-11-14,134.77
FLR-ACC-105728,North Textiles Ltd,Business,NG,NGN,Tier3_Enhanced,2025-08-12,615.38
FLR-ACC-105729,Peter Brown,Individual,NG,NGN,Tier3_Enhanced,2023-12-21,40.16
FLR-ACC-105730,Mary Taylor,Individual,NG,NGN,Tier3_Enhanced,2022-01-02,30.66
FLR-ACC-105731,James Okoro,Individual,US,USD,Tier2_Verified,2025-03-30,45.87
FLR-ACC-105732,Amaka Fashola,Individual,FR,EUR,Tier3_Enhanced,2024-06-20,74.84
FLR-ACC-105733,Laura Taylor,Individual,GB,GBP,Tier3_Enhanced,2024-07-02,24.68
FLR-ACC-105734,James Eze,Individual,NG,NGN,Tier2_Verified,2025-07-10,83.82
FLR-ACC-105735,Michael Hassan,Individual,US,USD,Tier2_Verified,2025-09-09,63.08
FLR-ACC-105736,Michael Obi,Individual,US,USD,Tier1_Basic,2026-05-08,64.1
FLR-ACC-105737,Bluewave Retail Inc,Business,FR,EUR,Tier3_Enhanced,2024-07-21,562.05
FLR-ACC-105738,Laura Adeyemi,Individual,NG,NGN,Tier1_Basic,2024-03-27,17.07
FLR-ACC-105739,Michael Fashola,Individual,NG,NGN,Tier2_Verified,2025-12-28,39.93
FLR-ACC-105740,Apex Retail LLC,Business,GB,GBP,Tier2_Verified,2025-04-04,578.57
FLR-ACC-105741,Metro Retail Co.,Business,US,USD,Tier3_Enhanced,2023-04-21,271.67
FLR-ACC-105742,Bluewave Ventures Co.,Business,FR,EUR,Tier1_Basic,2026-01-20,260.56
FLR-ACC-105743,Tunde Nwosu,Individual,NG,NGN,Tier1_Basic,2026-08-27,188.94
FLR-ACC-105744,Olu Okoro,Individual,GB,GBP,Tier3_Enhanced,2022-05-09,54.47
FLR-ACC-105745,David Johnson,Individual,US,USD,Tier2_Verified,2026-02-25,111.08
FLR-ACC-105746,David Adekunle,Individual,NG,NGN,Tier2_Verified,2026-05-09,72.3
FLR-ACC-105747,Yetunde Obi,Individual,DE,EUR,Tier1_Basic,2026-02-08,96.0
FLR-ACC-105748,Global Textiles Inc,Business,NG,NGN,Tier2_Verified,2024-01-30,827.45
FLR-ACC-105749,Chidi Nwosu,Individual,NG,NGN,Tier2_Verified,2025-08-03,29.46
FLR-ACC-105750,Aisha Eze,Individual,US,USD,Tier2_Verified,2026-06-04,29.75
FLR-ACC-105751,Emeka Hassan,Individual,NG,NGN,Tier3_Enhanced,2025-11-01,44.96
FLR-ACC-105752,Urban Trading LLC,Business,US,USD,Tier2_Verified,2025-02-28,417.65
FLR-ACC-105753,David Adeyemi,Individual,NG,NGN,Tier1_Basic,2024-11-19,16.28
FLR-ACC-105754,Apex Technologies Inc,Business,NG,NGN,Tier2_Verified,2025-11-01,354.56
FLR-ACC-105755,Ruth Hassan,Individual,GB,GBP,Tier3_Enhanced,2024-02-09,31.12
FLR-ACC-105756,Musa Taylor,Individual,US,USD,Tier2_Verified,2025-03-12,77.84
FLR-ACC-105757,Tobi Smith,Individual,US,USD,Tier2_Verified,2025-05-21,59.96
FLR-ACC-105758,Laura Brown,Individual,NG,NGN,Tier3_Enhanced,2022-10-17,14.66
FLR-ACC-105759,Global Foods Ltd,Business,FR,EUR,Tier2_Verified,2024-11-02,2521.76
FLR-ACC-105760,David Hassan,Individual,DE,EUR,Tier1_Basic,2023-10-10,10.85
FLR-ACC-105761,Silverline Retail Ltd,Business,NG,NGN,Tier3_Enhanced,2025-02-28,2359.11
FLR-ACC-105762,Urban Trading Co.,Business,DE,EUR,Tier2_Verified,2023-04-08,377.03
FLR-ACC-105763,Kunle Williams,Individual,US,USD,Tier2_Verified,2025-09-23,546.99
FLR-ACC-105764,Chioma Okafor,Individual,NG,NGN,Tier3_Enhanced,2024-07-14,58.72
FLR-ACC-105765,Emeka Taylor,Individual,NG,NGN,Tier2_Verified,2026-06-14,98.26
FLR-ACC-105766,Musa Ibrahim,Individual,DE,EUR,Tier2_Verified,2024-11-02,54.37
FLR-ACC-105767,Prime Ventures Co.,Business,NG,NGN,Tier2_Verified,2025-12-05,211.43
FLR-ACC-105768,Daniel Chukwu,Individual,FR,EUR,Tier1_Basic,2026-01-11,13.17
FLR-ACC-105769,North Foods Co.,Business,US,USD,Tier2_Verified,2024-10-21,196.43
FLR-ACC-105770,Kunle Ibrahim,Individual,NG,NGN,Tier3_Enhanced,2025-04-14,34.6
FLR-ACC-105771,Mary Green,Individual,US,USD,Tier2_Verified,2025-09-30,59.4
FLR-ACC-105772,Ifeoma Hassan,Individual,DE,EUR,Tier3_Enhanced,2024-02-03,94.16
FLR-ACC-105773,Apex Ventures Co.,Business,NG,NGN,Tier1_Basic,2025-01-21,666.03
FLR-ACC-105774,Femi Williams,Individual,DE,EUR,Tier2_Verified,2026-02-23,58.02
FLR-ACC-105775,Laura Taylor,Individual,GB,GBP,Tier1_Basic,2022-08-28,99.16
FLR-ACC-105776,Chidi Yusuf,Individual,NG,NGN,Tier2_Verified,2024-12-17,70.28
FLR-ACC-105777,Chioma Ibrahim,Individual,GB,GBP,Tier2_Verified,2026-03-10,178.62
FLR-ACC-105778,Global Textiles LLC,Business,NG,NGN,Tier2_Verified,2024-09-06,3177.86
FLR-ACC-105779,Mary Adekunle,Individual,GB,GBP,Tier2_Verified,2024-04-12,56.8
FLR-ACC-105780,Bluewave Builders Ltd,Business,GB,GBP,Tier2_Verified,2024-11-18,521.74
FLR-ACC-105781,Michael Johnson,Individual,NG,NGN,Tier3_Enhanced,2022-10-21,108.89
FLR-ACC-105782,Ngozi Okoro,Individual,NG,NGN,Tier2_Verified,2025-04-11,69.75
FLR-ACC-105783,Bluewave Builders LLC,Business,FR,EUR,Tier2_Verified,2024-01-03,584.75
FLR-ACC-105784,James Chukwu,Individual,NG,NGN,Tier2_Verified,2023-10-12,26.97
FLR-ACC-105785,John Okafor,Individual,NG,NGN,Tier1_Basic,2026-08-07,37.64
FLR-ACC-105786,Laura Adeyemi,Individual,DE,EUR,Tier2_Verified,2025-09-30,76.24
FLR-ACC-105787,Olu Williams,Individual,NG,NGN,Tier2_Verified,2025-07-18,67.59
FLR-ACC-105788,Urban Textiles Inc,Business,NG,NGN,Tier3_Enhanced,2026-02-08,174.52
FLR-ACC-105789,Urban Technologies Ltd,Business,US,USD,Tier2_Verified,2024-11-24,124.01
FLR-ACC-105790,Ben Smith,Individual,US,USD,Tier3_Enhanced,2024-05-07,34.94
FLR-ACC-105791,David Okoro,Individual,DE,EUR,Tier1_Basic,2025-10-17,43.43
FLR-ACC-105792,Amaka Ibrahim,Individual,NG,NGN,Tier3_Enhanced,2024-03-12,45.72
FLR-ACC-105793,Sarah Smith,Individual,GB,GBP,Tier3_Enhanced,2024-08-29,22.87
FLR-ACC-105794,Amaka Williams,Individual,GB,GBP,Tier3_Enhanced,2025-11-28,8.57
FLR-ACC-105795,Kemi Adekunle,Individual,NG,NGN,Tier3_Enhanced,2024-10-17,42.03
FLR-ACC-105796,Blessing Adekunle,Individual,NG,NGN,Tier3_Enhanced,2024-04-22,54.2
FLR-ACC-105797,David Obi,Individual,NG,NGN,Tier2_Verified,2023-01-17,256.25
FLR-ACC-105798,Ruth Ibrahim,Individual,US,USD,Tier3_Enhanced,2025-12-26,43.03
FLR-ACC-105799,Femi Green,Individual,NG,NGN,Tier2_Verified,2025-02-07,47.26
FLR-ACC-105800,Chioma Ibrahim,Individual,GB,GBP,Tier3_Enhanced,2026-01-29,119.39
FLR-ACC-105801,Ngozi Nwosu,Individual,NG,NGN,Tier3_Enhanced,2024-10-30,94.59
FLR-ACC-105802,Global Textiles Inc,Business,NG,NGN,Tier1_Basic,2026-03-20,680.17
FLR-ACC-105803,Urban Textiles Inc,Business,US,USD,Tier1_Basic,2026-06-18,86.68
FLR-ACC-105804,Sunrise Foods Co.,Business,US,USD,Tier1_Basic,2026-06-10,469.46
FLR-ACC-105805,Urban Logistics LLC,Business,NG,NGN,Tier3_Enhanced,2026-06-12,897.03
FLR-ACC-105806,Amaka Adekunle,Individual,GB,GBP,Tier1_Basic,2025-07-10,74.0
FLR-ACC-105807,Global Foods Inc,Business,NG,NGN,Tier2_Verified,2026-02-23,201.2
FLR-ACC-105808,Ifeoma Obi,Individual,FR,EUR,Tier1_Basic,2024-10-26,19.06
FLR-ACC-105809,Ngozi Eze,Individual,US,USD,Tier3_Enhanced,2026-02-25,140.08
FLR-ACC-105810,Metro Logistics Co.,Business,FR,EUR,Tier1_Basic,2025-12-26,1032.36
FLR-ACC-105811,Laura Okoro,Individual,NG,NGN,Tier2_Verified,2026-04-18,58.97
FLR-ACC-105812,Tunde Williams,Individual,DE,EUR,Tier3_Enhanced,2025-07-09,65.66
FLR-ACC-105813,Kemi Ibrahim,Individual,FR,EUR,Tier2_Verified,2025-12-05,28.68
FLR-ACC-105814,North Foods LLC,Business,US,USD,Tier2_Verified,2025-06-15,1459.89
FLR-ACC-105815,Urban Consulting Ltd,Business,NG,NGN,Tier3_Enhanced,2022-11-20,584.8
FLR-ACC-105816,Kunle Adeyemi,Individual,US,USD,Tier2_Verified,2025-03-01,228.33
FLR-ACC-105817,Aisha Adekunle,Individual,DE,EUR,Tier2_Verified,2025-09-29,61.31
FLR-ACC-105818,Aisha Brown,Individual,NG,NGN,Tier2_Verified,2025-09-29,72.77
FLR-ACC-105819,Urban Foods LLC,Business,US,USD,Tier3_Enhanced,2024-09-28,400.94
FLR-ACC-105820,Amaka Williams,Individual,GB,GBP,Tier2_Verified,2026-06-07,57.48
FLR-ACC-105821,Funke Green,Individual,NG,NGN,Tier2_Verified,2025-03-02,127.6
FLR-ACC-105822,Laura Johnson,Individual,NG,NGN,Tier2_Verified,2025-08-14,133.94
FLR-ACC-105823,Emeka Okafor,Individual,US,USD,Tier3_Enhanced,2025-04-05,53.03
FLR-ACC-105824,Musa Bello,Individual,NG,NGN,Tier2_Verified,2025-10-14,85.47
FLR-ACC-105825,Global Trading LLC,Business,NG,NGN,Tier2_Verified,2024-07-11,951.23
FLR-ACC-105826,Bluewave Consulting Co.,Business,US,USD,Tier2_Verified,2024-03-06,811.15
FLR-ACC-105827,Blessing Smith,Individual,NG,NGN,Tier2_Verified,2025-05-16,47.96
FLR-ACC-105828,John Hassan,Individual,US,USD,Tier1_Basic,2025-06-19,27.86
FLR-ACC-105829,Aisha Adeyemi,Individual,GB,GBP,Tier2_Verified,2024-04-30,37.47
FLR-ACC-105830,Chidi Brown,Individual,NG,NGN,Tier3_Enhanced,2023-06-07,44.14
FLR-ACC-105831,Michael Chukwu,Individual,GB,GBP,Tier3_Enhanced,2025-05-23,350.89
FLR-ACC-105832,Silverline Foods Inc,Business,US,USD,Tier2_Verified,2024-03-07,63.64
FLR-ACC-105833,Musa Taylor,Individual,NG,NGN,Tier2_Verified,2025-05-12,56.95
FLR-ACC-105834,North Ventures Ltd,Business,NG,NGN,Tier2_Verified,2025-05-23,1212.43
FLR-ACC-105835,North Foods Inc,Business,NG,NGN,Tier3_Enhanced,2026-02-02,86.33
FLR-ACC-105836,Ngozi Eze,Individual,NG,NGN,Tier1_Basic,2025-10-14,83.68
FLR-ACC-105837,Blessing Okoro,Individual,NG,NGN,Tier3_Enhanced,2026-02-27,27.13
FLR-ACC-105838,Emeka Green,Individual,NG,NGN,Tier2_Verified,2025-05-13,19.31
FLR-ACC-105839,Aisha Johnson,Individual,US,USD,Tier2_Verified,2026-04-16,56.19
FLR-ACC-105840,Ruth Bello,Individual,US,USD,Tier2_Verified,2023-11-28,62.45
FLR-ACC-105841,Metro Foods Inc,Business,DE,EUR,Tier2_Verified,2025-12-12,429.58
FLR-ACC-105842,Metro Ventures Inc,Business,NG,NGN,Tier3_Enhanced,2025-01-19,434.09
FLR-ACC-105843,Tobi Taylor,Individual,NG,NGN,Tier2_Verified,2026-05-12,15.97
FLR-ACC-105844,Tunde Eze,Individual,NG,NGN,Tier3_Enhanced,2025-08-02,124.46
FLR-ACC-105845,Silverline Consulting Co.,Business,NG,NGN,Tier2_Verified,2026-01-11,532.0
FLR-ACC-105846,James Chukwu,Individual,NG,NGN,Tier2_Verified,2026-03-10,41.14
FLR-ACC-105847,Femi Yusuf,Individual,NG,NGN,Tier2_Verified,2022-12-28,72.6
FLR-ACC-105848,Urban Ventures LLC,Business,FR,EUR,Tier2_Verified,2024-12-22,180.01
FLR-ACC-105849,Greenfield Consulting Co.,Business,DE,EUR,Tier2_Verified,2026-02-06,157.12
FLR-ACC-105850,Apex Builders Ltd,Business,US,USD,Tier2_Verified,2024-05-20,209.51
FLR-ACC-105851,Kunle Balogun,Individual,DE,EUR,Tier2_Verified,2025-05-23,43.93
FLR-ACC-105852,Silverline Consulting Inc,Business,DE,EUR,Tier3_Enhanced,2023-03-29,144.85
FLR-ACC-105853,Olu Green,Individual,NG,NGN,Tier2_Verified,2022-11-09,38.54
FLR-ACC-105854,Musa Chukwu,Individual,US,USD,Tier2_Verified,2026-06-08,28.32
FLR-ACC-105855,Kemi Okafor,Individual,GB,GBP,Tier2_Verified,2026-03-26,36.86
FLR-ACC-105856,Ben Smith,Individual,GB,GBP,Tier3_Enhanced,2024-09-03,154.26
FLR-ACC-105857,Tobi Williams,Individual,NG,NGN,Tier3_Enhanced,2024-10-25,40.29
FLR-ACC-105858,Femi Williams,Individual,NG,NGN,Tier2_Verified,2024-09-14,40.49
FLR-ACC-105859,Silverline Textiles Co.,Business,NG,NGN,Tier1_Basic,2025-03-08,952.22
FLR-ACC-105860,Urban Builders Ltd,Business,NG,NGN,Tier2_Verified,2026-01-09,456.51
FLR-ACC-105861,Olu Adeyemi,Individual,GB,GBP,Tier3_Enhanced,2025-09-25,144.08
FLR-ACC-105862,Yetunde Brown,Individual,US,USD,Tier2_Verified,2026-03-18,36.09
FLR-ACC-105863,Silverline Textiles Inc,Business,NG,NGN,Tier2_Verified,2026-08-06,536.12
FLR-ACC-105864,Musa Williams,Individual,US,USD,Tier2_Verified,2025-04-08,23.83
FLR-ACC-105865,David Yusuf,Individual,US,USD,Tier2_Verified,2026-03-02,58.78
FLR-ACC-105866,Sunrise Builders Co.,Business,US,USD,Tier1_Basic,2025-01-04,859.11
FLR-ACC-105867,Chuka Williams,Individual,GB,GBP,Tier2_Verified,2023-11-01,43.04
FLR-ACC-105868,Chioma Brown,Individual,NG,NGN,Tier1_Basic,2026-03-27,69.27
FLR-ACC-105869,Yetunde Williams,Individual,NG,NGN,Tier2_Verified,2025-08-23,84.41
FLR-ACC-105870,Amaka Smith,Individual,NG,NGN,Tier2_Verified,2023-02-26,13.72
FLR-ACC-105871,Michael Okafor,Individual,FR,EUR,Tier3_Enhanced,2023-10-06,36.87
FLR-ACC-105872,Bluewave Builders Co.,Business,NG,NGN,Tier2_Verified,2024-10-02,970.38
FLR-ACC-105873,Ruth Okafor,Individual,NG,NGN,Tier1_Basic,2026-04-25,54.76
FLR-ACC-105874,Bluewave Media LLC,Business,DE,EUR,Tier1_Basic,2023-02-25,371.72
FLR-ACC-105875,Grace Smith,Individual,DE,EUR,Tier3_Enhanced,2024-09-01,53.54
FLR-ACC-105876,Michael Brown,Individual,US,USD,Tier2_Verified,2024-03-13,51.38
FLR-ACC-105877,Chuka Okoro,Individual,NG,NGN,Tier3_Enhanced,2024-03-12,34.33
FLR-ACC-105878,Mary Johnson,Individual,US,USD,Tier3_Enhanced,2024-10-13,42.87
FLR-ACC-105879,Chioma Yusuf,Individual,FR,EUR,Tier2_Verified,2026-01-07,57.64
FLR-ACC-105880,Musa Smith,Individual,US,USD,Tier2_Verified,2025-02-24,145.63
FLR-ACC-105881,Funke Williams,Individual,NG,NGN,Tier3_Enhanced,2025-10-29,47.96
FLR-ACC-105882,Tobi Yusuf,Individual,NG,NGN,Tier2_Verified,2024-08-07,26.68
FLR-ACC-105883,Yetunde Nwosu,Individual,NG,NGN,Tier3_Enhanced,2022-12-10,47.08
FLR-ACC-105884,North Media Co.,Business,FR,EUR,Tier1_Basic,2025-06-07,884.07
FLR-ACC-105885,Global Retail LLC,Business,NG,NGN,Tier2_Verified,2026-01-16,645.86
FLR-ACC-105886,Ruth Johnson,Individual,DE,EUR,Tier1_Basic,2023-05-06,30.42
FLR-ACC-105887,John Adekunle,Individual,GB,GBP,Tier1_Basic,2025-02-17,66.9
FLR-ACC-105888,Ruth Nwosu,Individual,NG,NGN,Tier2_Verified,2026-01-28,50.67
FLR-ACC-105889,Tunde Ibrahim,Individual,NG,NGN,Tier1_Basic,2024-05-22,71.0
FLR-ACC-105890,Ben Adeyemi,Individual,US,USD,Tier2_Verified,2024-01-30,104.42
FLR-ACC-105891,Peter Brown,Individual,NG,NGN,Tier2_Verified,2023-11-25,64.83
FLR-ACC-105892,Bluewave Textiles Co.,Business,FR,EUR,Tier1_Basic,2024-05-10,194.62
FLR-ACC-105893,Bluewave Technologies Co.,Business,NG,NGN,Tier2_Verified,2025-01-01,117.17
FLR-ACC-105894,Chuka Adekunle,Individual,NG,NGN,Tier1_Basic,2026-02-08,34.43
FLR-ACC-105895,Aisha Adekunle,Individual,GB,GBP,Tier1_Basic,2026-03-05,91.2
FLR-ACC-105896,Kemi Nwosu,Individual,US,USD,Tier3_Enhanced,2024-08-26,63.39
FLR-ACC-105897,Chuka Yusuf,Individual,NG,NGN,Tier3_Enhanced,2025-04-28,20.11
FLR-ACC-105898,North Retail Inc,Business,NG,NGN,Tier2_Verified,2024-06-04,99.74
FLR-ACC-105899,North Retail Inc,Business,NG,NGN,Tier3_Enhanced,2024-12-24,406.03
FLR-ACC-105900,Femi Yusuf,Individual,NG,NGN,Tier2_Verified,2025-02-25,15.4
FLR-ACC-105901,David Hassan,Individual,FR,EUR,Tier3_Enhanced,2024-02-15,61.5
FLR-ACC-105902,Tobi Okafor,Individual,US,USD,Tier1_Basic,2026-06-05,49.66
FLR-ACC-105903,Sunrise Foods Inc,Business,GB,GBP,Tier2_Verified,2024-11-18,110.69
FLR-ACC-105904,Bluewave Ventures Inc,Business,FR,EUR,Tier2_Verified,2026-04-06,373.97
FLR-ACC-105905,Metro Technologies Inc,Business,DE,EUR,Tier2_Verified,2025-04-12,204.78
FLR-ACC-105906,Ifeoma Williams,Individual,US,USD,Tier1_Basic,2025-02-24,36.24
FLR-ACC-105907,Femi Johnson,Individual,NG,NGN,Tier3_Enhanced,2024-12-08,66.8
FLR-ACC-105908,Kunle Balogun,Individual,DE,EUR,Tier3_Enhanced,2026-08-08,21.31
FLR-ACC-105909,North Media Inc,Business,FR,EUR,Tier3_Enhanced,2024-03-31,1095.47
FLR-ACC-105910,Urban Textiles LLC,Business,NG,NGN,Tier2_Verified,2023-09-02,1381.44
FLR-ACC-105911,Blessing Obi,Individual,NG,NGN,Tier2_Verified,2024-04-04,36.12
FLR-ACC-105912,Kemi Ibrahim,Individual,NG,NGN,Tier2_Verified,2026-01-06,115.65
FLR-ACC-105913,Urban Trading Co.,Business,US,USD,Tier3_Enhanced,2026-02-28,38.88
FLR-ACC-105914,Mary Ibrahim,Individual,NG,NGN,Tier3_Enhanced,2024-09-16,36.67
FLR-ACC-105915,Mary Okoro,Individual,NG,NGN,Tier2_Verified,2026-01-23,13.75
FLR-ACC-105916,Tunde Williams,Individual,DE,EUR,Tier3_Enhanced,2024-09-18,34.44
FLR-ACC-105917,North Ventures Ltd,Business,FR,EUR,Tier3_Enhanced,2026-03-13,2793.13
FLR-ACC-105918,Aisha Taylor,Individual,NG,NGN,Tier2_Verified,2023-11-16,12.77
FLR-ACC-105919,Sarah Okafor,Individual,NG,NGN,Tier3_Enhanced,2026-01-26,118.2
FLR-ACC-105920,Prime Ventures Co.,Business,FR,EUR,Tier3_Enhanced,2025-03-18,634.81
FLR-ACC-105921,Emeka Green,Individual,GB,GBP,Tier1_Basic,2023-12-19,12.48
FLR-ACC-105922,Metro Ventures Co.,Business,NG,NGN,Tier3_Enhanced,2026-02-23,759.37
FLR-ACC-105923,Kemi Brown,Individual,US,USD,Tier3_Enhanced,2025-09-09,24.23
FLR-ACC-105924,Chidi Adeyemi,Individual,NG,NGN,Tier2_Verified,2024-09-29,33.08
FLR-ACC-105925,Ruth Nwosu,Individual,NG,NGN,Tier3_Enhanced,2024-08-04,121.74
FLR-ACC-105926,Aisha Johnson,Individual,NG,NGN,Tier1_Basic,2025-08-29,95.5
FLR-ACC-105927,Metro Consulting Ltd,Business,NG,NGN,Tier3_Enhanced,2023-06-15,126.33
FLR-ACC-105928,North Media LLC,Business,GB,GBP,Tier1_Basic,2026-05-22,522.32
FLR-ACC-105929,Amaka Ibrahim,Individual,FR,EUR,Tier2_Verified,2025-05-22,47.1
FLR-ACC-105930,Olu Adekunle,Individual,NG,NGN,Tier3_Enhanced,2023-08-09,50.75
FLR-ACC-105931,Yetunde Ibrahim,Individual,NG,NGN,Tier2_Verified,2025-12-13,146.87
FLR-ACC-105932,Silverline Builders LLC,Business,NG,NGN,Tier2_Verified,2025-03-10,451.92
FLR-ACC-105933,Greenfield Textiles Co.,Business,GB,GBP,Tier2_Verified,2026-06-28,1586.11
FLR-ACC-105934,Tobi Green,Individual,NG,NGN,Tier2_Verified,2023-11-04,42.2
FLR-ACC-105935,Amaka Fashola,Individual,NG,NGN,Tier2_Verified,2024-01-28,89.1
FLR-ACC-105936,Kemi Johnson,Individual,US,USD,Tier2_Verified,2025-08-30,27.43
FLR-ACC-105937,David Williams,Individual,NG,NGN,Tier2_Verified,2025-05-26,38.48
FLR-ACC-105938,Ngozi Hassan,Individual,NG,NGN,Tier1_Basic,2023-09-17,25.58
FLR-ACC-105939,Kemi Williams,Individual,DE,EUR,Tier3_Enhanced,2025-07-07,62.62
FLR-ACC-105940,Femi Adeyemi,Individual,FR,EUR,Tier3_Enhanced,2025-05-12,27.72
FLR-ACC-105941,Greenfield Builders Co.,Business,NG,NGN,Tier3_Enhanced,2023-10-13,200.36
FLR-ACC-105942,Greenfield Textiles LLC,Business,DE,EUR,Tier1_Basic,2026-04-26,327.96
FLR-ACC-105943,Metro Retail Inc,Business,NG,NGN,Tier2_Verified,2026-01-07,193.56
FLR-ACC-105944,Bluewave Textiles Ltd,Business,GB,GBP,Tier3_Enhanced,2024-12-17,903.85
FLR-ACC-105945,Michael Brown,Individual,US,USD,Tier3_Enhanced,2023-01-05,12.16
FLR-ACC-105946,James Okafor,Individual,NG,NGN,Tier1_Basic,2023-05-21,27.54
FLR-ACC-105947,Kunle Hassan,Individual,GB,GBP,Tier2_Verified,2026-05-16,70.96
FLR-ACC-105948,Grace Balogun,Individual,US,USD,Tier2_Verified,2025-07-19,182.95
FLR-ACC-105949,Chidi Chukwu,Individual,DE,EUR,Tier2_Verified,2025-10-22,87.77
FLR-ACC-105950,Chuka Okoro,Individual,US,USD,Tier1_Basic,2025-08-20,51.45
FLR-ACC-105951,Kemi Okafor,Individual,NG,NGN,Tier3_Enhanced,2025-08-30,66.73
FLR-ACC-105952,Musa Bello,Individual,NG,NGN,Tier3_Enhanced,2025-04-13,62.94
FLR-ACC-105953,Greenfield Ventures Ltd,Business,US,USD,Tier2_Verified,2026-03-09,354.4
FLR-ACC-105954,Bluewave Technologies Co.,Business,DE,EUR,Tier2_Verified,2025-06-10,369.7
FLR-ACC-105955,John Smith,Individual,US,USD,Tier3_Enhanced,2026-05-01,22.11
FLR-ACC-105956,Kemi Adeyemi,Individual,NG,NGN,Tier3_Enhanced,2024-12-17,100.7
FLR-ACC-105957,Grace Chukwu,Individual,NG,NGN,Tier2_Verified,2024-12-12,41.24
FLR-ACC-105958,North Consulting Inc,Business,GB,GBP,Tier1_Basic,2026-05-29,1097.62
FLR-ACC-105959,David Nwosu,Individual,NG,NGN,Tier2_Verified,2026-08-01,95.17
FLR-ACC-105960,Urban Technologies LLC,Business,US,USD,Tier2_Verified,2023-10-30,258.36
FLR-ACC-105961,Urban Consulting LLC,Business,US,USD,Tier2_Verified,2025-04-05,94.76
FLR-ACC-105962,Sunrise Technologies LLC,Business,GB,GBP,Tier1_Basic,2023-11-17,344.85
FLR-ACC-105963,Blessing Smith,Individual,NG,NGN,Tier2_Verified,2025-08-15,113.4
FLR-ACC-105964,Kunle Fashola,Individual,FR,EUR,Tier3_Enhanced,2025-07-28,429.89
FLR-ACC-105965,Chioma Smith,Individual,NG,NGN,Tier2_Verified,2023-10-01,41.76
FLR-ACC-105966,Silverline Textiles Ltd,Business,US,USD,Tier1_Basic,2026-03-29,557.21
FLR-ACC-105967,Funke Adeyemi,Individual,NG,NGN,Tier2_Verified,2025-09-04,39.6
FLR-ACC-105968,Amaka Okafor,Individual,NG,NGN,Tier2_Verified,2025-10-31,102.69
FLR-ACC-105969,Emeka Okafor,Individual,NG,NGN,Tier3_Enhanced,2023-07-02,3.77
FLR-ACC-105970,Aisha Bello,Individual,NG,NGN,Tier2_Verified,2025-08-21,119.37
FLR-ACC-105971,Musa Balogun,Individual,NG,NGN,Tier3_Enhanced,2025-02-14,93.87
FLR-ACC-105972,Prime Technologies Inc,Business,NG,NGN,Tier3_Enhanced,2025-10-25,317.86
FLR-ACC-105973,Kemi Fashola,Individual,US,USD,Tier3_Enhanced,2025-07-20,21.17
FLR-ACC-105974,Greenfield Logistics LLC,Business,FR,EUR,Tier1_Basic,2024-12-06,382.56
FLR-ACC-105975,Ngozi Balogun,Individual,GB,GBP,Tier2_Verified,2024-12-03,76.88
FLR-ACC-105976,Blessing Johnson,Individual,FR,EUR,Tier2_Verified,2024-04-17,14.82
FLR-ACC-105977,Metro Consulting Inc,Business,US,USD,Tier2_Verified,2025-10-03,1035.59
FLR-ACC-105978,Kemi Brown,Individual,NG,NGN,Tier2_Verified,2025-10-14,63.61
FLR-ACC-105979,Kemi Brown,Individual,US,USD,Tier1_Basic,2025-06-22,25.17
FLR-ACC-105980,Yetunde Chukwu,Individual,US,USD,Tier3_Enhanced,2025-04-29,192.3
FLR-ACC-105981,Global Builders Inc,Business,GB,GBP,Tier1_Basic,2024-03-01,599.81
FLR-ACC-105982,North Textiles Ltd,Business,DE,EUR,Tier2_Verified,2025-03-24,824.4
FLR-ACC-105983,Yetunde Taylor,Individual,NG,NGN,Tier2_Verified,2026-01-05,41.7
FLR-ACC-105984,Grace Adeyemi,Individual,NG,NGN,Tier2_Verified,2026-02-11,64.74
FLR-ACC-105985,Sarah Brown,Individual,NG,NGN,Tier3_Enhanced,2023-09-15,26.92
FLR-ACC-105986,Funke Nwosu,Individual,NG,NGN,Tier2_Verified,2025-08-14,12.1
FLR-ACC-105987,Greenfield Media LLC,Business,US,USD,Tier3_Enhanced,2023-11-27,1145.64
FLR-ACC-105988,Mary Okoro,Individual,GB,GBP,Tier2_Verified,2026-02-08,81.48
FLR-ACC-105989,Bluewave Foods Co.,Business,DE,EUR,Tier2_Verified,2026-03-26,198.57
FLR-ACC-105990,Tunde Obi,Individual,NG,NGN,Tier2_Verified,2025-02-15,38.18
FLR-ACC-105991,Ngozi Okoro,Individual,US,USD,Tier2_Verified,2025-03-21,52.36
FLR-ACC-105992,Kemi Chukwu,Individual,NG,NGN,Tier3_Enhanced,2024-01-18,158.1
FLR-ACC-105993,Laura Yusuf,Individual,NG,NGN,Tier2_Verified,2025-11-16,73.17
FLR-ACC-105994,Emeka Hassan,Individual,NG,NGN,Tier3_Enhanced,2022-07-22,100.25
FLR-ACC-105995,Chidi Brown,Individual,NG,NGN,Tier2_Verified,2025-05-08,14.25
FLR-ACC-105996,Ruth Fashola,Individual,US,USD,Tier2_Verified,2024-11-14,22.18
FLR-ACC-105997,Greenfield Builders Ltd,Business,GB,GBP,Tier3_Enhanced,2024-09-30,656.81
FLR-ACC-105998,Bluewave Retail Co.,Business,NG,NGN,Tier3_Enhanced,2024-05-28,1088.85
FLR-ACC-105999,Femi Okafor,Individual,NG,NGN,Tier3_Enhanced,2024-03-25,83.73
FLR-ACC-106000,Chioma Hassan,Individual,GB,GBP,Tier2_Verified,2025-04-27,77.19
FLR-ACC-106001,Kunle Adekunle,Individual,DE,EUR,Tier2_Verified,2025-06-15,152.13
FLR-ACC-106002,Michael Taylor,Individual,NG,NGN,Tier2_Verified,2023-05-08,59.39
FLR-ACC-106003,Chuka Williams,Individual,GB,GBP,Tier3_Enhanced,2023-12-08,5.88
FLR-ACC-106004,Tunde Yusuf,Individual,NG,NGN,Tier1_Basic,2026-05-04,40.66
FLR-ACC-106005,David Obi,Individual,NG,NGN,Tier2_Verified,2025-09-01,31.82
FLR-ACC-106006,Apex Consulting Co.,Business,DE,EUR,Tier2_Verified,2023-12-21,211.75
FLR-ACC-106007,Chidi Hassan,Individual,NG,NGN,Tier2_Verified,2025-02-19,175.1
FLR-ACC-106008,Urban Textiles Co.,Business,US,USD,Tier1_Basic,2023-10-22,384.61
FLR-ACC-106009,John Okoro,Individual,NG,NGN,Tier1_Basic,2025-06-05,15.48
FLR-ACC-106010,Blessing Chukwu,Individual,FR,EUR,Tier3_Enhanced,2022-12-28,22.97
FLR-ACC-106011,North Media Co.,Business,US,USD,Tier3_Enhanced,2023-12-14,490.6
FLR-ACC-106012,Apex Builders Co.,Business,NG,NGN,Tier2_Verified,2023-03-18,224.32
FLR-ACC-106013,Blessing Obi,Individual,NG,NGN,Tier1_Basic,2025-09-23,78.59
FLR-ACC-106014,North Builders Co.,Business,NG,NGN,Tier2_Verified,2025-09-06,721.5
FLR-ACC-106015,Musa Okoro,Individual,US,USD,Tier3_Enhanced,2026-05-24,46.09
FLR-ACC-106016,Metro Ventures Inc,Business,DE,EUR,Tier1_Basic,2025-11-24,378.78
FLR-ACC-106017,Prime Builders LLC,Business,NG,NGN,Tier3_Enhanced,2024-03-25,117.02
FLR-ACC-106018,John Hassan,Individual,DE,EUR,Tier1_Basic,2026-05-23,15.92
FLR-ACC-106019,Bluewave Textiles Co.,Business,FR,EUR,Tier2_Verified,2024-06-05,396.49
FLR-ACC-106020,Funke Ibrahim,Individual,NG,NGN,Tier3_Enhanced,2024-04-16,64.83
FLR-ACC-106021,Laura Hassan,Individual,NG,NGN,Tier3_Enhanced,2024-07-18,53.82
FLR-ACC-106022,Ben Fashola,Individual,NG,NGN,Tier2_Verified,2025-09-03,18.88
FLR-ACC-106023,Chuka Okafor,Individual,DE,EUR,Tier2_Verified,2025-03-30,24.91
FLR-ACC-106024,Ben Nwosu,Individual,FR,EUR,Tier2_Verified,2026-01-31,40.67
FLR-ACC-106025,Silverline Builders Ltd,Business,FR,EUR,Tier2_Verified,2025-12-14,328.69
FLR-ACC-106026,Olu Balogun,Individual,DE,EUR,Tier2_Verified,2025-11-30,86.27
FLR-ACC-106027,Ben Balogun,Individual,US,USD,Tier2_Verified,2026-04-11,24.48
FLR-ACC-106028,John Balogun,Individual,DE,EUR,Tier3_Enhanced,2024-09-01,42.97
FLR-ACC-106029,Sarah Eze,Individual,US,USD,Tier2_Verified,2026-01-26,14.81
FLR-ACC-106030,David Fashola,Individual,GB,GBP,Tier2_Verified,2024-04-29,26.5
FLR-ACC-106031,Chidi Obi,Individual,US,USD,Tier2_Verified,2024-07-20,49.79
FLR-ACC-106032,Olu Eze,Individual,FR,EUR,Tier2_Verified,2025-08-29,66.6
FLR-ACC-106033,Funke Smith,Individual,NG,NGN,Tier1_Basic,2026-07-21,58.11
FLR-ACC-106034,Metro Builders LLC,Business,NG,NGN,Tier2_Verified,2024-11-16,1991.67
FLR-ACC-106035,Silverline Textiles LLC,Business,NG,NGN,Tier2_Verified,2024-08-03,139.61
FLR-ACC-106036,Greenfield Textiles Ltd,Business,US,USD,Tier2_Verified,2024-03-19,1090.84
FLR-ACC-106037,James Bello,Individual,DE,EUR,Tier3_Enhanced,2025-01-07,88.99
FLR-ACC-106038,Musa Bello,Individual,GB,GBP,Tier3_Enhanced,2025-01-17,11.79
FLR-ACC-106039,Yetunde Hassan,Individual,NG,NGN,Tier2_Verified,2025-06-25,40.71
FLR-ACC-106040,Metro Technologies Co.,Business,NG,NGN,Tier1_Basic,2025-06-26,150.49
FLR-ACC-106041,Sunrise Retail LLC,Business,US,USD,Tier2_Verified,2025-02-05,152.44
FLR-ACC-106042,Urban Foods Ltd,Business,US,USD,Tier3_Enhanced,2024-12-13,897.07
FLR-ACC-106043,Greenfield Media Inc,Business,NG,NGN,Tier3_Enhanced,2025-02-21,710.46
FLR-ACC-106044,Chioma Okafor,Individual,US,USD,Tier1_Basic,2024-09-13,74.96
FLR-ACC-106045,Metro Logistics Co.,Business,NG,NGN,Tier2_Verified,2023-08-20,342.48
FLR-ACC-106046,Kemi Ibrahim,Individual,NG,NGN,Tier3_Enhanced,2026-02-08,146.05
FLR-ACC-106047,David Nwosu,Individual,DE,EUR,Tier3_Enhanced,2024-07-19,65.0
FLR-ACC-106048,Metro Technologies Inc,Business,NG,NGN,Tier2_Verified,2025-10-15,172.31
FLR-ACC-106049,Emeka Ibrahim,Individual,GB,GBP,Tier1_Basic,2024-09-27,19.24
FLR-ACC-106050,Metro Builders Co.,Business,GB,GBP,Tier3_Enhanced,2024-05-29,356.48
FLR-ACC-106051,Global Trading Ltd,Business,NG,NGN,Tier3_Enhanced,2024-11-05,2739.42
FLR-ACC-106052,Laura Brown,Individual,NG,NGN,Tier3_Enhanced,2024-09-11,53.24
FLR-ACC-106053,Global Trading Ltd,Business,NG,NGN,Tier1_Basic,2026-03-31,258.21
FLR-ACC-106054,Mary Nwosu,Individual,NG,NGN,Tier2_Verified,2024-06-10,33.19
FLR-ACC-106055,James Adeyemi,Individual,US,USD,Tier3_Enhanced,2024-03-10,39.63
FLR-ACC-106056,Global Textiles Co.,Business,NG,NGN,Tier1_Basic,2023-05-22,462.11
FLR-ACC-106057,Greenfield Foods Ltd,Business,NG,NGN,Tier2_Verified,2025-11-02,655.35
FLR-ACC-106058,Apex Trading Inc,Business,NG,NGN,Tier2_Verified,2024-05-23,777.34
FLR-ACC-106059,Sunrise Consulting Inc,Business,GB,GBP,Tier3_Enhanced,2023-06-16,377.62
FLR-ACC-106060,Bluewave Retail LLC,Business,NG,NGN,Tier1_Basic,2024-07-02,2375.97
FLR-ACC-106061,Metro Ventures LLC,Business,NG,NGN,Tier2_Verified,2025-07-27,307.15
FLR-ACC-106062,Ben Obi,Individual,FR,EUR,Tier1_Basic,2025-05-12,17.55
FLR-ACC-106063,Ruth Fashola,Individual,GB,GBP,Tier3_Enhanced,2024-09-02,94.56
FLR-ACC-106064,Olu Williams,Individual,FR,EUR,Tier3_Enhanced,2025-12-18,72.53
FLR-ACC-106065,Greenfield Textiles Ltd,Business,NG,NGN,Tier3_Enhanced,2025-02-15,816.62
FLR-ACC-106066,Global Trading Inc,Business,FR,EUR,Tier3_Enhanced,2024-09-18,408.08
FLR-ACC-106067,Global Retail Ltd,Business,NG,NGN,Tier2_Verified,2025-05-27,756.44
FLR-ACC-106068,Ruth Bello,Individual,US,USD,Tier2_Verified,2025-01-20,31.94
FLR-ACC-106069,Chioma Okoro,Individual,NG,NGN,Tier2_Verified,2026-03-18,45.14
FLR-ACC-106070,North Retail Inc,Business,NG,NGN,Tier1_Basic,2025-04-14,290.87
FLR-ACC-106071,Kemi Williams,Individual,US,USD,Tier2_Verified,2022-09-07,219.99
FLR-ACC-106072,Laura Brown,Individual,NG,NGN,Tier2_Verified,2025-07-02,76.42
FLR-ACC-106073,Sarah Smith,Individual,US,USD,Tier2_Verified,2023-01-08,53.4
FLR-ACC-106074,Aisha Okafor,Individual,GB,GBP,Tier3_Enhanced,2024-06-22,111.38
FLR-ACC-106075,Ben Yusuf,Individual,DE,EUR,Tier1_Basic,2025-06-03,54.93
FLR-ACC-106076,Daniel Ibrahim,Individual,US,USD,Tier2_Verified,2025-05-05,18.53
FLR-ACC-106077,John Nwosu,Individual,NG,NGN,Tier3_Enhanced,2023-12-04,54.07
FLR-ACC-106078,Chidi Williams,Individual,GB,GBP,Tier2_Verified,2025-10-31,13.6
FLR-ACC-106079,Aisha Balogun,Individual,NG,NGN,Tier3_Enhanced,2025-03-26,17.56
FLR-ACC-106080,Ifeoma Green,Individual,GB,GBP,Tier2_Verified,2026-08-27,34.94
FLR-ACC-106081,Prime Builders LLC,Business,US,USD,Tier3_Enhanced,2025-11-01,3332.44
FLR-ACC-106082,James Adeyemi,Individual,US,USD,Tier3_Enhanced,2024-04-10,108.05
FLR-ACC-106083,Silverline Retail Inc,Business,NG,NGN,Tier3_Enhanced,2025-02-24,1148.73
FLR-ACC-106084,Emeka Balogun,Individual,NG,NGN,Tier2_Verified,2026-05-01,18.27
FLR-ACC-106085,Greenfield Logistics LLC,Business,US,USD,Tier2_Verified,2025-07-24,607.29
FLR-ACC-106086,Aisha Ibrahim,Individual,GB,GBP,Tier2_Verified,2025-07-17,36.63
FLR-ACC-106087,Ben Nwosu,Individual,FR,EUR,Tier2_Verified,2024-11-04,19.36
FLR-ACC-106088,Apex Builders Co.,Business,NG,NGN,Tier2_Verified,2026-07-04,180.58
FLR-ACC-106089,Urban Retail Ltd,Business,GB,GBP,Tier3_Enhanced,2023-08-11,649.71
FLR-ACC-106090,Grace Johnson,Individual,US,USD,Tier2_Verified,2024-07-02,20.34
FLR-ACC-106091,Funke Nwosu,Individual,NG,NGN,Tier3_Enhanced,2025-12-02,166.42
FLR-ACC-106092,Greenfield Retail Inc,Business,NG,NGN,Tier2_Verified,2025-09-26,586.04
FLR-ACC-106093,Grace Williams,Individual,US,USD,Tier2_Verified,2026-02-18,72.76
FLR-ACC-106094,Amaka Smith,Individual,FR,EUR,Tier2_Verified,2025-10-31,35.53
FLR-ACC-106095,Funke Brown,Individual,NG,NGN,Tier3_Enhanced,2024-11-07,93.39
FLR-ACC-106096,Daniel Williams,Individual,GB,GBP,Tier3_Enhanced,2023-03-27,64.01
FLR-ACC-106097,Ifeoma Hassan,Individual,NG,NGN,Tier2_Verified,2025-09-29,124.24
FLR-ACC-106098,Bluewave Textiles Co.,Business,NG,NGN,Tier1_Basic,2023-06-20,748.5
FLR-ACC-106099,Blessing Adeyemi,Individual,FR,EUR,Tier2_Verified,2023-11-19,120.56
FLR-ACC-106100,Global Retail Inc,Business,FR,EUR,Tier3_Enhanced,2023-06-23,337.59
FLR-ACC-106101,Silverline Technologies Ltd,Business,NG,NGN,Tier3_Enhanced,2025-11-27,1822.99
FLR-ACC-106102,Kemi Johnson,Individual,NG,NGN,Tier2_Verified,2026-05-09,65.75
FLR-ACC-106103,Bluewave Logistics Co.,Business,US,USD,Tier3_Enhanced,2024-06-01,546.12
FLR-ACC-106104,Mary Okafor,Individual,NG,NGN,Tier2_Verified,2026-01-25,154.46
FLR-ACC-106105,James Obi,Individual,NG,NGN,Tier3_Enhanced,2025-03-11,24.01
FLR-ACC-106106,Ifeoma Fashola,Individual,GB,GBP,Tier3_Enhanced,2024-03-11,29.01
FLR-ACC-106107,Laura Bello,Individual,NG,NGN,Tier2_Verified,2025-08-05,45.1
FLR-ACC-106108,Sunrise Logistics Co.,Business,NG,NGN,Tier3_Enhanced,2024-11-09,678.23
FLR-ACC-106109,Blessing Eze,Individual,US,USD,Tier2_Verified,2025-08-12,27.05
FLR-ACC-106110,Greenfield Ventures Ltd,Business,NG,NGN,Tier1_Basic,2025-06-04,975.03
FLR-ACC-106111,Blessing Brown,Individual,FR,EUR,Tier3_Enhanced,2023-10-14,38.65
FLR-ACC-106112,Apex Logistics Ltd,Business,FR,EUR,Tier2_Verified,2023-05-19,694.69
FLR-ACC-106113,Emeka Okoro,Individual,US,USD,Tier3_Enhanced,2025-11-16,101.07
FLR-ACC-106114,Mary Smith,Individual,NG,NGN,Tier3_Enhanced,2026-02-16,34.53
FLR-ACC-106115,Urban Textiles LLC,Business,NG,NGN,Tier3_Enhanced,2025-01-22,386.74
FLR-ACC-106116,Greenfield Builders Ltd,Business,NG,NGN,Tier1_Basic,2025-11-30,62.43
FLR-ACC-106117,Ruth Hassan,Individual,DE,EUR,Tier2_Verified,2023-03-24,36.02
FLR-ACC-106118,Daniel Adeyemi,Individual,FR,EUR,Tier3_Enhanced,2023-01-17,61.44
FLR-ACC-106119,Chuka Eze,Individual,NG,NGN,Tier3_Enhanced,2025-01-01,36.99
FLR-ACC-106120,Apex Consulting Ltd,Business,NG,NGN,Tier2_Verified,2024-05-01,213.95
FLR-ACC-106121,Blessing Ibrahim,Individual,NG,NGN,Tier3_Enhanced,2025-03-21,20.93
FLR-ACC-106122,Prime Logistics Ltd,Business,DE,EUR,Tier3_Enhanced,2025-01-12,680.67
FLR-ACC-106123,Bluewave Logistics Ltd,Business,NG,NGN,Tier3_Enhanced,2024-04-04,688.01
FLR-ACC-106124,North Foods Co.,Business,US,USD,Tier2_Verified,2024-01-30,247.24
FLR-ACC-106125,Tunde Ibrahim,Individual,GB,GBP,Tier3_Enhanced,2025-12-15,53.33
FLR-ACC-106126,Peter Obi,Individual,GB,GBP,Tier2_Verified,2023-02-22,16.42
FLR-ACC-106127,Urban Logistics Inc,Business,NG,NGN,Tier3_Enhanced,2024-01-02,330.21
FLR-ACC-106128,Chuka Bello,Individual,NG,NGN,Tier3_Enhanced,2024-03-27,110.49
FLR-ACC-106129,Blessing Smith,Individual,NG,NGN,Tier3_Enhanced,2023-05-03,53.22
FLR-ACC-106130,Ruth Hassan,Individual,NG,NGN,Tier1_Basic,2025-11-14,17.18
FLR-ACC-106131,Grace Green,Individual,GB,GBP,Tier2_Verified,2025-10-23,48.23
FLR-ACC-106132,Silverline Media LLC,Business,GB,GBP,Tier2_Verified,2024-08-25,1235.33
FLR-ACC-106133,North Builders Inc,Business,NG,NGN,Tier2_Verified,2023-03-14,269.76
FLR-ACC-106134,Amaka Chukwu,Individual,NG,NGN,Tier2_Verified,2025-09-18,8.65
FLR-ACC-106135,Metro Builders LLC,Business,DE,EUR,Tier3_Enhanced,2025-01-24,550.24
FLR-ACC-106136,Mary Adeyemi,Individual,NG,NGN,Tier1_Basic,2025-08-20,21.62
FLR-ACC-106137,Ifeoma Fashola,Individual,NG,NGN,Tier3_Enhanced,2024-06-02,85.97
FLR-ACC-106138,Emeka Green,Individual,US,USD,Tier1_Basic,2025-09-03,34.22
FLR-ACC-106139,Chuka Smith,Individual,GB,GBP,Tier3_Enhanced,2026-02-20,18.62
FLR-ACC-106140,Olu Adekunle,Individual,NG,NGN,Tier3_Enhanced,2025-03-14,98.98
FLR-ACC-106141,Bluewave Media Inc,Business,NG,NGN,Tier1_Basic,2026-03-20,1535.64
FLR-ACC-106142,Daniel Okoro,Individual,GB,GBP,Tier2_Verified,2024-03-26,90.93
FLR-ACC-106143,Tunde Nwosu,Individual,NG,NGN,Tier2_Verified,2024-05-24,76.87
FLR-ACC-106144,Kunle Johnson,Individual,NG,NGN,Tier2_Verified,2024-07-08,31.81
FLR-ACC-106145,Silverline Ventures LLC,Business,NG,NGN,Tier3_Enhanced,2024-08-01,889.85
FLR-ACC-106146,Amaka Williams,Individual,NG,NGN,Tier1_Basic,2025-10-22,83.24
FLR-ACC-106147,Kunle Williams,Individual,NG,NGN,Tier3_Enhanced,2025-04-11,104.78
FLR-ACC-106148,Amaka Okoro,Individual,US,USD,Tier1_Basic,2025-05-25,74.8
FLR-ACC-106149,Funke Ibrahim,Individual,DE,EUR,Tier3_Enhanced,2023-12-21,67.99
FLR-ACC-106150,Kemi Obi,Individual,NG,NGN,Tier2_Verified,2026-04-06,41.61
FLR-ACC-106151,Global Trading Ltd,Business,DE,EUR,Tier3_Enhanced,2024-05-12,323.55
FLR-ACC-106152,Urban Trading Inc,Business,US,USD,Tier2_Verified,2023-09-15,321.2
FLR-ACC-106153,David Green,Individual,NG,NGN,Tier2_Verified,2024-01-05,32.97
FLR-ACC-106154,Laura Adekunle,Individual,NG,NGN,Tier3_Enhanced,2024-06-20,25.89
FLR-ACC-106155,James Eze,Individual,US,USD,Tier3_Enhanced,2023-03-26,108.46
FLR-ACC-106156,Ifeoma Obi,Individual,US,USD,Tier2_Verified,2026-05-25,121.76
FLR-ACC-106157,Ifeoma Okafor,Individual,NG,NGN,Tier3_Enhanced,2024-05-23,49.21
FLR-ACC-106158,Ruth Chukwu,Individual,GB,GBP,Tier3_Enhanced,2025-12-06,71.73
FLR-ACC-106159,Prime Retail Co.,Business,NG,NGN,Tier2_Verified,2026-01-27,523.61
FLR-ACC-106160,Olu Okafor,Individual,DE,EUR,Tier1_Basic,2026-07-27,36.99
FLR-ACC-106161,Metro Technologies Ltd,Business,NG,NGN,Tier3_Enhanced,2024-05-11,1021.63
FLR-ACC-106162,Global Media LLC,Business,US,USD,Tier3_Enhanced,2024-09-30,378.16
FLR-ACC-106163,Ngozi Fashola,Individual,NG,NGN,Tier3_Enhanced,2023-11-30,229.78
FLR-ACC-106164,Peter Adeyemi,Individual,US,USD,Tier3_Enhanced,2026-02-02,335.62
FLR-ACC-106165,Chidi Ibrahim,Individual,GB,GBP,Tier1_Basic,2026-02-14,23.01
FLR-ACC-106166,Aisha Okoro,Individual,NG,NGN,Tier2_Verified,2026-06-17,25.7
FLR-ACC-106167,Prime Logistics Co.,Business,NG,NGN,Tier2_Verified,2023-07-26,127.19
FLR-ACC-106168,Greenfield Ventures LLC,Business,NG,NGN,Tier1_Basic,2026-02-13,683.57
FLR-ACC-106169,Funke Hassan,Individual,NG,NGN,Tier2_Verified,2023-09-26,46.82
FLR-ACC-106170,Grace Adeyemi,Individual,US,USD,Tier2_Verified,2025-03-25,77.57
FLR-ACC-106171,Silverline Textiles Ltd,Business,NG,NGN,Tier3_Enhanced,2024-11-19,55.71
FLR-ACC-106172,Ben Bello,Individual,US,USD,Tier1_Basic,2025-03-11,38.39
FLR-ACC-106173,Olu Brown,Individual,NG,NGN,Tier1_Basic,2026-04-11,102.49
FLR-ACC-106174,Urban Consulting Co.,Business,GB,GBP,Tier3_Enhanced,2025-06-30,297.18
FLR-ACC-106175,Mary Adekunle,Individual,US,USD,Tier2_Verified,2025-08-25,74.07
FLR-ACC-106176,Amaka Johnson,Individual,NG,NGN,Tier1_Basic,2024-06-23,61.52
FLR-ACC-106177,Mary Okafor,Individual,NG,NGN,Tier3_Enhanced,2024-02-06,58.4
FLR-ACC-106178,Bluewave Ventures Inc,Business,NG,NGN,Tier2_Verified,2025-08-07,1435.58
FLR-ACC-106179,Funke Nwosu,Individual,NG,NGN,Tier2_Verified,2026-04-10,220.66
FLR-ACC-106180,Apex Builders Co.,Business,DE,EUR,Tier2_Verified,2026-04-13,790.88
FLR-ACC-106181,Bluewave Trading Ltd,Business,GB,GBP,Tier2_Verified,2025-10-15,241.36
FLR-ACC-106182,Urban Builders Inc,Business,NG,NGN,Tier3_Enhanced,2024-05-18,4360.58
FLR-ACC-106183,Prime Retail LLC,Business,FR,EUR,Tier1_Basic,2022-04-15,1040.44
FLR-ACC-106184,Olu Brown,Individual,DE,EUR,Tier3_Enhanced,2024-11-10,61.21
FLR-ACC-106185,Prime Ventures Co.,Business,US,USD,Tier3_Enhanced,2024-12-26,180.43
FLR-ACC-106186,Mary Okafor,Individual,NG,NGN,Tier2_Verified,2024-10-16,98.21
FLR-ACC-106187,Prime Trading LLC,Business,NG,NGN,Tier3_Enhanced,2025-11-26,290.74
FLR-ACC-106188,Sunrise Logistics LLC,Business,NG,NGN,Tier3_Enhanced,2026-04-03,169.06
FLR-ACC-106189,Ifeoma Smith,Individual,NG,NGN,Tier3_Enhanced,2023-10-01,63.39
FLR-ACC-106190,North Technologies Ltd,Business,NG,NGN,Tier2_Verified,2025-09-03,289.99
FLR-ACC-106191,Ifeoma Fashola,Individual,GB,GBP,Tier2_Verified,2024-01-03,59.58
FLR-ACC-106192,Chioma Green,Individual,NG,NGN,Tier3_Enhanced,2024-06-16,40.6
FLR-ACC-106193,Emeka Ibrahim,Individual,NG,NGN,Tier3_Enhanced,2024-10-22,55.95
FLR-ACC-106194,Daniel Okoro,Individual,NG,NGN,Tier3_Enhanced,2024-12-26,69.62
FLR-ACC-106195,James Smith,Individual,FR,EUR,Tier1_Basic,2022-12-30,13.93
FLR-ACC-106196,Prime Retail Ltd,Business,NG,NGN,Tier2_Verified,2024-12-09,437.66
FLR-ACC-106197,Funke Brown,Individual,NG,NGN,Tier2_Verified,2025-10-20,15.65
FLR-ACC-106198,Laura Brown,Individual,NG,NGN,Tier2_Verified,2025-07-22,107.62
FLR-ACC-106199,Apex Foods Ltd,Business,NG,NGN,Tier2_Verified,2026-04-13,505.95
FLR-ACC-106200,Ruth Chukwu,Individual,US,USD,Tier2_Verified,2023-11-22,36.73
FLR-ACC-106201,Femi Taylor,Individual,US,USD,Tier3_Enhanced,2024-04-10,75.2
FLR-ACC-106202,Greenfield Media Co.,Business,DE,EUR,Tier2_Verified,2025-07-31,475.2
FLR-ACC-106203,John Taylor,Individual,NG,NGN,Tier3_Enhanced,2023-03-27,20.12
FLR-ACC-106204,Grace Fashola,Individual,US,USD,Tier3_Enhanced,2025-03-04,35.16
FLR-ACC-106205,Metro Foods Inc,Business,NG,NGN,Tier3_Enhanced,2022-12-04,299.49
FLR-ACC-106206,Sarah Eze,Individual,NG,NGN,Tier2_Verified,2025-01-17,88.56
FLR-ACC-106207,Emeka Hassan,Individual,US,USD,Tier2_Verified,2024-09-04,75.17
FLR-ACC-106208,Laura Johnson,Individual,DE,EUR,Tier3_Enhanced,2023-11-10,70.74
FLR-ACC-106209,David Adeyemi,Individual,DE,EUR,Tier2_Verified,2024-02-04,33.03
FLR-ACC-106210,Global Media LLC,Business,NG,NGN,Tier3_Enhanced,2023-02-20,174.98
FLR-ACC-106211,Peter Chukwu,Individual,NG,NGN,Tier3_Enhanced,2023-01-12,73.19
FLR-ACC-106212,Greenfield Media LLC,Business,NG,NGN,Tier2_Verified,2026-05-02,1166.21
FLR-ACC-106213,Blessing Chukwu,Individual,GB,GBP,Tier2_Verified,2023-10-04,18.52
FLR-ACC-106214,Chioma Taylor,Individual,NG,NGN,Tier3_Enhanced,2025-01-14,26.17
FLR-ACC-106215,Kemi Williams,Individual,NG,NGN,Tier3_Enhanced,2026-01-27,92.44
FLR-ACC-106216,Chidi Johnson,Individual,DE,EUR,Tier3_Enhanced,2023-08-30,107.44
FLR-ACC-106217,Olu Chukwu,Individual,NG,NGN,Tier2_Verified,2023-09-10,92.05
FLR-ACC-106218,Greenfield Trading LLC,Business,NG,NGN,Tier2_Verified,2024-09-29,326.7
FLR-ACC-106219,Tunde Williams,Individual,FR,EUR,Tier2_Verified,2022-12-23,31.31
FLR-ACC-106220,Ifeoma Brown,Individual,US,USD,Tier3_Enhanced,2025-03-25,136.85
FLR-ACC-106221,Sunrise Consulting Co.,Business,NG,NGN,Tier2_Verified,2024-07-19,311.39
FLR-ACC-106222,Michael Yusuf,Individual,NG,NGN,Tier1_Basic,2026-02-11,17.71
FLR-ACC-106223,Sunrise Textiles Ltd,Business,DE,EUR,Tier3_Enhanced,2022-04-09,666.1
FLR-ACC-106224,Ruth Williams,Individual,NG,NGN,Tier2_Verified,2026-07-05,70.3
FLR-ACC-106225,Silverline Ventures Inc,Business,US,USD,Tier2_Verified,2024-08-17,672.09
FLR-ACC-106226,Yetunde Okafor,Individual,GB,GBP,Tier3_Enhanced,2023-08-18,42.32
FLR-ACC-106227,Blessing Smith,Individual,NG,NGN,Tier3_Enhanced,2025-02-15,66.98
FLR-ACC-106228,Prime Builders Inc,Business,US,USD,Tier2_Verified,2025-05-20,1294.63
FLR-ACC-106229,Metro Textiles Inc,Business,GB,GBP,Tier2_Verified,2024-04-30,112.44
FLR-ACC-106230,Chidi Nwosu,Individual,US,USD,Tier2_Verified,2025-09-06,51.06
FLR-ACC-106231,Kemi Smith,Individual,NG,NGN,Tier2_Verified,2024-07-25,230.18
FLR-ACC-106232,Chidi Nwosu,Individual,NG,NGN,Tier3_Enhanced,2025-03-29,41.64
FLR-ACC-106233,Laura Williams,Individual,NG,NGN,Tier2_Verified,2025-08-05,31.64
FLR-ACC-106234,Ruth Taylor,Individual,NG,NGN,Tier3_Enhanced,2024-01-30,24.19
FLR-ACC-106235,Daniel Adekunle,Individual,NG,NGN,Tier3_Enhanced,2026-01-10,85.38
FLR-ACC-106236,Metro Trading Ltd,Business,NG,NGN,Tier3_Enhanced,2025-08-19,1550.29
FLR-ACC-106237,Daniel Adeyemi,Individual,NG,NGN,Tier2_Verified,2026-04-23,46.53
FLR-ACC-106238,Peter Okafor,Individual,US,USD,Tier3_Enhanced,2024-04-14,57.97
FLR-ACC-106239,Funke Taylor,Individual,NG,NGN,Tier3_Enhanced,2023-12-19,81.42
FLR-ACC-106240,Peter Adeyemi,Individual,NG,NGN,Tier3_Enhanced,2025-06-06,53.93
FLR-ACC-106241,Apex Textiles Inc,Business,NG,NGN,Tier2_Verified,2023-05-06,586.78
FLR-ACC-106242,Mary Balogun,Individual,NG,NGN,Tier2_Verified,2025-12-16,113.26
FLR-ACC-106243,Peter Adekunle,Individual,NG,NGN,Tier3_Enhanced,2025-03-22,44.04
FLR-ACC-106244,Ruth Green,Individual,FR,EUR,Tier3_Enhanced,2025-03-27,69.22
FLR-ACC-106245,Chuka Fashola,Individual,US,USD,Tier2_Verified,2024-06-14,26.42
FLR-ACC-106246,Global Consulting LLC,Business,GB,GBP,Tier2_Verified,2025-01-28,250.45
FLR-ACC-106247,Blessing Okafor,Individual,NG,NGN,Tier3_Enhanced,2024-11-22,68.04
FLR-ACC-106248,Mary Williams,Individual,NG,NGN,Tier2_Verified,2024-05-03,192.28
FLR-ACC-106249,Bluewave Technologies Co.,Business,US,USD,Tier3_Enhanced,2026-07-13,706.85
FLR-ACC-106250,Tobi Taylor,Individual,NG,NGN,Tier2_Verified,2025-09-25,46.65
FLR-ACC-106251,Grace Hassan,Individual,DE,EUR,Tier1_Basic,2025-03-19,109.15
FLR-ACC-106252,Metro Builders Inc,Business,NG,NGN,Tier2_Verified,2025-11-15,338.23
FLR-ACC-106253,Metro Media Co.,Business,NG,NGN,Tier3_Enhanced,2023-06-14,143.92
FLR-ACC-106254,Tunde Green,Individual,NG,NGN,Tier2_Verified,2026-02-06,47.17
FLR-ACC-106255,Chuka Chukwu,Individual,NG,NGN,Tier2_Verified,2024-02-14,62.94
FLR-ACC-106256,Kunle Eze,Individual,NG,NGN,Tier3_Enhanced,2025-10-11,151.28
FLR-ACC-106257,Metro Ventures Ltd,Business,GB,GBP,Tier3_Enhanced,2025-04-03,162.67
FLR-ACC-106258,Kunle Smith,Individual,DE,EUR,Tier3_Enhanced,2025-01-07,91.22
FLR-ACC-106259,Grace Okoro,Individual,NG,NGN,Tier3_Enhanced,2024-07-18,90.77
FLR-ACC-106260,John Bello,Individual,US,USD,Tier2_Verified,2025-09-18,45.62
FLR-ACC-106261,Chioma Chukwu,Individual,US,USD,Tier3_Enhanced,2025-01-05,24.58
FLR-ACC-106262,Urban Logistics Ltd,Business,GB,GBP,Tier2_Verified,2023-07-27,783.41
FLR-ACC-106263,Chidi Chukwu,Individual,NG,NGN,Tier3_Enhanced,2023-01-11,119.74
FLR-ACC-106264,Emeka Adeyemi,Individual,FR,EUR,Tier1_Basic,2025-10-29,45.24
FLR-ACC-106265,Tobi Bello,Individual,NG,NGN,Tier1_Basic,2024-09-28,114.71
FLR-ACC-106266,Ngozi Fashola,Individual,DE,EUR,Tier1_Basic,2026-04-24,145.28
FLR-ACC-106267,Mary Brown,Individual,NG,NGN,Tier2_Verified,2026-04-15,185.05
FLR-ACC-106268,Chuka Obi,Individual,NG,NGN,Tier3_Enhanced,2024-06-01,42.02
FLR-ACC-106269,Silverline Foods LLC,Business,NG,NGN,Tier3_Enhanced,2024-10-16,187.63
FLR-ACC-106270,Ngozi Chukwu,Individual,NG,NGN,Tier3_Enhanced,2025-12-28,92.19
FLR-ACC-106271,Bluewave Logistics Ltd,Business,NG,NGN,Tier3_Enhanced,2023-03-17,312.85
FLR-ACC-106272,Emeka Yusuf,Individual,NG,NGN,Tier2_Verified,2025-11-17,8.48
FLR-ACC-106273,Aisha Taylor,Individual,DE,EUR,Tier2_Verified,2025-08-17,40.57
FLR-ACC-106274,Kemi Johnson,Individual,NG,NGN,Tier2_Verified,2025-06-21,26.8
FLR-ACC-106275,Global Logistics LLC,Business,NG,NGN,Tier1_Basic,2025-06-27,768.9
FLR-ACC-106276,Chuka Taylor,Individual,GB,GBP,Tier2_Verified,2025-04-29,95.75
FLR-ACC-106277,Mary Okoro,Individual,NG,NGN,Tier1_Basic,2025-09-24,45.53
FLR-ACC-106278,Sunrise Technologies Inc,Business,NG,NGN,Tier3_Enhanced,2022-09-04,253.43
FLR-ACC-106279,Funke Adekunle,Individual,NG,NGN,Tier3_Enhanced,2023-10-17,118.99
FLR-ACC-106280,Funke Balogun,Individual,NG,NGN,Tier2_Verified,2025-11-05,40.89
FLR-ACC-106281,Ngozi Okafor,Individual,GB,GBP,Tier2_Verified,2025-07-17,66.54
FLR-ACC-106282,Global Builders Ltd,Business,FR,EUR,Tier3_Enhanced,2024-12-15,778.62
FLR-ACC-106283,Olu Balogun,Individual,DE,EUR,Tier3_Enhanced,2024-02-11,60.47
FLR-ACC-106284,Metro Retail LLC,Business,NG,NGN,Tier3_Enhanced,2023-06-25,258.65
FLR-ACC-106285,Tunde Nwosu,Individual,GB,GBP,Tier3_Enhanced,2024-05-25,217.58
FLR-ACC-106286,Sarah Adekunle,Individual,US,USD,Tier3_Enhanced,2026-01-23,23.35
FLR-ACC-106287,Sunrise Trading Co.,Business,GB,GBP,Tier2_Verified,2026-03-06,200.17
FLR-ACC-106288,Olu Williams,Individual,FR,EUR,Tier2_Verified,2024-12-30,55.06
FLR-ACC-106289,David Chukwu,Individual,DE,EUR,Tier2_Verified,2026-03-23,78.25
FLR-ACC-106290,Amaka Okoro,Individual,NG,NGN,Tier3_Enhanced,2025-07-20,23.56
FLR-ACC-106291,Emeka Fashola,Individual,GB,GBP,Tier3_Enhanced,2023-07-13,44.35
FLR-ACC-106292,Metro Media Co.,Business,NG,NGN,Tier3_Enhanced,2025-01-03,257.99
FLR-ACC-106293,Tobi Okafor,Individual,US,USD,Tier2_Verified,2026-01-25,35.7
FLR-ACC-106294,Chidi Okafor,Individual,US,USD,Tier2_Verified,2024-11-01,129.57
FLR-ACC-106295,Yetunde Hassan,Individual,GB,GBP,Tier2_Verified,2024-10-06,24.15
FLR-ACC-106296,Greenfield Foods Co.,Business,GB,GBP,Tier2_Verified,2026-05-07,1443.98
FLR-ACC-106297,Sarah Nwosu,Individual,US,USD,Tier2_Verified,2025-04-01,64.53
FLR-ACC-106298,Femi Eze,Individual,NG,NGN,Tier3_Enhanced,2025-12-12,67.99
FLR-ACC-106299,Prime Foods Inc,Business,NG,NGN,Tier1_Basic,2026-07-28,266.73
FLR-ACC-106300,Musa Ibrahim,Individual,NG,NGN,Tier3_Enhanced,2026-03-23,10.9
FLR-ACC-106301,Chidi Nwosu,Individual,NG,NGN,Tier2_Verified,2024-08-21,30.77
FLR-ACC-106302,Aisha Okafor,Individual,NG,NGN,Tier3_Enhanced,2024-04-14,41.16
FLR-ACC-106303,Metro Technologies Ltd,Business,NG,NGN,Tier2_Verified,2026-01-29,190.52
FLR-ACC-106304,Sunrise Foods LLC,Business,NG,NGN,Tier2_Verified,2025-01-20,248.13
FLR-ACC-106305,Greenfield Media LLC,Business,NG,NGN,Tier3_Enhanced,2024-09-16,428.61
FLR-ACC-106306,Tunde Okafor,Individual,FR,EUR,Tier2_Verified,2025-08-02,376.51
FLR-ACC-106307,North Textiles LLC,Business,FR,EUR,Tier2_Verified,2026-02-02,232.86
FLR-ACC-106308,Sarah Brown,Individual,DE,EUR,Tier3_Enhanced,2026-04-13,48.76
FLR-ACC-106309,Apex Foods Co.,Business,NG,NGN,Tier1_Basic,2025-09-12,515.36
FLR-ACC-106310,Chioma Brown,Individual,NG,NGN,Tier2_Verified,2024-12-18,43.34
FLR-ACC-106311,Urban Media Ltd,Business,NG,NGN,Tier1_Basic,2026-06-27,61.37
FLR-ACC-106312,Kemi Okoro,Individual,NG,NGN,Tier2_Verified,2025-12-21,80.78
FLR-ACC-106313,Michael Ibrahim,Individual,NG,NGN,Tier2_Verified,2025-08-22,73.76
FLR-ACC-106314,Urban Trading Inc,Business,GB,GBP,Tier2_Verified,2025-07-06,896.78
FLR-ACC-106315,Sarah Bello,Individual,NG,NGN,Tier2_Verified,2026-03-14,43.97
FLR-ACC-106316,Peter Taylor,Individual,NG,NGN,Tier3_Enhanced,2023-10-10,47.38
FLR-ACC-106317,Metro Retail LLC,Business,NG,NGN,Tier2_Verified,2023-06-15,707.38
FLR-ACC-106318,Chuka Okafor,Individual,NG,NGN,Tier3_Enhanced,2025-01-29,11.83
FLR-ACC-106319,Ruth Yusuf,Individual,GB,GBP,Tier1_Basic,2025-11-29,44.64
FLR-ACC-106320,Greenfield Consulting Co.,Business,NG,NGN,Tier1_Basic,2026-05-09,40.95
FLR-ACC-106321,John Hassan,Individual,US,USD,Tier1_Basic,2025-05-24,27.34
FLR-ACC-106322,Chioma Williams,Individual,GB,GBP,Tier3_Enhanced,2024-08-16,63.2
FLR-ACC-106323,Global Technologies Inc,Business,US,USD,Tier2_Verified,2025-10-04,589.66
FLR-ACC-106324,Michael Ibrahim,Individual,NG,NGN,Tier1_Basic,2025-10-30,26.08
FLR-ACC-106325,Global Logistics Inc,Business,NG,NGN,Tier2_Verified,2026-05-08,619.76
FLR-ACC-106326,Sarah Okoro,Individual,NG,NGN,Tier2_Verified,2025-02-10,18.41
FLR-ACC-106327,North Technologies LLC,Business,DE,EUR,Tier1_Basic,2025-03-14,491.11
FLR-ACC-106328,Tobi Hassan,Individual,NG,NGN,Tier2_Verified,2025-04-01,40.94
FLR-ACC-106329,Mary Nwosu,Individual,FR,EUR,Tier2_Verified,2024-04-19,40.43
FLR-ACC-106330,Peter Chukwu,Individual,FR,EUR,Tier2_Verified,2023-11-27,53.18
FLR-ACC-106331,Kunle Brown,Individual,NG,NGN,Tier2_Verified,2023-04-28,109.98
FLR-ACC-106332,Blessing Johnson,Individual,US,USD,Tier3_Enhanced,2024-06-24,215.88
FLR-ACC-106333,Tunde Johnson,Individual,US,USD,Tier3_Enhanced,2025-01-01,34.51
FLR-ACC-106334,Tobi Yusuf,Individual,NG,NGN,Tier2_Verified,2025-03-09,17.95
FLR-ACC-106335,Urban Consulting Inc,Business,NG,NGN,Tier1_Basic,2024-09-05,476.79
FLR-ACC-106336,Greenfield Textiles Ltd,Business,US,USD,Tier1_Basic,2026-06-01,418.32
FLR-ACC-106337,Kemi Okoro,Individual,US,USD,Tier2_Verified,2025-02-06,57.4
FLR-ACC-106338,Laura Eze,Individual,NG,NGN,Tier3_Enhanced,2024-06-07,87.52
FLR-ACC-106339,Daniel Ibrahim,Individual,NG,NGN,Tier2_Verified,2026-06-23,44.84
FLR-ACC-106340,Sunrise Logistics Ltd,Business,NG,NGN,Tier2_Verified,2025-07-19,1033.56
FLR-ACC-106341,Ben Bello,Individual,NG,NGN,Tier2_Verified,2023-12-20,36.21
FLR-ACC-106342,Peter Adekunle,Individual,NG,NGN,Tier2_Verified,2025-09-01,91.91
FLR-ACC-106343,Prime Foods LLC,Business,GB,GBP,Tier2_Verified,2025-08-03,934.37
FLR-ACC-106344,Grace Adekunle,Individual,NG,NGN,Tier3_Enhanced,2024-12-28,36.61
FLR-ACC-106345,North Ventures Co.,Business,NG,NGN,Tier2_Verified,2023-02-11,280.57
FLR-ACC-106346,North Trading Inc,Business,NG,NGN,Tier2_Verified,2023-06-16,774.86
FLR-ACC-106347,Funke Balogun,Individual,DE,EUR,Tier1_Basic,2026-04-27,61.78
FLR-ACC-106348,Amaka Obi,Individual,US,USD,Tier2_Verified,2025-09-06,81.6
FLR-ACC-106349,Chidi Adekunle,Individual,NG,NGN,Tier1_Basic,2025-08-14,89.16
FLR-ACC-106350,Global Logistics LLC,Business,GB,GBP,Tier1_Basic,2025-12-15,1088.97
FLR-ACC-106351,Kunle Williams,Individual,FR,EUR,Tier3_Enhanced,2024-02-10,58.87
FLR-ACC-106352,Musa Okoro,Individual,DE,EUR,Tier3_Enhanced,2024-06-17,84.44
FLR-ACC-106353,Bluewave Retail Inc,Business,NG,NGN,Tier1_Basic,2025-11-30,594.7
FLR-ACC-106354,Kunle Okafor,Individual,GB,GBP,Tier2_Verified,2025-11-30,89.62
FLR-ACC-106355,Metro Consulting Ltd,Business,FR,EUR,Tier1_Basic,2025-12-19,426.32
FLR-ACC-106356,Tunde Okafor,Individual,NG,NGN,Tier2_Verified,2024-10-05,76.97
FLR-ACC-106357,Tunde Williams,Individual,NG,NGN,Tier3_Enhanced,2025-01-15,39.21
FLR-ACC-106358,Metro Consulting Inc,Business,FR,EUR,Tier1_Basic,2026-06-17,307.85
FLR-ACC-106359,Musa Balogun,Individual,NG,NGN,Tier2_Verified,2026-03-09,135.03
FLR-ACC-106360,Kemi Eze,Individual,GB,GBP,Tier2_Verified,2025-05-27,159.2
FLR-ACC-106361,John Nwosu,Individual,DE,EUR,Tier3_Enhanced,2023-07-16,27.62
FLR-ACC-106362,Metro Consulting Inc,Business,NG,NGN,Tier3_Enhanced,2023-10-22,1593.45
FLR-ACC-106363,Ben Obi,Individual,NG,NGN,Tier1_Basic,2026-04-08,76.25
FLR-ACC-106364,Femi Williams,Individual,NG,NGN,Tier3_Enhanced,2025-02-08,134.14
FLR-ACC-106365,John Ibrahim,Individual,GB,GBP,Tier2_Verified,2024-11-11,74.6
FLR-ACC-106366,Tunde Ibrahim,Individual,NG,NGN,Tier2_Verified,2025-03-24,97.37
FLR-ACC-106367,Apex Consulting Inc,Business,GB,GBP,Tier1_Basic,2026-07-05,231.02
FLR-ACC-106368,Kunle Balogun,Individual,NG,NGN,Tier2_Verified,2024-10-01,82.31
FLR-ACC-106369,Peter Fashola,Individual,US,USD,Tier3_Enhanced,2025-09-27,14.5
FLR-ACC-106370,Urban Ventures LLC,Business,NG,NGN,Tier1_Basic,2026-03-23,46.66
FLR-ACC-106371,Amaka Chukwu,Individual,NG,NGN,Tier2_Verified,2023-12-14,53.04
FLR-ACC-106372,Global Retail Ltd,Business,NG,NGN,Tier3_Enhanced,2025-04-16,751.01
FLR-ACC-106373,Aisha Adeyemi,Individual,NG,NGN,Tier3_Enhanced,2024-05-31,42.67
FLR-ACC-106374,Chioma Johnson,Individual,NG,NGN,Tier2_Verified,2024-03-28,119.61
FLR-ACC-106375,Chioma Bello,Individual,NG,NGN,Tier2_Verified,2025-09-23,98.32
FLR-ACC-106376,Prime Technologies Inc,Business,US,USD,Tier2_Verified,2026-05-15,621.88
FLR-ACC-106377,Sunrise Retail LLC,Business,NG,NGN,Tier3_Enhanced,2025-04-09,544.41
FLR-ACC-106378,Chioma Green,Individual,NG,NGN,Tier2_Verified,2024-12-12,45.45
FLR-ACC-106379,Sunrise Textiles Inc,Business,US,USD,Tier3_Enhanced,2024-06-08,328.16
FLR-ACC-106380,Daniel Smith,Individual,US,USD,Tier3_Enhanced,2023-07-25,68.08
FLR-ACC-106381,Ruth Yusuf,Individual,NG,NGN,Tier2_Verified,2024-06-28,19.89
FLR-ACC-106382,Apex Media Inc,Business,DE,EUR,Tier3_Enhanced,2024-09-25,330.56
FLR-ACC-106383,Chioma Hassan,Individual,GB,GBP,Tier2_Verified,2025-01-06,27.09
FLR-ACC-106384,Aisha Johnson,Individual,NG,NGN,Tier1_Basic,2024-09-04,55.09
FLR-ACC-106385,Blessing Eze,Individual,GB,GBP,Tier2_Verified,2025-07-28,91.62
FLR-ACC-106386,Aisha Ibrahim,Individual,GB,GBP,Tier2_Verified,2025-05-28,167.78
FLR-ACC-106387,Aisha Balogun,Individual,NG,NGN,Tier3_Enhanced,2025-12-01,44.2
FLR-ACC-106388,Blessing Williams,Individual,NG,NGN,Tier3_Enhanced,2024-02-03,23.17
FLR-ACC-106389,Blessing Chukwu,Individual,NG,NGN,Tier2_Verified,2025-06-28,175.51
FLR-ACC-106390,Urban Logistics Co.,Business,GB,GBP,Tier1_Basic,2022-11-25,359.11
FLR-ACC-106391,Silverline Consulting LLC,Business,US,USD,Tier1_Basic,2024-12-31,1287.08
FLR-ACC-106392,North Retail LLC,Business,NG,NGN,Tier3_Enhanced,2024-02-08,2329.74
FLR-ACC-106393,Laura Yusuf,Individual,NG,NGN,Tier3_Enhanced,2025-04-05,17.15
FLR-ACC-106394,James Chukwu,Individual,NG,NGN,Tier1_Basic,2026-04-25,50.97
FLR-ACC-106395,Chuka Nwosu,Individual,NG,NGN,Tier3_Enhanced,2025-01-13,41.81
FLR-ACC-106396,Ben Adekunle,Individual,NG,NGN,Tier3_Enhanced,2025-06-07,37.3
FLR-ACC-106397,Tobi Obi,Individual,DE,EUR,Tier2_Verified,2025-10-31,32.42
FLR-ACC-106398,Kemi Brown,Individual,GB,GBP,Tier2_Verified,2025-02-21,60.11
FLR-ACC-106399,Tunde Brown,Individual,NG,NGN,Tier2_Verified,2026-08-07,36.69
FLR-ACC-106400,Apex Logistics Ltd,Business,NG,NGN,Tier2_Verified,2025-12-22,750.01
FLR-ACC-106401,Grace Balogun,Individual,GB,GBP,Tier1_Basic,2023-04-19,57.84
FLR-ACC-106402,Sunrise Media LLC,Business,NG,NGN,Tier3_Enhanced,2024-06-23,463.57
FLR-ACC-106403,Apex Consulting Inc,Business,US,USD,Tier3_Enhanced,2025-02-02,553.05
FLR-ACC-106404,Amaka Yusuf,Individual,NG,NGN,Tier2_Verified,2023-11-04,44.41
FLR-ACC-106405,Bluewave Trading Co.,Business,US,USD,Tier2_Verified,2025-04-14,431.96
FLR-ACC-106406,Global Consulting Co.,Business,US,USD,Tier2_Verified,2024-12-15,366.04
FLR-ACC-106407,Grace Smith,Individual,FR,EUR,Tier3_Enhanced,2026-06-14,39.5
FLR-ACC-106408,Urban Foods LLC,Business,US,USD,Tier2_Verified,2023-12-20,831.7
FLR-ACC-106409,James Adekunle,Individual,GB,GBP,Tier2_Verified,2024-05-01,116.01
FLR-ACC-106410,John Adeyemi,Individual,NG,NGN,Tier2_Verified,2024-02-10,132.69
FLR-ACC-106411,Emeka Eze,Individual,GB,GBP,Tier2_Verified,2026-02-05,106.64
FLR-ACC-106412,Mary Obi,Individual,NG,NGN,Tier2_Verified,2023-10-26,42.22
FLR-ACC-106413,Prime Media LLC,Business,FR,EUR,Tier2_Verified,2023-12-27,96.7
FLR-ACC-106414,Tunde Adekunle,Individual,NG,NGN,Tier3_Enhanced,2025-09-02,62.84
FLR-ACC-106415,Metro Foods LLC,Business,NG,NGN,Tier2_Verified,2025-11-15,53.38
FLR-ACC-106416,John Williams,Individual,GB,GBP,Tier1_Basic,2024-06-22,46.17
FLR-ACC-106417,Funke Johnson,Individual,US,USD,Tier3_Enhanced,2024-09-05,37.62
FLR-ACC-106418,Tobi Taylor,Individual,NG,NGN,Tier2_Verified,2026-01-01,59.29
FLR-ACC-106419,Michael Brown,Individual,NG,NGN,Tier2_Verified,2026-07-24,17.62
FLR-ACC-106420,John Okoro,Individual,NG,NGN,Tier3_Enhanced,2024-04-30,47.08
FLR-ACC-106421,Kunle Balogun,Individual,NG,NGN,Tier2_Verified,2025-05-14,39.1
FLR-ACC-106422,Tunde Adeyemi,Individual,NG,NGN,Tier1_Basic,2023-10-06,21.9
FLR-ACC-106423,Silverline Logistics Co.,Business,NG,NGN,Tier2_Verified,2026-05-27,134.14
FLR-ACC-106424,Silverline Logistics Co.,Business,NG,NGN,Tier1_Basic,2025-08-23,382.51
FLR-ACC-106425,Chuka Johnson,Individual,GB,GBP,Tier2_Verified,2026-05-11,24.28
FLR-ACC-106426,North Consulting LLC,Business,NG,NGN,Tier3_Enhanced,2025-01-02,24.68
FLR-ACC-106427,Daniel Taylor,Individual,GB,GBP,Tier2_Verified,2023-01-16,84.77
FLR-ACC-106428,Ben Hassan,Individual,NG,NGN,Tier3_Enhanced,2024-06-08,61.82
FLR-ACC-106429,Grace Brown,Individual,US,USD,Tier3_Enhanced,2024-02-27,75.53
FLR-ACC-106430,Greenfield Ventures Inc,Business,NG,NGN,Tier2_Verified,2024-03-08,2251.78
FLR-ACC-106431,Aisha Williams,Individual,DE,EUR,Tier3_Enhanced,2024-10-08,90.71
FLR-ACC-106432,North Textiles LLC,Business,US,USD,Tier3_Enhanced,2024-08-16,922.46
FLR-ACC-106433,Silverline Textiles LLC,Business,NG,NGN,Tier3_Enhanced,2025-01-24,167.42
FLR-ACC-106434,Ruth Smith,Individual,NG,NGN,Tier2_Verified,2025-05-30,79.92
FLR-ACC-106435,John Okoro,Individual,NG,NGN,Tier3_Enhanced,2023-05-03,65.95
FLR-ACC-106436,Chidi Johnson,Individual,FR,EUR,Tier2_Verified,2025-11-15,132.33
FLR-ACC-106437,Ruth Eze,Individual,NG,NGN,Tier1_Basic,2023-11-25,121.85
FLR-ACC-106438,Ifeoma Eze,Individual,NG,NGN,Tier3_Enhanced,2025-08-13,142.74
FLR-ACC-106439,Daniel Balogun,Individual,NG,NGN,Tier3_Enhanced,2024-10-09,65.28
FLR-ACC-106440,Prime Consulting LLC,Business,NG,NGN,Tier3_Enhanced,2023-12-08,368.99
FLR-ACC-106441,North Textiles Ltd,Business,NG,NGN,Tier2_Verified,2025-05-05,166.74
FLR-ACC-106442,Urban Media Inc,Business,DE,EUR,Tier2_Verified,2025-10-04,104.22
FLR-ACC-106443,Tobi Chukwu,Individual,FR,EUR,Tier2_Verified,2025-12-21,63.22
FLR-ACC-106444,Sarah Ibrahim,Individual,NG,NGN,Tier2_Verified,2024-08-21,41.36
FLR-ACC-106445,North Builders LLC,Business,DE,EUR,Tier1_Basic,2025-08-12,464.86
FLR-ACC-106446,Metro Technologies Ltd,Business,GB,GBP,Tier2_Verified,2026-03-10,532.32
FLR-ACC-106447,Funke Bello,Individual,NG,NGN,Tier3_Enhanced,2026-01-08,42.13
FLR-ACC-106448,Metro Technologies Inc,Business,NG,NGN,Tier3_Enhanced,2025-10-16,410.34
FLR-ACC-106449,North Textiles Inc,Business,NG,NGN,Tier2_Verified,2025-06-01,311.48
FLR-ACC-106450,Kemi Adeyemi,Individual,NG,NGN,Tier2_Verified,2025-11-22,64.78
FLR-ACC-106451,Yetunde Eze,Individual,GB,GBP,Tier1_Basic,2025-05-11,100.26
FLR-ACC-106452,Blessing Chukwu,Individual,NG,NGN,Tier2_Verified,2025-02-15,58.49
FLR-ACC-106453,Tobi Bello,Individual,NG,NGN,Tier3_Enhanced,2023-10-25,22.22
FLR-ACC-106454,Aisha Williams,Individual,FR,EUR,Tier2_Verified,2025-02-13,120.75
FLR-ACC-106455,Bluewave Trading Co.,Business,NG,NGN,Tier3_Enhanced,2024-07-19,281.02
FLR-ACC-106456,Yetunde Taylor,Individual,NG,NGN,Tier2_Verified,2025-10-27,31.65
FLR-ACC-106457,Daniel Chukwu,Individual,US,USD,Tier3_Enhanced,2025-07-26,124.87
FLR-ACC-106458,Urban Logistics Co.,Business,NG,NGN,Tier3_Enhanced,2024-07-22,1004.25
FLR-ACC-106459,Kemi Taylor,Individual,NG,NGN,Tier3_Enhanced,2023-01-17,22.83
FLR-ACC-106460,Grace Bello,Individual,DE,EUR,Tier3_Enhanced,2025-02-01,41.46
FLR-ACC-106461,Ifeoma Hassan,Individual,NG,NGN,Tier2_Verified,2025-08-11,44.71
FLR-ACC-106462,Amaka Obi,Individual,NG,NGN,Tier1_Basic,2026-05-10,45.11
FLR-ACC-106463,Grace Adekunle,Individual,NG,NGN,Tier3_Enhanced,2024-03-25,32.85
FLR-ACC-106464,Prime Ventures LLC,Business,FR,EUR,Tier1_Basic,2026-06-20,243.58
FLR-ACC-106465,Sarah Nwosu,Individual,GB,GBP,Tier1_Basic,2025-04-07,11.44
FLR-ACC-106466,Bluewave Retail Inc,Business,GB,GBP,Tier2_Verified,2025-02-14,581.32
FLR-ACC-106467,Greenfield Textiles LLC,Business,NG,NGN,Tier2_Verified,2023-10-04,331.65
FLR-ACC-106468,Ngozi Taylor,Individual,US,USD,Tier2_Verified,2024-02-24,249.4
FLR-ACC-106469,Sunrise Foods Co.,Business,NG,NGN,Tier2_Verified,2023-12-16,462.31
FLR-ACC-106470,Blessing Okoro,Individual,NG,NGN,Tier3_Enhanced,2024-11-06,39.89
FLR-ACC-106471,Yetunde Balogun,Individual,FR,EUR,Tier2_Verified,2025-06-27,114.89
FLR-ACC-106472,Kunle Okoro,Individual,NG,NGN,Tier1_Basic,2024-10-28,62.42
FLR-ACC-106473,Metro Ventures Co.,Business,US,USD,Tier2_Verified,2024-11-19,262.52
FLR-ACC-106474,Sarah Yusuf,Individual,GB,GBP,Tier1_Basic,2023-08-29,178.67
FLR-ACC-106475,Amaka Eze,Individual,US,USD,Tier2_Verified,2023-07-11,86.73
FLR-ACC-106476,Tunde Adekunle,Individual,NG,NGN,Tier2_Verified,2024-03-03,62.05
FLR-ACC-106477,Grace Johnson,Individual,NG,NGN,Tier3_Enhanced,2026-07-01,82.73
FLR-ACC-106478,Apex Media Ltd,Business,US,USD,Tier2_Verified,2024-01-30,655.95
FLR-ACC-106479,Global Foods Ltd,Business,NG,NGN,Tier2_Verified,2025-05-31,793.63
FLR-ACC-106480,Kemi Nwosu,Individual,NG,NGN,Tier3_Enhanced,2025-05-20,108.59
FLR-ACC-106481,North Ventures LLC,Business,FR,EUR,Tier1_Basic,2025-07-02,661.49
FLR-ACC-106482,Olu Adekunle,Individual,FR,EUR,Tier3_Enhanced,2024-03-20,76.29
FLR-ACC-106483,Peter Hassan,Individual,US,USD,Tier2_Verified,2025-07-29,75.59
FLR-ACC-106484,Emeka Balogun,Individual,NG,NGN,Tier3_Enhanced,2024-04-11,28.07
FLR-ACC-106485,North Trading Co.,Business,DE,EUR,Tier2_Verified,2026-01-14,185.49
FLR-ACC-106486,Chioma Yusuf,Individual,NG,NGN,Tier2_Verified,2023-05-03,99.09
FLR-ACC-106487,Urban Foods Inc,Business,US,USD,Tier2_Verified,2023-06-05,396.65
FLR-ACC-106488,Ben Bello,Individual,US,USD,Tier2_Verified,2024-09-05,10.92
FLR-ACC-106489,Michael Williams,Individual,NG,NGN,Tier3_Enhanced,2024-01-09,73.85
FLR-ACC-106490,Kemi Eze,Individual,GB,GBP,Tier2_Verified,2023-11-02,36.1
FLR-ACC-106491,Amaka Bello,Individual,DE,EUR,Tier2_Verified,2025-05-13,28.91
FLR-ACC-106492,Greenfield Builders LLC,Business,GB,GBP,Tier3_Enhanced,2024-09-27,481.95
FLR-ACC-106493,John Okoro,Individual,US,USD,Tier3_Enhanced,2025-10-30,51.19
FLR-ACC-106494,Prime Media Co.,Business,NG,NGN,Tier3_Enhanced,2025-12-25,533.63
FLR-ACC-106495,Ruth Balogun,Individual,NG,NGN,Tier3_Enhanced,2024-08-12,96.99
FLR-ACC-106496,Silverline Media Co.,Business,NG,NGN,Tier2_Verified,2025-06-19,300.9
FLR-ACC-106497,John Green,Individual,GB,GBP,Tier3_Enhanced,2025-05-05,57.0
FLR-ACC-106498,Laura Green,Individual,NG,NGN,Tier2_Verified,2024-09-17,60.94
FLR-ACC-106499,Grace Obi,Individual,NG,NGN,Tier2_Verified,2025-12-31,103.61
FLR-ACC-106500,Aisha Balogun,Individual,US,USD,Tier2_Verified,2024-11-26,56.08
FLR-ACC-106501,Ben Okoro,Individual,NG,NGN,Tier1_Basic,2026-01-18,40.07
FLR-ACC-106502,Peter Johnson,Individual,NG,NGN,Tier3_Enhanced,2023-12-15,133.13
FLR-ACC-106503,John Bello,Individual,US,USD,Tier2_Verified,2023-06-11,18.34
FLR-ACC-106504,Global Logistics LLC,Business,GB,GBP,Tier2_Verified,2024-04-07,597.2
FLR-ACC-106505,Tunde Okoro,Individual,US,USD,Tier2_Verified,2025-10-08,45.31
FLR-ACC-106506,Mary Balogun,Individual,NG,NGN,Tier3_Enhanced,2023-03-04,233.89
FLR-ACC-106507,Greenfield Logistics LLC,Business,GB,GBP,Tier2_Verified,2022-10-31,292.09
FLR-ACC-106508,Silverline Retail Ltd,Business,GB,GBP,Tier3_Enhanced,2025-07-29,1982.9
FLR-ACC-106509,Metro Textiles Ltd,Business,NG,NGN,Tier3_Enhanced,2022-10-31,603.64
FLR-ACC-106510,Global Media LLC,Business,GB,GBP,Tier3_Enhanced,2023-06-13,279.39
FLR-ACC-106511,Prime Consulting LLC,Business,FR,EUR,Tier2_Verified,2025-09-04,268.47
FLR-ACC-106512,Blessing Taylor,Individual,FR,EUR,Tier2_Verified,2025-11-09,30.87
FLR-ACC-106513,Global Logistics Inc,Business,NG,NGN,Tier1_Basic,2025-08-22,712.17
FLR-ACC-106514,Grace Obi,Individual,US,USD,Tier1_Basic,2024-08-16,29.79
FLR-ACC-106515,Laura Taylor,Individual,NG,NGN,Tier1_Basic,2025-04-26,104.4
FLR-ACC-106516,Michael Eze,Individual,NG,NGN,Tier2_Verified,2024-12-21,116.97
FLR-ACC-106517,Blessing Green,Individual,GB,GBP,Tier3_Enhanced,2024-10-14,29.82
FLR-ACC-106518,David Johnson,Individual,US,USD,Tier3_Enhanced,2023-12-27,28.57
FLR-ACC-106519,James Hassan,Individual,NG,NGN,Tier2_Verified,2025-09-25,26.61
FLR-ACC-106520,Greenfield Logistics LLC,Business,GB,GBP,Tier3_Enhanced,2024-08-29,884.78
FLR-ACC-106521,Ngozi Eze,Individual,GB,GBP,Tier2_Verified,2026-02-03,73.09
FLR-ACC-106522,Metro Media Inc,Business,NG,NGN,Tier2_Verified,2022-07-06,56.68
FLR-ACC-106523,Prime Consulting Ltd,Business,NG,NGN,Tier2_Verified,2026-02-05,423.13
FLR-ACC-106524,Tunde Nwosu,Individual,GB,GBP,Tier1_Basic,2025-05-07,107.9
FLR-ACC-106525,Michael Hassan,Individual,DE,EUR,Tier2_Verified,2025-02-24,20.75
FLR-ACC-106526,Ngozi Bello,Individual,NG,NGN,Tier2_Verified,2023-12-14,54.88
FLR-ACC-106527,Michael Balogun,Individual,NG,NGN,Tier2_Verified,2025-05-12,24.67
FLR-ACC-106528,Urban Retail Co.,Business,GB,GBP,Tier2_Verified,2025-08-29,258.9
FLR-ACC-106529,Silverline Foods LLC,Business,NG,NGN,Tier2_Verified,2023-08-27,657.78
FLR-ACC-106530,Yetunde Yusuf,Individual,NG,NGN,Tier2_Verified,2025-07-25,107.6
FLR-ACC-106531,Sunrise Foods Co.,Business,NG,NGN,Tier1_Basic,2025-07-07,1315.58
FLR-ACC-106532,Ifeoma Taylor,Individual,GB,GBP,Tier2_Verified,2025-10-01,34.88
FLR-ACC-106533,Apex Textiles Inc,Business,DE,EUR,Tier2_Verified,2025-09-23,497.03
FLR-ACC-106534,North Textiles Co.,Business,NG,NGN,Tier1_Basic,2025-12-21,460.3
FLR-ACC-106535,Metro Media LLC,Business,FR,EUR,Tier1_Basic,2025-04-09,436.59
FLR-ACC-106536,Apex Technologies Ltd,Business,DE,EUR,Tier1_Basic,2025-10-17,613.58
FLR-ACC-106537,Mary Bello,Individual,US,USD,Tier3_Enhanced,2023-10-31,82.2
FLR-ACC-106538,North Ventures Co.,Business,US,USD,Tier1_Basic,2026-05-12,504.85
FLR-ACC-106539,Tunde Fashola,Individual,NG,NGN,Tier1_Basic,2025-12-23,108.14
FLR-ACC-106540,Ifeoma Adekunle,Individual,NG,NGN,Tier2_Verified,2025-06-04,65.61
FLR-ACC-106541,Grace Balogun,Individual,NG,NGN,Tier1_Basic,2025-07-12,37.39
FLR-ACC-106542,Global Textiles Inc,Business,NG,NGN,Tier2_Verified,2024-11-28,299.2
FLR-ACC-106543,Silverline Textiles Ltd,Business,US,USD,Tier2_Verified,2025-08-01,117.76
FLR-ACC-106544,Bluewave Builders Ltd,Business,NG,NGN,Tier3_Enhanced,2024-09-22,816.55
FLR-ACC-106545,Chioma Williams,Individual,DE,EUR,Tier3_Enhanced,2024-08-28,52.68
FLR-ACC-106546,Sunrise Textiles Inc,Business,US,USD,Tier1_Basic,2026-06-01,968.64
FLR-ACC-106547,Sunrise Media Inc,Business,NG,NGN,Tier3_Enhanced,2024-11-16,453.28
FLR-ACC-106548,Amaka Johnson,Individual,NG,NGN,Tier2_Verified,2026-07-18,63.39
FLR-ACC-106549,Silverline Consulting LLC,Business,NG,NGN,Tier1_Basic,2025-12-31,669.1
FLR-ACC-106550,Femi Obi,Individual,NG,NGN,Tier3_Enhanced,2025-01-06,158.67
FLR-ACC-106551,Ngozi Nwosu,Individual,GB,GBP,Tier3_Enhanced,2025-07-25,46.37
FLR-ACC-106552,Kemi Adeyemi,Individual,GB,GBP,Tier3_Enhanced,2025-04-13,58.6
FLR-ACC-106553,Prime Retail Co.,Business,NG,NGN,Tier2_Verified,2024-08-10,720.08
FLR-ACC-106554,Urban Logistics Ltd,Business,NG,NGN,Tier2_Verified,2025-12-18,497.44
FLR-ACC-106555,Prime Retail Inc,Business,NG,NGN,Tier2_Verified,2023-06-07,392.58
FLR-ACC-106556,Ifeoma Nwosu,Individual,NG,NGN,Tier2_Verified,2024-05-26,49.99
FLR-ACC-106557,Greenfield Textiles Inc,Business,NG,NGN,Tier3_Enhanced,2024-09-27,344.22
FLR-ACC-106558,Daniel Balogun,Individual,GB,GBP,Tier2_Verified,2026-04-30,82.72
FLR-ACC-106559,Michael Williams,Individual,DE,EUR,Tier2_Verified,2025-05-27,92.37
FLR-ACC-106560,Urban Media LLC,Business,US,USD,Tier2_Verified,2026-08-15,354.76
FLR-ACC-106561,Daniel Chukwu,Individual,NG,NGN,Tier2_Verified,2025-07-03,101.32
FLR-ACC-106562,Olu Chukwu,Individual,US,USD,Tier3_Enhanced,2025-06-11,16.03
FLR-ACC-106563,Aisha Adekunle,Individual,US,USD,Tier2_Verified,2025-12-07,51.13
FLR-ACC-106564,Greenfield Textiles Co.,Business,GB,GBP,Tier2_Verified,2025-06-01,2032.12
FLR-ACC-106565,Urban Consulting LLC,Business,NG,NGN,Tier1_Basic,2023-01-10,422.97
FLR-ACC-106566,Daniel Nwosu,Individual,NG,NGN,Tier3_Enhanced,2025-12-26,16.55
FLR-ACC-106567,John Ibrahim,Individual,GB,GBP,Tier2_Verified,2025-02-22,115.54
FLR-ACC-106568,Sarah Brown,Individual,NG,NGN,Tier1_Basic,2026-05-06,122.89
FLR-ACC-106569,Metro Retail Ltd,Business,NG,NGN,Tier2_Verified,2024-07-08,871.84
FLR-ACC-106570,Chuka Okafor,Individual,NG,NGN,Tier2_Verified,2024-07-03,128.8
FLR-ACC-106571,Sunrise Technologies Co.,Business,NG,NGN,Tier2_Verified,2026-07-01,621.73
FLR-ACC-106572,Laura Hassan,Individual,US,USD,Tier2_Verified,2024-03-10,316.17
FLR-ACC-106573,Global Media Co.,Business,NG,NGN,Tier2_Verified,2025-09-18,1779.5
FLR-ACC-106574,Apex Technologies Co.,Business,NG,NGN,Tier2_Verified,2026-02-18,384.67
FLR-ACC-106575,Femi Obi,Individual,NG,NGN,Tier2_Verified,2025-03-08,57.92
FLR-ACC-106576,Daniel Balogun,Individual,NG,NGN,Tier3_Enhanced,2024-04-26,53.63
FLR-ACC-106577,Grace Chukwu,Individual,NG,NGN,Tier3_Enhanced,2024-06-06,31.04
FLR-ACC-106578,Yetunde Adeyemi,Individual,NG,NGN,Tier1_Basic,2026-05-27,39.18
FLR-ACC-106579,John Okafor,Individual,NG,NGN,Tier3_Enhanced,2026-03-13,40.9
FLR-ACC-106580,Aisha Johnson,Individual,US,USD,Tier2_Verified,2024-09-26,76.1
FLR-ACC-106581,Sarah Fashola,Individual,GB,GBP,Tier3_Enhanced,2023-06-11,14.82
FLR-ACC-106582,Daniel Okoro,Individual,GB,GBP,Tier2_Verified,2025-03-04,46.6
FLR-ACC-106583,Laura Brown,Individual,NG,NGN,Tier2_Verified,2023-09-30,123.5
FLR-ACC-106584,Femi Eze,Individual,DE,EUR,Tier3_Enhanced,2025-07-11,80.57
FLR-ACC-106585,Bluewave Foods LLC,Business,FR,EUR,Tier2_Verified,2023-11-03,457.88
FLR-ACC-106586,Silverline Media LLC,Business,FR,EUR,Tier3_Enhanced,2025-03-31,622.29
FLR-ACC-106587,Ifeoma Fashola,Individual,US,USD,Tier2_Verified,2025-07-03,36.43
FLR-ACC-106588,Laura Williams,Individual,US,USD,Tier2_Verified,2025-10-18,47.82
FLR-ACC-106589,Silverline Ventures Ltd,Business,GB,GBP,Tier3_Enhanced,2024-10-28,595.46
FLR-ACC-106590,Grace Williams,Individual,NG,NGN,Tier3_Enhanced,2024-12-13,138.89
FLR-ACC-106591,Prime Textiles Ltd,Business,NG,NGN,Tier2_Verified,2025-08-04,258.18
FLR-ACC-106592,Grace Williams,Individual,NG,NGN,Tier3_Enhanced,2023-12-13,37.72
FLR-ACC-106593,Sunrise Builders Inc,Business,NG,NGN,Tier1_Basic,2026-07-26,299.96
FLR-ACC-106594,David Chukwu,Individual,US,USD,Tier2_Verified,2023-05-23,79.96
FLR-ACC-106595,North Foods Co.,Business,US,USD,Tier1_Basic,2024-10-12,541.23
FLR-ACC-106596,Chuka Brown,Individual,NG,NGN,Tier3_Enhanced,2024-12-11,28.87
FLR-ACC-106597,Urban Logistics Inc,Business,FR,EUR,Tier3_Enhanced,2024-01-14,354.54
FLR-ACC-106598,Grace Hassan,Individual,NG,NGN,Tier1_Basic,2025-05-22,359.72
FLR-ACC-106599,Musa Williams,Individual,GB,GBP,Tier3_Enhanced,2024-04-24,30.1
FLR-ACC-106600,Grace Yusuf,Individual,NG,NGN,Tier1_Basic,2025-06-21,86.24
FLR-ACC-106601,Urban Textiles LLC,Business,US,USD,Tier3_Enhanced,2024-03-10,118.03
FLR-ACC-106602,Silverline Trading LLC,Business,NG,NGN,Tier2_Verified,2025-06-21,432.43
FLR-ACC-106603,Laura Obi,Individual,US,USD,Tier3_Enhanced,2026-01-17,136.81
FLR-ACC-106604,Femi Williams,Individual,NG,NGN,Tier2_Verified,2025-06-16,96.69
FLR-ACC-106605,Funke Okoro,Individual,DE,EUR,Tier2_Verified,2026-03-13,46.08
FLR-ACC-106606,Michael Obi,Individual,FR,EUR,Tier3_Enhanced,2024-08-17,43.59
FLR-ACC-106607,Yetunde Yusuf,Individual,US,USD,Tier2_Verified,2025-06-26,28.43
FLR-ACC-106608,Chidi Okafor,Individual,NG,NGN,Tier3_Enhanced,2025-05-20,92.72
FLR-ACC-106609,Prime Logistics LLC,Business,NG,NGN,Tier3_Enhanced,2022-12-21,1596.05
FLR-ACC-106610,Laura Johnson,Individual,US,USD,Tier1_Basic,2026-06-01,45.16
FLR-ACC-106611,Peter Yusuf,Individual,NG,NGN,Tier1_Basic,2025-05-26,31.39
FLR-ACC-106612,James Okafor,Individual,GB,GBP,Tier1_Basic,2026-02-11,53.49
FLR-ACC-106613,Greenfield Textiles Inc,Business,US,USD,Tier1_Basic,2025-06-19,782.08
FLR-ACC-106614,Ben Okafor,Individual,DE,EUR,Tier3_Enhanced,2024-09-16,14.66
FLR-ACC-106615,Prime Textiles Co.,Business,US,USD,Tier1_Basic,2025-10-08,1122.69
FLR-ACC-106616,Silverline Retail Ltd,Business,NG,NGN,Tier2_Verified,2026-04-27,203.8
FLR-ACC-106617,Sunrise Consulting Inc,Business,US,USD,Tier2_Verified,2022-12-31,365.43
FLR-ACC-106618,Grace Bello,Individual,NG,NGN,Tier2_Verified,2024-12-15,115.66
FLR-ACC-106619,Metro Ventures Co.,Business,US,USD,Tier3_Enhanced,2023-10-25,1283.25
FLR-ACC-106620,Funke Green,Individual,FR,EUR,Tier1_Basic,2026-05-15,99.91
FLR-ACC-106621,Silverline Foods Co.,Business,NG,NGN,Tier2_Verified,2026-02-16,177.22
FLR-ACC-106622,Prime Retail Co.,Business,NG,NGN,Tier3_Enhanced,2024-10-30,718.4
FLR-ACC-106623,Tobi Ibrahim,Individual,FR,EUR,Tier3_Enhanced,2023-06-29,87.63
FLR-ACC-106624,Silverline Technologies LLC,Business,US,USD,Tier3_Enhanced,2023-12-26,748.26
FLR-ACC-106625,Laura Adekunle,Individual,NG,NGN,Tier2_Verified,2023-07-31,100.66
FLR-ACC-106626,Urban Logistics Co.,Business,DE,EUR,Tier2_Verified,2026-02-21,1015.43
FLR-ACC-106627,Michael Ibrahim,Individual,NG,NGN,Tier2_Verified,2023-12-30,14.52
FLR-ACC-106628,Silverline Foods LLC,Business,NG,NGN,Tier2_Verified,2025-01-04,817.62
FLR-ACC-106629,David Williams,Individual,NG,NGN,Tier2_Verified,2025-09-21,24.46
FLR-ACC-106630,Chuka Smith,Individual,FR,EUR,Tier1_Basic,2026-06-16,104.54
FLR-ACC-106631,Grace Bello,Individual,GB,GBP,Tier3_Enhanced,2024-12-03,47.26
FLR-ACC-106632,Sunrise Trading Ltd,Business,GB,GBP,Tier3_Enhanced,2026-05-17,656.32
FLR-ACC-106633,Peter Chukwu,Individual,GB,GBP,Tier3_Enhanced,2024-06-27,69.39
FLR-ACC-106634,Sunrise Media LLC,Business,GB,GBP,Tier1_Basic,2026-05-06,813.05
FLR-ACC-106635,Sunrise Retail Inc,Business,NG,NGN,Tier2_Verified,2025-05-10,468.31
FLR-ACC-106636,Olu Adekunle,Individual,NG,NGN,Tier3_Enhanced,2023-10-02,25.72
FLR-ACC-106637,Metro Textiles Co.,Business,NG,NGN,Tier2_Verified,2026-01-27,377.14
FLR-ACC-106638,Ngozi Bello,Individual,NG,NGN,Tier3_Enhanced,2024-07-25,19.01
FLR-ACC-106639,Prime Logistics Co.,Business,US,USD,Tier1_Basic,2026-05-16,344.23
FLR-ACC-106640,Urban Technologies Ltd,Business,US,USD,Tier2_Verified,2023-02-13,819.14
FLR-ACC-106641,Laura Okoro,Individual,NG,NGN,Tier3_Enhanced,2023-07-20,152.64
FLR-ACC-106642,Urban Builders Inc,Business,NG,NGN,Tier3_Enhanced,2024-12-28,712.42
FLR-ACC-106643,Mary Green,Individual,NG,NGN,Tier2_Verified,2024-07-07,43.7
FLR-ACC-106644,Chuka Fashola,Individual,NG,NGN,Tier2_Verified,2024-07-08,86.9
FLR-ACC-106645,North Media Ltd,Business,NG,NGN,Tier3_Enhanced,2025-12-28,414.28
FLR-ACC-106646,Emeka Adekunle,Individual,US,USD,Tier2_Verified,2025-05-15,41.56
FLR-ACC-106647,Aisha Nwosu,Individual,US,USD,Tier1_Basic,2025-05-09,48.41
FLR-ACC-106648,Olu Chukwu,Individual,NG,NGN,Tier2_Verified,2025-07-07,59.44
FLR-ACC-106649,North Logistics LLC,Business,NG,NGN,Tier2_Verified,2023-09-25,285.17
FLR-ACC-106650,North Consulting Inc,Business,NG,NGN,Tier2_Verified,2025-12-21,597.89
FLR-ACC-106651,Emeka Fashola,Individual,GB,GBP,Tier1_Basic,2026-02-07,29.41
FLR-ACC-106652,Ben Brown,Individual,GB,GBP,Tier3_Enhanced,2023-12-15,75.05
FLR-ACC-106653,Musa Green,Individual,NG,NGN,Tier2_Verified,2026-06-26,34.53
FLR-ACC-106654,Urban Foods Inc,Business,NG,NGN,Tier2_Verified,2024-03-11,229.4
FLR-ACC-106655,Grace Yusuf,Individual,DE,EUR,Tier3_Enhanced,2023-10-09,49.66
FLR-ACC-106656,Silverline Ventures Inc,Business,NG,NGN,Tier3_Enhanced,2023-07-25,241.34
FLR-ACC-106657,Bluewave Foods Inc,Business,NG,NGN,Tier2_Verified,2024-09-01,116.29
FLR-ACC-106658,John Williams,Individual,GB,GBP,Tier2_Verified,2025-12-05,33.45
FLR-ACC-106659,Mary Fashola,Individual,NG,NGN,Tier2_Verified,2023-09-13,86.97
FLR-ACC-106660,North Trading LLC,Business,DE,EUR,Tier2_Verified,2024-02-13,550.0
FLR-ACC-106661,Laura Adeyemi,Individual,FR,EUR,Tier3_Enhanced,2023-05-29,21.86
FLR-ACC-106662,Kunle Smith,Individual,US,USD,Tier2_Verified,2026-01-07,34.4
FLR-ACC-106663,Global Consulting Inc,Business,FR,EUR,Tier2_Verified,2024-04-04,264.89
FLR-ACC-106664,Emeka Eze,Individual,NG,NGN,Tier2_Verified,2024-09-01,95.9
FLR-ACC-106665,Ben Eze,Individual,GB,GBP,Tier1_Basic,2024-09-02,53.26
FLR-ACC-106666,Kunle Brown,Individual,US,USD,Tier1_Basic,2024-12-16,20.59
FLR-ACC-106667,Sunrise Foods LLC,Business,US,USD,Tier2_Verified,2024-12-13,989.86
FLR-ACC-106668,Chuka Fashola,Individual,FR,EUR,Tier1_Basic,2026-05-16,52.51
FLR-ACC-106669,Urban Trading Co.,Business,NG,NGN,Tier2_Verified,2023-09-04,1813.54
FLR-ACC-106670,Laura Hassan,Individual,NG,NGN,Tier1_Basic,2024-04-18,31.92
FLR-ACC-106671,Urban Media Co.,Business,US,USD,Tier1_Basic,2025-06-21,774.1
FLR-ACC-106672,Tunde Hassan,Individual,GB,GBP,Tier1_Basic,2024-11-17,28.7
FLR-ACC-106673,North Builders LLC,Business,GB,GBP,Tier2_Verified,2025-02-20,294.28
FLR-ACC-106674,Amaka Bello,Individual,FR,EUR,Tier3_Enhanced,2024-05-01,19.95
FLR-ACC-106675,Urban Foods LLC,Business,NG,NGN,Tier3_Enhanced,2024-10-25,990.04
FLR-ACC-106676,Ifeoma Okafor,Individual,NG,NGN,Tier3_Enhanced,2024-01-23,25.72
FLR-ACC-106677,Sarah Eze,Individual,NG,NGN,Tier3_Enhanced,2025-01-23,73.03
FLR-ACC-106678,Silverline Textiles LLC,Business,US,USD,Tier2_Verified,2024-12-22,152.07
FLR-ACC-106679,Aisha Okoro,Individual,NG,NGN,Tier2_Verified,2025-05-19,124.85
FLR-ACC-106680,Funke Ibrahim,Individual,GB,GBP,Tier2_Verified,2025-06-23,59.81
FLR-ACC-106681,Metro Trading Co.,Business,NG,NGN,Tier2_Verified,2024-07-20,289.86
FLR-ACC-106682,Emeka Fashola,Individual,GB,GBP,Tier2_Verified,2025-12-08,24.18
FLR-ACC-106683,Michael Adekunle,Individual,US,USD,Tier3_Enhanced,2023-10-05,38.15
FLR-ACC-106684,Urban Media Inc,Business,US,USD,Tier2_Verified,2023-08-12,4934.12
FLR-ACC-106685,James Bello,Individual,FR,EUR,Tier3_Enhanced,2023-04-20,109.97
FLR-ACC-106686,Ben Ibrahim,Individual,FR,EUR,Tier1_Basic,2026-04-15,64.34
FLR-ACC-106687,Emeka Balogun,Individual,NG,NGN,Tier3_Enhanced,2023-05-08,226.24
FLR-ACC-106688,Mary Fashola,Individual,US,USD,Tier2_Verified,2024-06-10,29.72
FLR-ACC-106689,Metro Consulting LLC,Business,NG,NGN,Tier3_Enhanced,2024-12-05,322.41
FLR-ACC-106690,North Ventures Co.,Business,GB,GBP,Tier1_Basic,2024-08-05,658.65
FLR-ACC-106691,Apex Ventures LLC,Business,FR,EUR,Tier3_Enhanced,2024-06-12,269.29
FLR-ACC-106692,John Smith,Individual,GB,GBP,Tier2_Verified,2025-04-24,18.39
FLR-ACC-106693,Greenfield Ventures Ltd,Business,US,USD,Tier3_Enhanced,2025-05-02,295.97
FLR-ACC-106694,Greenfield Consulting Co.,Business,GB,GBP,Tier2_Verified,2023-10-23,293.06
FLR-ACC-106695,Sarah Adekunle,Individual,FR,EUR,Tier2_Verified,2025-08-20,95.26
FLR-ACC-106696,Greenfield Technologies Ltd,Business,NG,NGN,Tier3_Enhanced,2025-01-10,148.96
FLR-ACC-106697,Urban Textiles LLC,Business,NG,NGN,Tier3_Enhanced,2025-11-03,249.39
FLR-ACC-106698,Sarah Okafor,Individual,FR,EUR,Tier3_Enhanced,2024-08-06,71.44
FLR-ACC-106699,Silverline Textiles Co.,Business,GB,GBP,Tier3_Enhanced,2026-05-16,377.29
FLR-ACC-106700,Yetunde Taylor,Individual,NG,NGN,Tier2_Verified,2024-02-29,31.24
FLR-ACC-106701,Michael Balogun,Individual,DE,EUR,Tier2_Verified,2024-07-13,28.08
FLR-ACC-106702,Laura Adekunle,Individual,DE,EUR,Tier1_Basic,2025-02-18,140.57
FLR-ACC-106703,Michael Brown,Individual,NG,NGN,Tier2_Verified,2023-05-16,36.56
FLR-ACC-106704,Silverline Technologies Co.,Business,NG,NGN,Tier3_Enhanced,2024-04-13,288.56
FLR-ACC-106705,Ifeoma Smith,Individual,DE,EUR,Tier3_Enhanced,2024-11-28,43.01
FLR-ACC-106706,Blessing Taylor,Individual,GB,GBP,Tier1_Basic,2025-04-29,21.24
FLR-ACC-106707,Sunrise Foods Co.,Business,NG,NGN,Tier3_Enhanced,2025-08-15,313.65
FLR-ACC-106708,Bluewave Media Ltd,Business,DE,EUR,Tier2_Verified,2025-06-14,363.46
FLR-ACC-106709,Blessing Bello,Individual,NG,NGN,Tier2_Verified,2026-04-10,41.11
FLR-ACC-106710,Emeka Chukwu,Individual,US,USD,Tier2_Verified,2025-06-05,55.41
FLR-ACC-106711,Urban Consulting Co.,Business,US,USD,Tier3_Enhanced,2023-11-29,285.34
FLR-ACC-106712,Amaka Balogun,Individual,NG,NGN,Tier2_Verified,2024-08-07,84.16
FLR-ACC-106713,Chidi Hassan,Individual,NG,NGN,Tier2_Verified,2024-07-16,77.94
FLR-ACC-106714,Kunle Brown,Individual,NG,NGN,Tier1_Basic,2024-07-31,161.93
FLR-ACC-106715,Yetunde Obi,Individual,GB,GBP,Tier3_Enhanced,2025-01-03,9.52
FLR-ACC-106716,Yetunde Eze,Individual,FR,EUR,Tier2_Verified,2025-11-22,45.8
FLR-ACC-106717,Silverline Trading Co.,Business,NG,NGN,Tier2_Verified,2023-09-13,733.38
FLR-ACC-106718,Chidi Taylor,Individual,NG,NGN,Tier2_Verified,2025-12-30,31.87
FLR-ACC-106719,Bluewave Technologies Co.,Business,NG,NGN,Tier3_Enhanced,2023-12-06,140.91
FLR-ACC-106720,Metro Trading Co.,Business,NG,NGN,Tier2_Verified,2025-03-04,589.45
FLR-ACC-106721,Mary Yusuf,Individual,NG,NGN,Tier3_Enhanced,2024-02-01,62.94
FLR-ACC-106722,Urban Consulting Ltd,Business,NG,NGN,Tier3_Enhanced,2024-02-16,3423.68
FLR-ACC-106723,Apex Foods LLC,Business,US,USD,Tier3_Enhanced,2024-10-17,526.58
FLR-ACC-106724,Funke Brown,Individual,NG,NGN,Tier2_Verified,2024-07-22,111.66
FLR-ACC-106725,Emeka Yusuf,Individual,FR,EUR,Tier2_Verified,2026-03-05,261.12
FLR-ACC-106726,Aisha Okoro,Individual,NG,NGN,Tier3_Enhanced,2025-02-01,34.98
FLR-ACC-106727,Olu Taylor,Individual,DE,EUR,Tier3_Enhanced,2023-12-20,42.96
FLR-ACC-106728,Bluewave Textiles Ltd,Business,DE,EUR,Tier3_Enhanced,2024-08-15,69.03
FLR-ACC-106729,Global Logistics LLC,Business,NG,NGN,Tier3_Enhanced,2023-09-01,1979.46
FLR-ACC-106730,Silverline Builders LLC,Business,US,USD,Tier2_Verified,2026-03-22,105.19
FLR-ACC-106731,Olu Nwosu,Individual,NG,NGN,Tier3_Enhanced,2024-11-20,21.16
FLR-ACC-106732,Mary Okafor,Individual,NG,NGN,Tier2_Verified,2023-06-26,77.54
FLR-ACC-106733,Global Trading LLC,Business,NG,NGN,Tier3_Enhanced,2024-08-12,275.69
FLR-ACC-106734,Funke Johnson,Individual,NG,NGN,Tier3_Enhanced,2025-10-09,122.67
FLR-ACC-106735,Femi Bello,Individual,GB,GBP,Tier2_Verified,2026-06-23,61.53
FLR-ACC-106736,Greenfield Consulting Ltd,Business,FR,EUR,Tier3_Enhanced,2023-10-13,365.48
FLR-ACC-106737,Aisha Green,Individual,NG,NGN,Tier2_Verified,2026-08-03,21.41
FLR-ACC-106738,David Eze,Individual,NG,NGN,Tier1_Basic,2026-07-10,122.95
FLR-ACC-106739,David Fashola,Individual,NG,NGN,Tier2_Verified,2025-01-29,52.04
FLR-ACC-106740,Ben Okafor,Individual,NG,NGN,Tier1_Basic,2025-08-18,48.83
FLR-ACC-106741,Ruth Balogun,Individual,US,USD,Tier2_Verified,2024-03-03,89.14
FLR-ACC-106742,Femi Chukwu,Individual,GB,GBP,Tier2_Verified,2024-08-12,63.22
FLR-ACC-106743,Silverline Technologies LLC,Business,NG,NGN,Tier3_Enhanced,2023-03-15,391.98
FLR-ACC-106744,Metro Retail Inc,Business,NG,NGN,Tier2_Verified,2023-10-06,438.67
FLR-ACC-106745,Sunrise Retail Ltd,Business,US,USD,Tier2_Verified,2026-03-17,620.81
FLR-ACC-106746,Urban Logistics Ltd,Business,NG,NGN,Tier3_Enhanced,2024-01-22,677.39
FLR-ACC-106747,Grace Okoro,Individual,US,USD,Tier3_Enhanced,2024-05-11,21.08
FLR-ACC-106748,Musa Fashola,Individual,DE,EUR,Tier2_Verified,2024-08-08,88.03
FLR-ACC-106749,Urban Textiles Co.,Business,GB,GBP,Tier2_Verified,2023-05-23,98.76
FLR-ACC-106750,Chioma Fashola,Individual,NG,NGN,Tier3_Enhanced,2023-05-14,387.28
FLR-ACC-106751,Aisha Smith,Individual,NG,NGN,Tier2_Verified,2026-04-30,31.08
FLR-ACC-106752,Ben Brown,Individual,NG,NGN,Tier2_Verified,2023-12-20,92.08
FLR-ACC-106753,Femi Balogun,Individual,NG,NGN,Tier2_Verified,2024-09-26,37.34
FLR-ACC-106754,David Obi,Individual,NG,NGN,Tier2_Verified,2025-11-26,12.5
FLR-ACC-106755,Silverline Retail Co.,Business,GB,GBP,Tier2_Verified,2025-09-14,536.56
FLR-ACC-106756,Metro Media LLC,Business,NG,NGN,Tier1_Basic,2025-06-22,184.97
FLR-ACC-106757,David Nwosu,Individual,US,USD,Tier2_Verified,2025-02-08,60.54
FLR-ACC-106758,Kunle Adeyemi,Individual,FR,EUR,Tier3_Enhanced,2023-11-01,79.2
FLR-ACC-106759,Urban Ventures Ltd,Business,NG,NGN,Tier2_Verified,2025-11-26,1259.37
FLR-ACC-106760,Ifeoma Nwosu,Individual,NG,NGN,Tier2_Verified,2024-02-10,84.55
FLR-ACC-106761,David Adekunle,Individual,NG,NGN,Tier2_Verified,2025-10-30,86.06
FLR-ACC-106762,Chuka Adeyemi,Individual,US,USD,Tier3_Enhanced,2024-12-07,126.47
FLR-ACC-106763,Urban Retail Ltd,Business,NG,NGN,Tier2_Verified,2026-01-28,282.27
FLR-ACC-106764,Bluewave Technologies Co.,Business,NG,NGN,Tier3_Enhanced,2023-07-01,674.34
FLR-ACC-106765,David Balogun,Individual,NG,NGN,Tier2_Verified,2025-01-23,63.06
FLR-ACC-106766,Global Builders Co.,Business,NG,NGN,Tier2_Verified,2024-10-05,1285.94
FLR-ACC-106767,Peter Eze,Individual,NG,NGN,Tier3_Enhanced,2025-03-31,29.23
FLR-ACC-106768,Olu Green,Individual,US,USD,Tier1_Basic,2023-10-25,60.59
FLR-ACC-106769,Global Trading Inc,Business,GB,GBP,Tier2_Verified,2024-11-30,242.62
FLR-ACC-106770,John Green,Individual,NG,NGN,Tier2_Verified,2025-05-26,139.14
FLR-ACC-106771,Laura Balogun,Individual,DE,EUR,Tier2_Verified,2025-01-30,45.52
FLR-ACC-106772,Apex Technologies LLC,Business,FR,EUR,Tier2_Verified,2025-11-03,1219.5
FLR-ACC-106773,Sarah Johnson,Individual,GB,GBP,Tier1_Basic,2026-05-13,30.74
FLR-ACC-106774,Metro Foods Inc,Business,US,USD,Tier2_Verified,2024-03-18,183.7
FLR-ACC-106775,Chioma Adekunle,Individual,GB,GBP,Tier2_Verified,2024-02-14,73.63
FLR-ACC-106776,David Yusuf,Individual,NG,NGN,Tier2_Verified,2024-08-10,88.67
FLR-ACC-106777,Greenfield Technologies Inc,Business,NG,NGN,Tier2_Verified,2025-12-04,211.04
FLR-ACC-106778,Sunrise Logistics Inc,Business,NG,NGN,Tier1_Basic,2024-01-12,1217.03
FLR-ACC-106779,Metro Logistics Co.,Business,NG,NGN,Tier3_Enhanced,2025-08-14,226.61
FLR-ACC-106780,Michael Obi,Individual,GB,GBP,Tier3_Enhanced,2024-03-23,59.86
FLR-ACC-106781,Ruth Ibrahim,Individual,NG,NGN,Tier1_Basic,2026-04-08,26.86
FLR-ACC-106782,Kemi Yusuf,Individual,US,USD,Tier3_Enhanced,2025-07-14,17.62
FLR-ACC-106783,Kunle Adekunle,Individual,DE,EUR,Tier2_Verified,2025-03-22,33.44
FLR-ACC-106784,Urban Consulting Inc,Business,US,USD,Tier2_Verified,2025-02-01,825.99
FLR-ACC-106785,Musa Okoro,Individual,GB,GBP,Tier2_Verified,2024-12-04,63.69
FLR-ACC-106786,Greenfield Technologies Co.,Business,US,USD,Tier3_Enhanced,2024-08-06,170.26
FLR-ACC-106787,Funke Adeyemi,Individual,NG,NGN,Tier2_Verified,2025-06-16,79.29
FLR-ACC-106788,Global Ventures Ltd,Business,US,USD,Tier2_Verified,2025-09-09,312.84
FLR-ACC-106789,Ngozi Hassan,Individual,FR,EUR,Tier3_Enhanced,2024-10-18,45.78
FLR-ACC-106790,Chuka Adeyemi,Individual,GB,GBP,Tier3_Enhanced,2023-03-06,153.41
FLR-ACC-106791,Prime Technologies Co.,Business,DE,EUR,Tier3_Enhanced,2025-10-14,267.55
FLR-ACC-106792,Femi Hassan,Individual,GB,GBP,Tier2_Verified,2026-06-09,94.64
FLR-ACC-106793,Bluewave Logistics Inc,Business,NG,NGN,Tier2_Verified,2025-07-03,158.81
FLR-ACC-106794,Bluewave Ventures Inc,Business,FR,EUR,Tier1_Basic,2024-07-26,1028.8
FLR-ACC-106795,Michael Adekunle,Individual,US,USD,Tier3_Enhanced,2025-09-22,112.97
FLR-ACC-106796,Ifeoma Green,Individual,NG,NGN,Tier2_Verified,2025-08-28,24.69
FLR-ACC-106797,Ngozi Bello,Individual,NG,NGN,Tier2_Verified,2025-04-08,72.51
FLR-ACC-106798,Urban Textiles Inc,Business,NG,NGN,Tier2_Verified,2024-03-18,755.84
FLR-ACC-106799,Michael Balogun,Individual,NG,NGN,Tier3_Enhanced,2025-11-24,19.99
FLR-ACC-106800,John Williams,Individual,GB,GBP,Tier3_Enhanced,2025-09-14,20.24
FLR-ACC-106801,Femi Taylor,Individual,GB,GBP,Tier2_Verified,2023-09-02,42.0
FLR-ACC-106802,Urban Consulting Inc,Business,NG,NGN,Tier3_Enhanced,2025-10-25,328.71
FLR-ACC-106803,Metro Retail Ltd,Business,GB,GBP,Tier2_Verified,2025-02-23,468.55
FLR-ACC-106804,Musa Nwosu,Individual,US,USD,Tier3_Enhanced,2023-05-28,71.39
FLR-ACC-106805,Chioma Taylor,Individual,NG,NGN,Tier2_Verified,2024-05-26,103.79
FLR-ACC-106806,Urban Foods Ltd,Business,GB,GBP,Tier3_Enhanced,2024-09-23,316.43
FLR-ACC-106807,Femi Obi,Individual,FR,EUR,Tier1_Basic,2026-05-11,48.12
FLR-ACC-106808,Prime Builders LLC,Business,NG,NGN,Tier1_Basic,2023-11-28,340.69
FLR-ACC-106809,Bluewave Logistics Inc,Business,US,USD,Tier2_Verified,2025-10-29,4128.38
FLR-ACC-106810,Greenfield Trading Inc,Business,NG,NGN,Tier2_Verified,2025-06-01,2308.46
FLR-ACC-106811,Greenfield Retail LLC,Business,NG,NGN,Tier2_Verified,2025-05-10,280.94
FLR-ACC-106812,Daniel Balogun,Individual,US,USD,Tier2_Verified,2023-01-24,39.9
FLR-ACC-106813,Apex Consulting LLC,Business,US,USD,Tier2_Verified,2024-03-06,491.01
FLR-ACC-106814,James Smith,Individual,US,USD,Tier3_Enhanced,2025-05-23,82.77
FLR-ACC-106815,Ngozi Green,Individual,NG,NGN,Tier2_Verified,2026-01-19,26.89
FLR-ACC-106816,Sarah Johnson,Individual,US,USD,Tier2_Verified,2025-08-18,79.12
FLR-ACC-106817,Urban Technologies Inc,Business,US,USD,Tier3_Enhanced,2025-08-28,429.21
FLR-ACC-106818,Ben Smith,Individual,GB,GBP,Tier2_Verified,2026-01-25,199.45
FLR-ACC-106819,Mary Johnson,Individual,GB,GBP,Tier2_Verified,2026-01-09,104.39
FLR-ACC-106820,Amaka Smith,Individual,FR,EUR,Tier2_Verified,2024-12-29,20.19
FLR-ACC-106821,Silverline Retail Ltd,Business,NG,NGN,Tier2_Verified,2025-09-19,207.85
FLR-ACC-106822,Chidi Fashola,Individual,FR,EUR,Tier2_Verified,2023-09-29,67.43
FLR-ACC-106823,Peter Okafor,Individual,NG,NGN,Tier2_Verified,2025-09-01,28.79
FLR-ACC-106824,North Consulting Ltd,Business,NG,NGN,Tier1_Basic,2024-10-22,124.59
FLR-ACC-106825,Prime Trading Inc,Business,NG,NGN,Tier3_Enhanced,2026-01-21,510.11
FLR-ACC-106826,Silverline Logistics Ltd,Business,GB,GBP,Tier2_Verified,2025-11-28,152.83
FLR-ACC-106827,Urban Logistics LLC,Business,DE,EUR,Tier2_Verified,2025-10-02,405.79
FLR-ACC-106828,North Retail Co.,Business,US,USD,Tier3_Enhanced,2025-10-01,423.29
FLR-ACC-106829,James Taylor,Individual,NG,NGN,Tier2_Verified,2023-12-13,122.2
FLR-ACC-106830,David Fashola,Individual,GB,GBP,Tier2_Verified,2023-12-08,59.99
FLR-ACC-106831,Global Media LLC,Business,US,USD,Tier3_Enhanced,2024-03-30,4388.94
FLR-ACC-106832,Laura Johnson,Individual,US,USD,Tier2_Verified,2025-12-11,117.2
FLR-ACC-106833,Kemi Johnson,Individual,DE,EUR,Tier2_Verified,2025-11-04,94.36
FLR-ACC-106834,Sunrise Technologies Co.,Business,DE,EUR,Tier3_Enhanced,2023-12-18,723.04
FLR-ACC-106835,Tobi Williams,Individual,US,USD,Tier2_Verified,2025-03-28,65.06
FLR-ACC-106836,Urban Trading Ltd,Business,NG,NGN,Tier3_Enhanced,2025-01-22,329.8
FLR-ACC-106837,Olu Taylor,Individual,US,USD,Tier1_Basic,2026-03-24,60.44
FLR-ACC-106838,Olu Williams,Individual,NG,NGN,Tier2_Verified,2024-10-15,90.99
FLR-ACC-106839,Ifeoma Johnson,Individual,GB,GBP,Tier3_Enhanced,2024-12-23,22.97
FLR-ACC-106840,Chidi Brown,Individual,GB,GBP,Tier2_Verified,2026-03-05,61.84
FLR-ACC-106841,Michael Balogun,Individual,NG,NGN,Tier2_Verified,2026-06-18,231.51
FLR-ACC-106842,Grace Taylor,Individual,NG,NGN,Tier2_Verified,2022-10-30,78.15
FLR-ACC-106843,Apex Builders Inc,Business,NG,NGN,Tier2_Verified,2024-09-20,739.72
FLR-ACC-106844,Chidi Fashola,Individual,US,USD,Tier2_Verified,2025-06-29,39.91
FLR-ACC-106845,Femi Balogun,Individual,NG,NGN,Tier2_Verified,2025-02-17,64.11
FLR-ACC-106846,Urban Logistics LLC,Business,NG,NGN,Tier3_Enhanced,2022-10-08,156.21
FLR-ACC-106847,Funke Okoro,Individual,US,USD,Tier2_Verified,2024-08-29,34.03
FLR-ACC-106848,Musa Brown,Individual,NG,NGN,Tier2_Verified,2022-12-12,65.31
FLR-ACC-106849,Sunrise Builders Ltd,Business,NG,NGN,Tier3_Enhanced,2024-07-01,288.86
FLR-ACC-106850,Chidi Johnson,Individual,DE,EUR,Tier3_Enhanced,2025-07-04,36.28
FLR-ACC-106851,James Eze,Individual,NG,NGN,Tier3_Enhanced,2024-06-11,303.54
FLR-ACC-106852,Greenfield Logistics LLC,Business,GB,GBP,Tier2_Verified,2025-06-13,1866.08
FLR-ACC-106853,Metro Consulting LLC,Business,FR,EUR,Tier1_Basic,2026-02-24,1253.36
FLR-ACC-106854,Metro Textiles Ltd,Business,NG,NGN,Tier3_Enhanced,2024-08-09,143.3
FLR-ACC-106855,Grace Green,Individual,US,USD,Tier2_Verified,2026-03-15,60.16
FLR-ACC-106856,Aisha Obi,Individual,NG,NGN,Tier2_Verified,2024-08-05,22.8
FLR-ACC-106857,Ben Obi,Individual,GB,GBP,Tier1_Basic,2024-11-20,48.66
FLR-ACC-106858,James Balogun,Individual,NG,NGN,Tier1_Basic,2023-12-08,73.32
FLR-ACC-106859,Blessing Taylor,Individual,NG,NGN,Tier2_Verified,2023-10-11,54.24
FLR-ACC-106860,Sarah Obi,Individual,US,USD,Tier3_Enhanced,2025-09-14,71.74
FLR-ACC-106861,Chidi Johnson,Individual,US,USD,Tier2_Verified,2023-08-23,81.49
FLR-ACC-106862,Peter Balogun,Individual,US,USD,Tier2_Verified,2025-09-01,27.99
FLR-ACC-106863,David Adeyemi,Individual,GB,GBP,Tier3_Enhanced,2025-05-16,31.63
FLR-ACC-106864,Tunde Okoro,Individual,NG,NGN,Tier2_Verified,2024-09-15,51.44
FLR-ACC-106865,Daniel Fashola,Individual,US,USD,Tier2_Verified,2023-01-09,63.5
FLR-ACC-106866,Bluewave Logistics Inc,Business,US,USD,Tier1_Basic,2024-05-10,148.78
FLR-ACC-106867,Laura Chukwu,Individual,NG,NGN,Tier2_Verified,2024-01-04,11.66
FLR-ACC-106868,Bluewave Consulting Inc,Business,FR,EUR,Tier2_Verified,2024-06-17,302.6
FLR-ACC-106869,Michael Johnson,Individual,GB,GBP,Tier2_Verified,2025-04-06,40.08
FLR-ACC-106870,Mary Fashola,Individual,NG,NGN,Tier2_Verified,2023-10-06,83.67
FLR-ACC-106871,Sunrise Technologies Inc,Business,NG,NGN,Tier3_Enhanced,2025-04-04,541.48
FLR-ACC-106872,John Eze,Individual,NG,NGN,Tier3_Enhanced,2024-07-12,27.69
FLR-ACC-106873,Metro Technologies Inc,Business,NG,NGN,Tier1_Basic,2022-10-21,720.11
FLR-ACC-106874,Tunde Balogun,Individual,NG,NGN,Tier2_Verified,2024-01-16,229.0
FLR-ACC-106875,North Trading Inc,Business,US,USD,Tier2_Verified,2024-02-21,857.48
FLR-ACC-106876,David Smith,Individual,US,USD,Tier1_Basic,2025-12-25,100.11
FLR-ACC-106877,John Williams,Individual,NG,NGN,Tier3_Enhanced,2023-10-01,93.36
FLR-ACC-106878,Kunle Hassan,Individual,NG,NGN,Tier3_Enhanced,2026-03-03,34.34
FLR-ACC-106879,Tunde Nwosu,Individual,NG,NGN,Tier2_Verified,2024-07-16,59.78
FLR-ACC-106880,Grace Balogun,Individual,US,USD,Tier1_Basic,2025-05-13,83.19
FLR-ACC-106881,Tobi Okoro,Individual,DE,EUR,Tier3_Enhanced,2024-03-25,97.63
FLR-ACC-106882,Tobi Bello,Individual,GB,GBP,Tier3_Enhanced,2025-03-04,175.29
FLR-ACC-106883,Amaka Balogun,Individual,FR,EUR,Tier1_Basic,2023-10-01,92.5
FLR-ACC-106884,Sarah Okafor,Individual,GB,GBP,Tier3_Enhanced,2024-05-08,37.79
FLR-ACC-106885,Ben Adekunle,Individual,NG,NGN,Tier3_Enhanced,2024-02-24,31.71
FLR-ACC-106886,Ben Okoro,Individual,NG,NGN,Tier3_Enhanced,2024-12-05,46.04
FLR-ACC-106887,Funke Ibrahim,Individual,NG,NGN,Tier1_Basic,2025-08-20,179.08
FLR-ACC-106888,Sarah Smith,Individual,NG,NGN,Tier1_Basic,2025-11-01,37.29
FLR-ACC-106889,Tobi Hassan,Individual,GB,GBP,Tier2_Verified,2025-05-13,280.34
FLR-ACC-106890,Ifeoma Nwosu,Individual,DE,EUR,Tier1_Basic,2026-04-01,29.34
FLR-ACC-106891,Tunde Chukwu,Individual,NG,NGN,Tier3_Enhanced,2025-03-19,22.59
FLR-ACC-106892,Urban Ventures Inc,Business,US,USD,Tier1_Basic,2023-11-22,2233.68
FLR-ACC-106893,Global Trading LLC,Business,GB,GBP,Tier2_Verified,2025-03-12,125.14
FLR-ACC-106894,Musa Yusuf,Individual,US,USD,Tier2_Verified,2024-07-01,38.28
FLR-ACC-106895,Daniel Hassan,Individual,NG,NGN,Tier2_Verified,2025-03-17,30.5
FLR-ACC-106896,Amaka Fashola,Individual,NG,NGN,Tier2_Verified,2025-07-12,90.78
FLR-ACC-106897,Ifeoma Yusuf,Individual,NG,NGN,Tier1_Basic,2025-11-06,75.79
FLR-ACC-106898,Silverline Foods Ltd,Business,NG,NGN,Tier3_Enhanced,2024-11-29,1649.25
FLR-ACC-106899,Greenfield Retail Ltd,Business,NG,NGN,Tier2_Verified,2025-11-20,321.06
FLR-ACC-106900,Apex Technologies Ltd,Business,NG,NGN,Tier2_Verified,2026-03-04,492.44
FLR-ACC-106901,Apex Builders Ltd,Business,NG,NGN,Tier2_Verified,2026-08-08,633.44
FLR-ACC-106902,Peter Fashola,Individual,DE,EUR,Tier2_Verified,2026-01-06,25.77
FLR-ACC-106903,Aisha Chukwu,Individual,FR,EUR,Tier1_Basic,2025-11-07,42.94
FLR-ACC-106904,Blessing Fashola,Individual,NG,NGN,Tier3_Enhanced,2025-04-21,24.0
FLR-ACC-106905,Yetunde Green,Individual,NG,NGN,Tier3_Enhanced,2026-01-05,17.49
FLR-ACC-106906,Kemi Brown,Individual,US,USD,Tier2_Verified,2024-12-14,141.92
FLR-ACC-106907,Funke Adeyemi,Individual,GB,GBP,Tier3_Enhanced,2024-04-24,54.55
FLR-ACC-106908,Silverline Foods LLC,Business,NG,NGN,Tier3_Enhanced,2022-10-16,227.46
FLR-ACC-106909,Aisha Taylor,Individual,NG,NGN,Tier3_Enhanced,2024-04-14,72.79
FLR-ACC-106910,Yetunde Green,Individual,NG,NGN,Tier1_Basic,2024-09-15,16.02
FLR-ACC-106911,Emeka Okoro,Individual,NG,NGN,Tier2_Verified,2023-07-10,84.53
FLR-ACC-106912,Emeka Okafor,Individual,GB,GBP,Tier1_Basic,2026-04-24,60.31
FLR-ACC-106913,Aisha Okoro,Individual,NG,NGN,Tier2_Verified,2024-01-24,51.17
FLR-ACC-106914,Michael Johnson,Individual,US,USD,Tier1_Basic,2026-08-12,41.9
FLR-ACC-106915,Sunrise Logistics Ltd,Business,GB,GBP,Tier3_Enhanced,2024-06-04,314.8
FLR-ACC-106916,Tunde Adekunle,Individual,GB,GBP,Tier2_Verified,2026-05-22,63.74
FLR-ACC-106917,Aisha Green,Individual,NG,NGN,Tier2_Verified,2024-03-29,83.64
FLR-ACC-106918,Ifeoma Obi,Individual,NG,NGN,Tier3_Enhanced,2025-12-17,111.91
FLR-ACC-106919,Grace Okoro,Individual,NG,NGN,Tier1_Basic,2026-04-03,78.71
FLR-ACC-106920,Laura Yusuf,Individual,NG,NGN,Tier1_Basic,2026-07-25,101.04
FLR-ACC-106921,Ruth Hassan,Individual,NG,NGN,Tier3_Enhanced,2025-04-12,176.52
FLR-ACC-106922,David Hassan,Individual,DE,EUR,Tier1_Basic,2025-06-24,273.79
FLR-ACC-106923,Aisha Williams,Individual,NG,NGN,Tier2_Verified,2025-08-05,35.56
FLR-ACC-106924,Mary Brown,Individual,NG,NGN,Tier2_Verified,2025-11-25,121.0
FLR-ACC-106925,Tunde Smith,Individual,NG,NGN,Tier1_Basic,2025-07-08,290.71
FLR-ACC-106926,Silverline Media LLC,Business,DE,EUR,Tier2_Verified,2023-11-22,886.6
FLR-ACC-106927,Amaka Adeyemi,Individual,NG,NGN,Tier2_Verified,2024-12-21,164.21
FLR-ACC-106928,John Ibrahim,Individual,NG,NGN,Tier2_Verified,2025-11-15,22.8
FLR-ACC-106929,Prime Textiles Inc,Business,DE,EUR,Tier3_Enhanced,2024-10-13,2048.89
FLR-ACC-106930,Funke Yusuf,Individual,US,USD,Tier3_Enhanced,2025-03-01,33.34
FLR-ACC-106931,Aisha Yusuf,Individual,NG,NGN,Tier2_Verified,2025-12-05,21.18
FLR-ACC-106932,Ngozi Green,Individual,NG,NGN,Tier2_Verified,2025-02-07,70.74
FLR-ACC-106933,Aisha Williams,Individual,DE,EUR,Tier1_Basic,2025-12-01,24.49
FLR-ACC-106934,Chuka Brown,Individual,NG,NGN,Tier2_Verified,2023-11-07,105.25
FLR-ACC-106935,Ben Brown,Individual,NG,NGN,Tier3_Enhanced,2023-01-27,31.19
FLR-ACC-106936,Metro Builders Ltd,Business,DE,EUR,Tier1_Basic,2026-04-21,48.52
FLR-ACC-106937,Musa Adekunle,Individual,NG,NGN,Tier1_Basic,2025-08-01,44.65
FLR-ACC-106938,Daniel Obi,Individual,NG,NGN,Tier2_Verified,2025-04-28,71.36
FLR-ACC-106939,James Ibrahim,Individual,NG,NGN,Tier2_Verified,2025-09-25,51.0
FLR-ACC-106940,Prime Foods LLC,Business,US,USD,Tier2_Verified,2026-02-11,387.49
FLR-ACC-106941,Laura Adekunle,Individual,NG,NGN,Tier3_Enhanced,2025-12-27,58.21
FLR-ACC-106942,James Eze,Individual,NG,NGN,Tier3_Enhanced,2025-04-07,31.73
FLR-ACC-106943,Yetunde Brown,Individual,FR,EUR,Tier2_Verified,2025-06-13,41.75
FLR-ACC-106944,Mary Chukwu,Individual,US,USD,Tier2_Verified,2024-03-07,18.81
FLR-ACC-106945,Chuka Okoro,Individual,GB,GBP,Tier1_Basic,2025-05-14,34.02
FLR-ACC-106946,Sunrise Trading LLC,Business,US,USD,Tier3_Enhanced,2025-08-20,1430.35
FLR-ACC-106947,Peter Fashola,Individual,NG,NGN,Tier2_Verified,2024-03-18,147.1
FLR-ACC-106948,Greenfield Media Ltd,Business,NG,NGN,Tier2_Verified,2026-06-08,220.58
FLR-ACC-106949,James Chukwu,Individual,NG,NGN,Tier1_Basic,2022-10-01,84.74
FLR-ACC-106950,Greenfield Retail LLC,Business,NG,NGN,Tier3_Enhanced,2025-01-30,332.53
FLR-ACC-106951,Kunle Williams,Individual,NG,NGN,Tier2_Verified,2023-11-04,18.94
FLR-ACC-106952,Bluewave Textiles Co.,Business,NG,NGN,Tier3_Enhanced,2024-11-09,370.36
FLR-ACC-106953,Blessing Taylor,Individual,FR,EUR,Tier2_Verified,2025-06-19,13.68
FLR-ACC-106954,John Johnson,Individual,NG,NGN,Tier2_Verified,2024-05-11,77.86
FLR-ACC-106955,Silverline Textiles Ltd,Business,US,USD,Tier1_Basic,2025-05-25,379.23
FLR-ACC-106956,Metro Technologies Co.,Business,NG,NGN,Tier3_Enhanced,2025-04-11,101.02
FLR-ACC-106957,Ben Brown,Individual,NG,NGN,Tier2_Verified,2025-12-13,129.85
FLR-ACC-106958,Apex Logistics LLC,Business,US,USD,Tier2_Verified,2025-11-26,301.81
FLR-ACC-106959,Silverline Textiles Co.,Business,US,USD,Tier3_Enhanced,2025-01-23,506.89
FLR-ACC-106960,Prime Foods Inc,Business,NG,NGN,Tier3_Enhanced,2024-08-07,223.32
FLR-ACC-106961,Kunle Ibrahim,Individual,NG,NGN,Tier2_Verified,2026-04-28,23.49
FLR-ACC-106962,Bluewave Textiles Co.,Business,GB,GBP,Tier1_Basic,2025-06-11,236.58
FLR-ACC-106963,Bluewave Technologies Inc,Business,NG,NGN,Tier2_Verified,2024-12-07,160.6
FLR-ACC-106964,Metro Retail Ltd,Business,GB,GBP,Tier1_Basic,2026-06-16,1236.95
FLR-ACC-106965,John Smith,Individual,GB,GBP,Tier2_Verified,2026-06-02,45.02
FLR-ACC-106966,Ifeoma Williams,Individual,FR,EUR,Tier3_Enhanced,2024-01-18,27.39
FLR-ACC-106967,Sunrise Ventures Inc,Business,NG,NGN,Tier3_Enhanced,2024-06-07,277.69
FLR-ACC-106968,Urban Retail Ltd,Business,NG,NGN,Tier1_Basic,2026-01-20,466.99
FLR-ACC-106969,Laura Balogun,Individual,FR,EUR,Tier2_Verified,2024-10-31,10.75
FLR-ACC-106970,Michael Eze,Individual,US,USD,Tier3_Enhanced,2024-07-22,113.57
FLR-ACC-106971,Silverline Textiles Ltd,Business,GB,GBP,Tier2_Verified,2025-07-06,1171.04
FLR-ACC-106972,Metro Retail LLC,Business,GB,GBP,Tier1_Basic,2023-09-12,235.61
FLR-ACC-106973,Ben Adeyemi,Individual,US,USD,Tier2_Verified,2025-08-07,78.29
FLR-ACC-106974,Daniel Obi,Individual,NG,NGN,Tier2_Verified,2025-05-27,44.02
FLR-ACC-106975,Emeka Chukwu,Individual,NG,NGN,Tier3_Enhanced,2024-07-03,94.8
FLR-ACC-106976,Amaka Williams,Individual,GB,GBP,Tier3_Enhanced,2023-09-24,59.59
FLR-ACC-106977,Blessing Green,Individual,FR,EUR,Tier2_Verified,2024-07-08,77.02
FLR-ACC-106978,Global Ventures LLC,Business,NG,NGN,Tier2_Verified,2024-11-09,433.41
FLR-ACC-106979,Ruth Williams,Individual,GB,GBP,Tier3_Enhanced,2026-01-13,78.43
FLR-ACC-106980,Aisha Chukwu,Individual,NG,NGN,Tier2_Verified,2025-05-17,40.4
FLR-ACC-106981,Metro Consulting Co.,Business,FR,EUR,Tier2_Verified,2024-05-12,520.11
FLR-ACC-106982,Grace Hassan,Individual,NG,NGN,Tier3_Enhanced,2026-03-08,85.95
FLR-ACC-106983,Tunde Adeyemi,Individual,US,USD,Tier3_Enhanced,2023-12-04,54.67
FLR-ACC-106984,Silverline Consulting Co.,Business,DE,EUR,Tier1_Basic,2026-06-21,1057.29
FLR-ACC-106985,Sunrise Technologies Inc,Business,NG,NGN,Tier2_Verified,2023-09-29,565.41
FLR-ACC-106986,Emeka Balogun,Individual,NG,NGN,Tier2_Verified,2025-05-14,24.43
FLR-ACC-106987,Greenfield Retail Inc,Business,NG,NGN,Tier2_Verified,2024-08-09,195.07
FLR-ACC-106988,Chuka Balogun,Individual,US,USD,Tier1_Basic,2026-02-01,146.38
FLR-ACC-106989,Blessing Yusuf,Individual,NG,NGN,Tier3_Enhanced,2026-03-23,68.27
FLR-ACC-106990,Greenfield Trading LLC,Business,NG,NGN,Tier2_Verified,2025-07-10,521.65
FLR-ACC-106991,Ifeoma Williams,Individual,GB,GBP,Tier2_Verified,2024-05-11,48.96
FLR-ACC-106992,Daniel Obi,Individual,NG,NGN,Tier3_Enhanced,2022-09-29,36.52
FLR-ACC-106993,Peter Taylor,Individual,NG,NGN,Tier1_Basic,2023-03-07,19.38
FLR-ACC-106994,Ngozi Taylor,Individual,NG,NGN,Tier3_Enhanced,2024-06-01,83.66
FLR-ACC-106995,Michael Bello,Individual,US,USD,Tier3_Enhanced,2024-01-15,20.96
FLR-ACC-106996,Kemi Adeyemi,Individual,GB,GBP,Tier2_Verified,2024-04-14,21.86
FLR-ACC-106997,North Consulting Co.,Business,GB,GBP,Tier3_Enhanced,2024-12-12,273.53
FLR-ACC-106998,Sarah Hassan,Individual,NG,NGN,Tier3_Enhanced,2025-02-09,69.73
FLR-ACC-106999,Grace Ibrahim,Individual,FR,EUR,Tier2_Verified,2025-07-20,22.7
FLR-ACC-107000,Ben Williams,Individual,NG,NGN,Tier2_Verified,2024-06-09,36.7
FLR-ACC-107001,Yetunde Taylor,Individual,US,USD,Tier2_Verified,2025-04-20,57.68
FLR-ACC-107002,Sarah Nwosu,Individual,DE,EUR,Tier3_Enhanced,2026-02-05,18.05
FLR-ACC-107003,North Retail Inc,Business,GB,GBP,Tier3_Enhanced,2024-01-26,294.75
FLR-ACC-107004,Silverline Logistics Inc,Business,US,USD,Tier1_Basic,2025-06-12,63.57
FLR-ACC-107005,Urban Foods LLC,Business,NG,NGN,Tier3_Enhanced,2023-06-03,3677.75
FLR-ACC-107006,Urban Foods Co.,Business,NG,NGN,Tier1_Basic,2026-04-16,291.48
FLR-ACC-107007,Sunrise Logistics LLC,Business,DE,EUR,Tier3_Enhanced,2024-10-25,379.2
FLR-ACC-107008,Chidi Okoro,Individual,NG,NGN,Tier2_Verified,2025-05-15,39.92
FLR-ACC-107009,Urban Consulting Inc,Business,US,USD,Tier1_Basic,2024-11-14,467.3
FLR-ACC-107010,Urban Logistics Inc,Business,FR,EUR,Tier3_Enhanced,2022-07-28,699.61
FLR-ACC-107011,Global Retail Inc,Business,US,USD,Tier2_Verified,2024-07-25,529.55
FLR-ACC-107012,Ruth Ibrahim,Individual,DE,EUR,Tier2_Verified,2026-01-16,19.11
FLR-ACC-107013,Chuka Taylor,Individual,GB,GBP,Tier3_Enhanced,2024-06-16,96.29
FLR-ACC-107014,Aisha Yusuf,Individual,NG,NGN,Tier3_Enhanced,2025-03-02,79.71
FLR-ACC-107015,David Obi,Individual,NG,NGN,Tier2_Verified,2025-12-17,26.8
FLR-ACC-107016,Apex Consulting Inc,Business,NG,NGN,Tier3_Enhanced,2025-09-20,227.69
FLR-ACC-107017,Michael Williams,Individual,GB,GBP,Tier3_Enhanced,2022-08-08,184.62
FLR-ACC-107018,Emeka Nwosu,Individual,NG,NGN,Tier1_Basic,2024-04-02,117.97
FLR-ACC-107019,Emeka Okafor,Individual,NG,NGN,Tier3_Enhanced,2025-05-26,59.31
FLR-ACC-107020,Tobi Brown,Individual,NG,NGN,Tier3_Enhanced,2025-01-13,115.85
FLR-ACC-107021,Aisha Nwosu,Individual,US,USD,Tier3_Enhanced,2025-09-12,69.2
FLR-ACC-107022,Tobi Brown,Individual,FR,EUR,Tier3_Enhanced,2024-01-03,53.84
FLR-ACC-107023,North Foods Co.,Business,NG,NGN,Tier3_Enhanced,2024-07-30,639.91
FLR-ACC-107024,Global Ventures Ltd,Business,FR,EUR,Tier2_Verified,2023-08-24,1957.04
FLR-ACC-107025,Sunrise Retail Co.,Business,NG,NGN,Tier2_Verified,2022-12-03,633.66
FLR-ACC-107026,James Johnson,Individual,FR,EUR,Tier2_Verified,2026-05-19,37.68
FLR-ACC-107027,Grace Adeyemi,Individual,NG,NGN,Tier3_Enhanced,2025-11-03,53.51
FLR-ACC-107028,Bluewave Retail Ltd,Business,US,USD,Tier2_Verified,2024-11-28,345.13
FLR-ACC-107029,Ben Fashola,Individual,NG,NGN,Tier2_Verified,2025-08-11,294.66
FLR-ACC-107030,Olu Brown,Individual,NG,NGN,Tier2_Verified,2024-11-22,137.99
FLR-ACC-107031,Peter Balogun,Individual,NG,NGN,Tier3_Enhanced,2023-12-26,39.3
FLR-ACC-107032,Global Builders Inc,Business,GB,GBP,Tier3_Enhanced,2023-12-08,127.79
FLR-ACC-107033,Prime Technologies Co.,Business,US,USD,Tier3_Enhanced,2024-07-01,399.68
FLR-ACC-107034,Prime Foods Co.,Business,DE,EUR,Tier3_Enhanced,2023-06-13,713.28
FLR-ACC-107035,Sarah Taylor,Individual,US,USD,Tier1_Basic,2025-09-20,82.31
FLR-ACC-107036,Metro Retail Inc,Business,NG,NGN,Tier3_Enhanced,2024-08-05,2802.35
FLR-ACC-107037,Emeka Yusuf,Individual,FR,EUR,Tier1_Basic,2025-06-21,42.5
FLR-ACC-107038,Emeka Adekunle,Individual,US,USD,Tier2_Verified,2025-01-29,50.46
FLR-ACC-107039,David Fashola,Individual,NG,NGN,Tier3_Enhanced,2024-01-14,128.38
FLR-ACC-107040,Urban Textiles Inc,Business,GB,GBP,Tier3_Enhanced,2024-11-20,110.22
FLR-ACC-107041,Laura Smith,Individual,US,USD,Tier1_Basic,2026-06-28,46.55
FLR-ACC-107042,Amaka Nwosu,Individual,FR,EUR,Tier3_Enhanced,2025-03-29,119.0
FLR-ACC-107043,Kunle Eze,Individual,US,USD,Tier3_Enhanced,2023-06-15,83.88
FLR-ACC-107044,Laura Okoro,Individual,DE,EUR,Tier3_Enhanced,2025-04-13,60.03
FLR-ACC-107045,Sunrise Trading Co.,Business,GB,GBP,Tier2_Verified,2024-06-13,212.82
FLR-ACC-107046,Femi Adekunle,Individual,US,USD,Tier1_Basic,2024-09-06,43.84
FLR-ACC-107047,Chuka Okafor,Individual,NG,NGN,Tier3_Enhanced,2023-12-29,118.83
FLR-ACC-107048,Tunde Chukwu,Individual,NG,NGN,Tier2_Verified,2022-08-16,41.75
FLR-ACC-107049,Mary Balogun,Individual,NG,NGN,Tier1_Basic,2024-05-21,23.4
FLR-ACC-107050,Bluewave Consulting LLC,Business,FR,EUR,Tier1_Basic,2026-08-06,750.19
FLR-ACC-107051,Chidi Smith,Individual,DE,EUR,Tier3_Enhanced,2023-04-26,23.52
FLR-ACC-107052,Ifeoma Adeyemi,Individual,NG,NGN,Tier3_Enhanced,2024-04-30,20.96
FLR-ACC-107053,James Taylor,Individual,NG,NGN,Tier2_Verified,2025-06-30,48.96
FLR-ACC-107054,North Builders Co.,Business,NG,NGN,Tier3_Enhanced,2025-04-15,324.02
FLR-ACC-107055,Amaka Fashola,Individual,NG,NGN,Tier2_Verified,2024-11-24,138.75
FLR-ACC-107056,Tobi Obi,Individual,NG,NGN,Tier1_Basic,2026-03-29,40.61
FLR-ACC-107057,Ngozi Johnson,Individual,NG,NGN,Tier2_Verified,2026-06-03,11.28
FLR-ACC-107058,Metro Media Ltd,Business,NG,NGN,Tier3_Enhanced,2023-08-03,917.01
FLR-ACC-107059,Silverline Retail Inc,Business,NG,NGN,Tier3_Enhanced,2025-01-24,685.96
FLR-ACC-107060,Chioma Okafor,Individual,NG,NGN,Tier2_Verified,2023-03-23,28.35
FLR-ACC-107061,Femi Obi,Individual,GB,GBP,Tier1_Basic,2024-01-21,19.55
FLR-ACC-107062,Sarah Balogun,Individual,NG,NGN,Tier3_Enhanced,2024-09-22,267.83
FLR-ACC-107063,Peter Brown,Individual,NG,NGN,Tier2_Verified,2024-06-27,85.24
FLR-ACC-107064,Prime Retail Co.,Business,US,USD,Tier2_Verified,2023-07-10,343.06
FLR-ACC-107065,Global Logistics Co.,Business,NG,NGN,Tier2_Verified,2026-06-14,1176.03
FLR-ACC-107066,Prime Trading Co.,Business,US,USD,Tier3_Enhanced,2025-07-07,227.77
FLR-ACC-107067,Femi Adeyemi,Individual,NG,NGN,Tier3_Enhanced,2025-04-15,54.48
FLR-ACC-107068,Blessing Obi,Individual,NG,NGN,Tier3_Enhanced,2024-12-20,44.17
FLR-ACC-107069,Global Ventures LLC,Business,US,USD,Tier3_Enhanced,2024-12-04,322.78
FLR-ACC-107070,Tunde Adeyemi,Individual,NG,NGN,Tier2_Verified,2025-06-16,66.47
FLR-ACC-107071,Chuka Okoro,Individual,DE,EUR,Tier3_Enhanced,2023-08-07,115.89
FLR-ACC-107072,Musa Chukwu,Individual,GB,GBP,Tier2_Verified,2024-01-06,36.27
FLR-ACC-107073,Urban Textiles Inc,Business,US,USD,Tier2_Verified,2025-07-03,367.31
FLR-ACC-107074,Amaka Chukwu,Individual,NG,NGN,Tier2_Verified,2023-08-05,80.44
FLR-ACC-107075,Greenfield Foods LLC,Business,NG,NGN,Tier1_Basic,2025-12-10,115.09
FLR-ACC-107076,Aisha Nwosu,Individual,NG,NGN,Tier2_Verified,2023-08-22,38.74
FLR-ACC-107077,North Logistics Inc,Business,NG,NGN,Tier2_Verified,2025-07-08,205.41
FLR-ACC-107078,Emeka Obi,Individual,GB,GBP,Tier2_Verified,2026-01-22,111.33
FLR-ACC-107079,Tunde Johnson,Individual,DE,EUR,Tier2_Verified,2026-04-15,46.68
FLR-ACC-107080,Tobi Balogun,Individual,US,USD,Tier2_Verified,2025-03-31,110.25
FLR-ACC-107081,Peter Yusuf,Individual,GB,GBP,Tier1_Basic,2026-06-27,12.6
FLR-ACC-107082,Mary Adeyemi,Individual,NG,NGN,Tier2_Verified,2022-12-27,147.44
FLR-ACC-107083,Global Foods Co.,Business,GB,GBP,Tier2_Verified,2025-09-14,501.76
FLR-ACC-107084,Apex Technologies LLC,Business,GB,GBP,Tier2_Verified,2023-11-15,138.12
FLR-ACC-107085,Kemi Johnson,Individual,NG,NGN,Tier1_Basic,2025-07-17,72.85
FLR-ACC-107086,Mary Eze,Individual,US,USD,Tier3_Enhanced,2024-10-08,169.84
FLR-ACC-107087,Peter Okoro,Individual,US,USD,Tier3_Enhanced,2023-07-09,96.11
FLR-ACC-107088,Sarah Fashola,Individual,GB,GBP,Tier2_Verified,2025-06-09,46.06
FLR-ACC-107089,Sunrise Media Inc,Business,GB,GBP,Tier2_Verified,2025-11-19,378.0
FLR-ACC-107090,Chuka Ibrahim,Individual,NG,NGN,Tier1_Basic,2025-11-16,84.51
FLR-ACC-107091,Ruth Adeyemi,Individual,NG,NGN,Tier3_Enhanced,2025-02-27,33.37
FLR-ACC-107092,Emeka Nwosu,Individual,GB,GBP,Tier2_Verified,2024-02-27,136.18
FLR-ACC-107093,Prime Media Inc,Business,DE,EUR,Tier3_Enhanced,2023-07-21,805.22
FLR-ACC-107094,Grace Chukwu,Individual,NG,NGN,Tier2_Verified,2024-01-27,87.44
FLR-ACC-107095,Funke Hassan,Individual,DE,EUR,Tier3_Enhanced,2022-03-15,26.94
FLR-ACC-107096,Femi Bello,Individual,GB,GBP,Tier2_Verified,2023-08-06,14.62
FLR-ACC-107097,Grace Williams,Individual,NG,NGN,Tier3_Enhanced,2022-07-12,105.6
FLR-ACC-107098,Sunrise Logistics Inc,Business,NG,NGN,Tier3_Enhanced,2024-02-20,475.78
FLR-ACC-107099,Sunrise Media Ltd,Business,US,USD,Tier2_Verified,2022-09-12,168.68
FLR-ACC-107100,Peter Green,Individual,US,USD,Tier1_Basic,2025-06-20,80.03
FLR-ACC-107101,North Textiles Co.,Business,NG,NGN,Tier2_Verified,2023-06-29,1001.49
FLR-ACC-107102,Ben Smith,Individual,GB,GBP,Tier3_Enhanced,2026-02-13,88.59
FLR-ACC-107103,Ruth Eze,Individual,DE,EUR,Tier2_Verified,2025-05-06,38.48
FLR-ACC-107104,Prime Technologies Ltd,Business,NG,NGN,Tier2_Verified,2025-11-11,130.64
FLR-ACC-107105,Aisha Taylor,Individual,NG,NGN,Tier3_Enhanced,2022-11-09,79.7
FLR-ACC-107106,Chidi Chukwu,Individual,NG,NGN,Tier1_Basic,2026-08-17,241.53
FLR-ACC-107107,Sarah Hassan,Individual,NG,NGN,Tier2_Verified,2023-11-24,90.77
FLR-ACC-107108,Silverline Retail LLC,Business,NG,NGN,Tier1_Basic,2024-02-25,958.4
FLR-ACC-107109,Kemi Bello,Individual,NG,NGN,Tier3_Enhanced,2025-01-18,38.57
FLR-ACC-107110,Yetunde Taylor,Individual,GB,GBP,Tier3_Enhanced,2023-12-01,46.16
FLR-ACC-107111,Aisha Adeyemi,Individual,NG,NGN,Tier2_Verified,2025-01-28,21.2
FLR-ACC-107112,David Williams,Individual,DE,EUR,Tier3_Enhanced,2025-01-19,189.56
FLR-ACC-107113,Mary Johnson,Individual,NG,NGN,Tier2_Verified,2025-06-30,139.39
FLR-ACC-107114,Ifeoma Green,Individual,US,USD,Tier2_Verified,2025-06-03,69.51
FLR-ACC-107115,David Eze,Individual,FR,EUR,Tier3_Enhanced,2025-08-30,25.15
FLR-ACC-107116,Laura Eze,Individual,NG,NGN,Tier2_Verified,2025-02-22,53.57
FLR-ACC-107117,Femi Chukwu,Individual,US,USD,Tier1_Basic,2025-12-31,55.59
FLR-ACC-107118,Silverline Trading Inc,Business,NG,NGN,Tier1_Basic,2025-03-27,780.38
FLR-ACC-107119,Musa Okoro,Individual,US,USD,Tier2_Verified,2022-07-28,39.08
FLR-ACC-107120,Global Builders Co.,Business,NG,NGN,Tier2_Verified,2025-05-31,470.03
FLR-ACC-107121,Peter Nwosu,Individual,NG,NGN,Tier2_Verified,2026-05-28,98.33
FLR-ACC-107122,James Obi,Individual,NG,NGN,Tier2_Verified,2026-04-05,66.71
FLR-ACC-107123,Femi Taylor,Individual,NG,NGN,Tier2_Verified,2026-06-10,134.52
FLR-ACC-107124,Emeka Bello,Individual,NG,NGN,Tier3_Enhanced,2026-03-27,28.9
FLR-ACC-107125,Chioma Adeyemi,Individual,NG,NGN,Tier3_Enhanced,2023-01-05,24.59
FLR-ACC-107126,Emeka Nwosu,Individual,US,USD,Tier2_Verified,2024-07-09,71.14
FLR-ACC-107127,Musa Adeyemi,Individual,FR,EUR,Tier3_Enhanced,2024-06-20,97.66
FLR-ACC-107128,Silverline Technologies LLC,Business,NG,NGN,Tier1_Basic,2026-04-28,1352.39
FLR-ACC-107129,Olu Smith,Individual,NG,NGN,Tier2_Verified,2023-04-11,32.44
FLR-ACC-107130,Blessing Ibrahim,Individual,NG,NGN,Tier3_Enhanced,2025-12-04,41.07
FLR-ACC-107131,Prime Textiles Ltd,Business,NG,NGN,Tier2_Verified,2025-08-10,468.06
FLR-ACC-107132,Chioma Nwosu,Individual,US,USD,Tier2_Verified,2023-11-01,19.15
FLR-ACC-107133,North Technologies Ltd,Business,FR,EUR,Tier3_Enhanced,2023-09-22,263.44
FLR-ACC-107134,Daniel Adekunle,Individual,GB,GBP,Tier1_Basic,2025-03-04,49.23
FLR-ACC-107135,Daniel Bello,Individual,NG,NGN,Tier1_Basic,2025-08-02,65.58
FLR-ACC-107136,Global Media LLC,Business,NG,NGN,Tier3_Enhanced,2025-12-13,232.52
FLR-ACC-107137,Chidi Ibrahim,Individual,US,USD,Tier1_Basic,2025-08-18,74.57
FLR-ACC-107138,Chidi Brown,Individual,NG,NGN,Tier2_Verified,2025-03-31,29.48
FLR-ACC-107139,Grace Eze,Individual,GB,GBP,Tier3_Enhanced,2024-01-23,20.64
FLR-ACC-107140,Ifeoma Nwosu,Individual,NG,NGN,Tier3_Enhanced,2025-03-23,55.46
FLR-ACC-107141,Musa Balogun,Individual,NG,NGN,Tier3_Enhanced,2025-02-12,25.44
FLR-ACC-107142,Emeka Johnson,Individual,US,USD,Tier2_Verified,2025-05-09,28.32
FLR-ACC-107143,Chioma Brown,Individual,US,USD,Tier2_Verified,2024-02-18,60.89
FLR-ACC-107144,Sunrise Textiles LLC,Business,NG,NGN,Tier2_Verified,2025-05-20,289.15
FLR-ACC-107145,North Ventures Inc,Business,GB,GBP,Tier3_Enhanced,2025-08-11,508.1
FLR-ACC-107146,Apex Media Co.,Business,NG,NGN,Tier2_Verified,2025-07-22,1025.99
FLR-ACC-107147,John Adekunle,Individual,NG,NGN,Tier2_Verified,2024-05-18,29.53
FLR-ACC-107148,Yetunde Fashola,Individual,NG,NGN,Tier3_Enhanced,2026-01-01,37.0
FLR-ACC-107149,Silverline Media Inc,Business,US,USD,Tier2_Verified,2023-11-26,450.87
FLR-ACC-107150,Sunrise Retail LLC,Business,DE,EUR,Tier2_Verified,2025-07-18,527.39
FLR-ACC-107151,North Technologies Co.,Business,US,USD,Tier2_Verified,2024-01-21,400.07
FLR-ACC-107152,Yetunde Johnson,Individual,NG,NGN,Tier1_Basic,2026-03-30,31.69
FLR-ACC-107153,Musa Chukwu,Individual,DE,EUR,Tier1_Basic,2026-04-18,50.25
FLR-ACC-107154,Ifeoma Eze,Individual,NG,NGN,Tier2_Verified,2025-03-01,45.92
FLR-ACC-107155,Sunrise Ventures LLC,Business,NG,NGN,Tier3_Enhanced,2025-01-17,271.75
FLR-ACC-107156,Sunrise Consulting Ltd,Business,US,USD,Tier2_Verified,2023-10-25,382.31
FLR-ACC-107157,Kemi Nwosu,Individual,DE,EUR,Tier2_Verified,2024-09-10,32.75
FLR-ACC-107158,Kemi Bello,Individual,US,USD,Tier2_Verified,2025-10-18,56.02
FLR-ACC-107159,Prime Retail LLC,Business,NG,NGN,Tier2_Verified,2024-05-09,205.83
FLR-ACC-107160,Emeka Hassan,Individual,US,USD,Tier3_Enhanced,2024-06-05,61.41
FLR-ACC-107161,Laura Nwosu,Individual,NG,NGN,Tier3_Enhanced,2025-02-10,173.26
FLR-ACC-107162,Chidi Williams,Individual,NG,NGN,Tier2_Verified,2025-04-10,17.43
FLR-ACC-107163,John Smith,Individual,GB,GBP,Tier2_Verified,2025-01-06,65.69
FLR-ACC-107164,Chidi Bello,Individual,NG,NGN,Tier3_Enhanced,2024-11-14,20.01
FLR-ACC-107165,Blessing Fashola,Individual,NG,NGN,Tier1_Basic,2026-01-03,51.07
FLR-ACC-107166,Ruth Hassan,Individual,GB,GBP,Tier2_Verified,2023-08-06,29.5
FLR-ACC-107167,Bluewave Media Inc,Business,US,USD,Tier2_Verified,2024-03-31,261.06
FLR-ACC-107168,Sunrise Consulting Co.,Business,NG,NGN,Tier2_Verified,2024-04-05,541.45
FLR-ACC-107169,Kunle Williams,Individual,US,USD,Tier2_Verified,2025-05-29,61.97
FLR-ACC-107170,Prime Technologies Inc,Business,NG,NGN,Tier3_Enhanced,2024-01-11,387.01
FLR-ACC-107171,Yetunde Okafor,Individual,DE,EUR,Tier2_Verified,2025-02-28,55.57
FLR-ACC-107172,Musa Green,Individual,NG,NGN,Tier1_Basic,2024-11-21,114.74
FLR-ACC-107173,Prime Textiles Inc,Business,US,USD,Tier3_Enhanced,2023-11-25,565.43
FLR-ACC-107174,North Foods Ltd,Business,GB,GBP,Tier3_Enhanced,2023-11-08,509.9
FLR-ACC-107175,Metro Foods Inc,Business,NG,NGN,Tier2_Verified,2025-09-15,623.31
FLR-ACC-107176,Blessing Ibrahim,Individual,NG,NGN,Tier3_Enhanced,2024-08-11,36.85
FLR-ACC-107177,Michael Fashola,Individual,GB,GBP,Tier2_Verified,2026-07-11,119.09
FLR-ACC-107178,Chioma Brown,Individual,NG,NGN,Tier1_Basic,2023-10-09,33.66
FLR-ACC-107179,Ifeoma Fashola,Individual,NG,NGN,Tier3_Enhanced,2025-01-08,57.63
FLR-ACC-107180,Bluewave Media Inc,Business,US,USD,Tier2_Verified,2024-07-29,879.0
FLR-ACC-107181,David Johnson,Individual,US,USD,Tier2_Verified,2024-12-18,41.94
FLR-ACC-107182,Peter Adeyemi,Individual,FR,EUR,Tier3_Enhanced,2024-10-02,79.51
FLR-ACC-107183,Chuka Nwosu,Individual,US,USD,Tier2_Verified,2026-01-19,35.85
FLR-ACC-107184,North Technologies Co.,Business,NG,NGN,Tier2_Verified,2026-05-08,372.54
FLR-ACC-107185,Yetunde Chukwu,Individual,US,USD,Tier1_Basic,2024-11-20,7.6
FLR-ACC-107186,Yetunde Fashola,Individual,DE,EUR,Tier1_Basic,2025-04-14,102.04
FLR-ACC-107187,Amaka Eze,Individual,NG,NGN,Tier2_Verified,2025-08-15,113.31
FLR-ACC-107188,Greenfield Ventures Co.,Business,NG,NGN,Tier3_Enhanced,2024-08-18,1179.61
FLR-ACC-107189,Sarah Yusuf,Individual,NG,NGN,Tier2_Verified,2022-08-19,166.81
FLR-ACC-107190,Chuka Green,Individual,NG,NGN,Tier1_Basic,2024-10-08,88.47
FLR-ACC-107191,Tunde Smith,Individual,NG,NGN,Tier3_Enhanced,2024-07-09,43.25
FLR-ACC-107192,Kunle Adeyemi,Individual,NG,NGN,Tier2_Verified,2025-12-24,153.01
FLR-ACC-107193,Chuka Nwosu,Individual,NG,NGN,Tier3_Enhanced,2026-06-21,154.71
FLR-ACC-107194,Femi Fashola,Individual,NG,NGN,Tier2_Verified,2025-08-29,39.84
FLR-ACC-107195,Amaka Balogun,Individual,NG,NGN,Tier1_Basic,2024-12-07,17.98
FLR-ACC-107196,Sarah Chukwu,Individual,US,USD,Tier1_Basic,2025-08-20,63.61
FLR-ACC-107197,Metro Textiles Ltd,Business,GB,GBP,Tier3_Enhanced,2024-08-21,1617.25
FLR-ACC-107198,Aisha Adekunle,Individual,US,USD,Tier2_Verified,2023-05-13,28.02
FLR-ACC-107199,Peter Taylor,Individual,FR,EUR,Tier2_Verified,2024-04-15,153.79
